fold,session_id,condition,t_s,score
0,S001_normal_s,normal,0,22.5
0,S001_normal_s,normal,1,22.6
0,S001_normal_s,normal,2,22.2
0,S001_normal_s,normal,3,22.2
0,S001_normal_s,normal,4,22.7
0,S001_normal_s,normal,5,22.0
0,S001_normal_s,normal,6,22.2
0,S001_normal_s,normal,7,22.1
0,S001_normal_s,normal,8,22.4
0,S001_normal_s,normal,9,22.6
0,S001_normal_s,normal,10,22.5
0,S001_normal_s,normal,11,22.3
0,S001_normal_s,normal,12,22.4
0,S001_normal_s,normal,13,22.2
0,S001_normal_s,normal,14,22.2
0,S001_normal_s,normal,15,22.5
0,S001_normal_s,normal,16,22.4
0,S001_normal_s,normal,17,22.4
0,S001_normal_s,normal,18,22.5
0,S001_normal_s,normal,19,22.2
0,S001_normal_s,normal,20,22.3
0,S001_normal_s,normal,21,22.3
0,S001_normal_s,normal,22,22.2
0,S001_normal_s,normal,23,22.6
0,S001_normal_s,normal,24,22.5
0,S001_normal_s,normal,25,22.5
0,S001_normal_s,normal,26,22.3
0,S001_normal_s,normal,27,22.2
0,S001_normal_s,normal,28,22.6
0,S001_normal_s,normal,29,22.6
0,S001_normal_s,normal,30,22.6
0,S001_normal_s,normal,31,22.8
0,S001_normal_s,normal,32,22.4
0,S001_normal_s,normal,33,22.5
0,S001_normal_s,normal,34,22.6
0,S001_normal_s,normal,35,22.3
0,S001_normal_s,normal,36,22.5
0,S001_normal_s,normal,37,22.3
0,S001_normal_s,normal,38,22.4
0,S001_normal_s,normal,39,22.4
0,S001_normal_s,normal,40,22.4
0,S001_normal_s,normal,41,22.3
0,S001_normal_s,normal,42,22.2
0,S001_normal_s,normal,43,22.4
0,S001_normal_s,normal,44,22.3
0,S001_normal_s,normal,45,22.3
0,S001_normal_s,normal,46,22.7
0,S001_normal_s,normal,47,22.5
0,S001_normal_s,normal,48,22.6
0,S001_normal_s,normal,49,22.3
0,S001_normal_s,normal,50,22.4
0,S001_normal_s,normal,51,22.8
0,S001_normal_s,normal,52,22.4
0,S001_normal_s,normal,53,22.2
0,S001_normal_s,normal,54,22.9
0,S001_normal_s,normal,55,22.6
0,S001_normal_s,normal,56,22.4
0,S001_normal_s,normal,57,22.6
0,S001_normal_s,normal,58,22.5
0,S001_normal_s,normal,59,22.5
0,S001_normal_s,normal,60,22.7
0,S001_normal_s,normal,61,22.4
0,S001_normal_s,normal,62,22.4
0,S001_normal_s,normal,63,22.5
0,S001_normal_s,normal,64,22.5
0,S001_normal_s,normal,65,23.0
0,S001_normal_s,normal,66,22.7
0,S001_normal_s,normal,67,22.2
0,S001_normal_s,normal,68,22.6
0,S001_normal_s,normal,69,22.9
0,S001_normal_s,normal,70,22.4
0,S001_normal_s,normal,71,22.8
0,S001_normal_s,normal,72,22.7
0,S001_normal_s,normal,73,22.6
0,S001_normal_s,normal,74,22.3
0,S001_normal_s,normal,75,22.4
0,S001_normal_s,normal,76,22.5
0,S001_normal_s,normal,77,22.7
0,S001_normal_s,normal,78,22.6
0,S001_normal_s,normal,79,22.5
0,S001_normal_s,normal,80,22.4
0,S001_normal_s,normal,81,22.7
0,S001_normal_s,normal,82,22.4
0,S001_normal_s,normal,83,22.4
0,S001_normal_s,normal,84,22.5
0,S001_normal_s,normal,85,22.4
0,S001_normal_s,normal,86,22.2
0,S001_normal_s,normal,87,22.8
0,S001_normal_s,normal,88,22.3
0,S001_normal_s,normal,89,22.7
0,S001_normal_s,normal,90,22.6
0,S001_normal_s,normal,91,22.5
0,S001_normal_s,normal,92,23.0
0,S001_normal_s,normal,93,22.2
0,S001_normal_s,normal,94,22.9
0,S001_normal_s,normal,95,22.6
0,S001_normal_s,normal,96,22.2
0,S001_normal_s,normal,97,22.5
0,S001_normal_s,normal,98,22.1
0,S001_normal_s,normal,99,22.2
0,S001_normal_s,normal,100,22.6
0,S001_normal_s,normal,101,22.9
0,S001_normal_s,normal,102,22.4
0,S001_normal_s,normal,103,22.7
0,S001_normal_s,normal,104,22.8
0,S001_normal_s,normal,105,22.5
0,S001_normal_s,normal,106,22.8
0,S001_normal_s,normal,107,22.3
0,S001_normal_s,normal,108,22.7
0,S001_normal_s,normal,109,22.6
0,S001_normal_s,normal,110,22.8
0,S001_normal_s,normal,111,22.6
0,S001_normal_s,normal,112,22.0
0,S001_normal_s,normal,113,22.7
0,S001_normal_s,normal,114,22.5
0,S001_normal_s,normal,115,22.7
0,S001_normal_s,normal,116,22.4
0,S001_normal_s,normal,117,22.5
0,S001_normal_s,normal,118,22.5
0,S001_normal_s,normal,119,22.5
0,S001_normal_s,normal,120,22.4
0,S001_normal_s,normal,121,22.5
0,S001_normal_s,normal,122,22.3
0,S001_normal_s,normal,123,22.9
0,S001_normal_s,normal,124,22.7
0,S001_normal_s,normal,125,22.6
0,S001_normal_s,normal,126,22.4
0,S001_normal_s,normal,127,22.7
0,S001_normal_s,normal,128,22.8
0,S001_normal_s,normal,129,22.5
0,S001_normal_s,normal,130,22.7
0,S001_normal_s,normal,131,22.6
0,S001_normal_s,normal,132,22.6
0,S001_normal_s,normal,133,22.7
0,S001_normal_s,normal,134,22.4
0,S001_normal_s,normal,135,22.8
0,S001_normal_s,normal,136,22.6
0,S001_normal_s,normal,137,22.4
0,S001_normal_s,normal,138,22.3
0,S001_normal_s,normal,139,22.6
0,S001_normal_s,normal,140,22.5
0,S001_normal_s,normal,141,22.8
0,S001_normal_s,normal,142,22.4
0,S001_normal_s,normal,143,22.2
0,S001_normal_s,normal,144,22.7
0,S001_normal_s,normal,145,22.7
0,S001_normal_s,normal,146,22.6
0,S001_normal_s,normal,147,22.4
0,S001_normal_s,normal,148,22.7
0,S001_normal_s,normal,149,22.5
0,S001_normal_s,normal,150,22.4
0,S001_normal_s,normal,151,22.4
0,S001_normal_s,normal,152,22.5
0,S001_normal_s,normal,153,22.2
0,S001_normal_s,normal,154,22.5
0,S001_normal_s,normal,155,22.6
0,S001_normal_s,normal,156,22.5
0,S001_normal_s,normal,157,22.7
0,S001_normal_s,normal,158,22.5
0,S001_normal_s,normal,159,23.2
0,S001_normal_s,normal,160,22.8
0,S001_normal_s,normal,161,22.8
0,S001_normal_s,normal,162,22.8
0,S001_normal_s,normal,163,22.4
0,S001_normal_s,normal,164,22.5
0,S001_normal_s,normal,165,22.5
0,S001_normal_s,normal,166,22.8
0,S001_normal_s,normal,167,22.4
0,S001_normal_s,normal,168,22.6
0,S001_normal_s,normal,169,22.5
0,S001_normal_s,normal,170,22.5
0,S001_normal_s,normal,171,22.4
0,S001_normal_s,normal,172,22.5
0,S001_normal_s,normal,173,22.9
0,S001_normal_s,normal,174,22.7
0,S001_normal_s,normal,175,22.2
0,S001_normal_s,normal,176,22.9
0,S001_normal_s,normal,177,22.4
0,S001_normal_s,normal,178,22.4
0,S001_normal_s,normal,179,22.6
0,S001_normal_s,normal,180,22.3
0,S001_normal_s,normal,181,22.5
0,S001_normal_s,normal,182,22.1
0,S001_normal_s,normal,183,22.5
0,S001_normal_s,normal,184,22.5
0,S001_normal_s,normal,185,22.7
0,S001_normal_s,normal,186,22.4
0,S001_normal_s,normal,187,22.2
0,S001_normal_s,normal,188,22.5
0,S001_normal_s,normal,189,22.7
0,S001_normal_s,normal,190,23.0
0,S001_normal_s,normal,191,22.6
0,S001_normal_s,normal,192,22.7
0,S001_normal_s,normal,193,22.9
0,S001_normal_s,normal,194,22.7
0,S001_normal_s,normal,195,22.3
0,S001_normal_s,normal,196,22.5
0,S001_normal_s,normal,197,22.5
0,S001_normal_s,normal,198,22.3
0,S001_normal_s,normal,199,22.5
0,S001_normal_s,normal,200,22.5
0,S001_normal_s,normal,201,22.0
0,S001_normal_s,normal,202,22.4
0,S001_normal_s,normal,203,22.4
0,S001_normal_s,normal,204,22.3
0,S001_normal_s,normal,205,22.6
0,S001_normal_s,normal,206,22.4
0,S001_normal_s,normal,207,22.1
0,S001_normal_s,normal,208,22.6
0,S001_normal_s,normal,209,22.5
0,S001_normal_s,normal,210,22.2
0,S001_normal_s,normal,211,22.7
0,S001_normal_s,normal,212,22.5
0,S001_normal_s,normal,213,22.4
0,S001_normal_s,normal,214,22.5
0,S001_normal_s,normal,215,22.6
0,S001_normal_s,normal,216,22.8
0,S001_normal_s,normal,217,22.4
0,S001_normal_s,normal,218,22.5
0,S001_normal_s,normal,219,22.7
0,S001_normal_s,normal,220,22.2
0,S001_normal_s,normal,221,22.4
0,S001_normal_s,normal,222,22.4
0,S001_normal_s,normal,223,22.2
0,S001_normal_s,normal,224,22.4
0,S001_normal_s,normal,225,22.6
0,S001_normal_s,normal,226,22.6
0,S001_normal_s,normal,227,22.7
0,S001_normal_s,normal,228,22.7
0,S001_normal_s,normal,229,22.6
0,S001_normal_s,normal,230,22.8
0,S001_normal_s,normal,231,22.4
0,S001_normal_s,normal,232,22.4
0,S001_normal_s,normal,233,22.7
0,S001_normal_s,normal,234,22.7
0,S001_normal_s,normal,235,22.8
0,S001_normal_s,normal,236,22.7
0,S001_normal_s,normal,237,22.9
0,S001_normal_s,normal,238,22.6
0,S001_normal_s,normal,239,22.3
0,S001_normal_s,normal,240,22.6
0,S001_normal_s,normal,241,22.5
0,S001_normal_s,normal,242,22.3
0,S001_normal_s,normal,243,22.5
0,S001_normal_s,normal,244,22.4
0,S001_normal_s,normal,245,22.5
0,S001_normal_s,normal,246,22.3
0,S001_normal_s,normal,247,22.8
0,S001_normal_s,normal,248,22.7
0,S001_normal_s,normal,249,22.6
0,S001_normal_s,normal,250,22.4
0,S001_normal_s,normal,251,22.8
0,S001_normal_s,normal,252,22.6
0,S001_normal_s,normal,253,22.2
0,S001_normal_s,normal,254,22.7
0,S001_normal_s,normal,255,22.6
0,S001_normal_s,normal,256,22.6
0,S001_normal_s,normal,257,22.6
0,S001_normal_s,normal,258,22.6
0,S001_normal_s,normal,259,22.9
0,S001_normal_s,normal,260,22.7
0,S001_normal_s,normal,261,22.5
0,S001_normal_s,normal,262,22.8
0,S001_normal_s,normal,263,22.7
0,S001_normal_s,normal,264,22.8
0,S001_normal_s,normal,265,22.6
0,S001_normal_s,normal,266,22.6
0,S001_normal_s,normal,267,22.8
0,S001_normal_s,normal,268,22.8
0,S001_normal_s,normal,269,22.7
0,S001_normal_s,normal,270,22.6
0,S001_normal_s,normal,271,22.6
0,S001_normal_s,normal,272,22.6
0,S001_normal_s,normal,273,22.4
0,S001_normal_s,normal,274,22.8
0,S001_normal_s,normal,275,22.7
0,S001_normal_s,normal,276,22.6
0,S001_normal_s,normal,277,22.3
0,S001_normal_s,normal,278,22.5
0,S001_normal_s,normal,279,22.7
0,S001_normal_s,normal,280,22.8
0,S001_normal_s,normal,281,22.5
0,S001_normal_s,normal,282,22.8
0,S001_normal_s,normal,283,22.7
0,S001_normal_s,normal,284,22.5
0,S001_normal_s,normal,285,22.8
0,S001_normal_s,normal,286,22.8
0,S001_normal_s,normal,287,22.8
0,S001_normal_s,normal,288,22.3
0,S001_normal_s,normal,289,22.7
0,S001_normal_s,normal,290,22.4
0,S001_normal_s,normal,291,23.0
0,S001_normal_s,normal,292,22.6
0,S001_normal_s,normal,293,22.5
0,S001_normal_s,normal,294,22.5
0,S001_normal_s,normal,295,22.3
0,S001_normal_s,normal,296,22.2
0,S001_normal_s,normal,297,22.4
0,S001_normal_s,normal,298,22.6
0,S001_normal_s,normal,299,22.4
0,S001_normal_s,normal,300,22.6
0,S001_normal_s,normal,301,22.4
0,S001_normal_s,normal,302,22.5
0,S001_normal_s,normal,303,22.4
0,S001_normal_s,normal,304,22.8
0,S001_normal_s,normal,305,22.7
0,S001_normal_s,normal,306,22.7
0,S001_normal_s,normal,307,22.8
0,S001_normal_s,normal,308,23.2
0,S001_normal_s,normal,309,23.2
0,S001_normal_s,normal,310,23.1
0,S001_normal_s,normal,311,23.2
0,S001_normal_s,normal,312,23.7
0,S001_normal_s,normal,313,23.4
0,S001_normal_s,normal,314,23.3
0,S001_normal_s,normal,315,23.5
0,S001_normal_s,normal,316,23.3
0,S001_normal_s,normal,317,23.4
0,S001_normal_s,normal,318,23.0
0,S001_normal_s,normal,319,23.5
0,S001_normal_s,normal,320,23.6
0,S001_normal_s,normal,321,23.7
0,S001_normal_s,normal,322,23.5
0,S001_normal_s,normal,323,23.8
0,S001_normal_s,normal,324,23.9
0,S001_normal_s,normal,325,23.6
0,S001_normal_s,normal,326,24.3
0,S001_normal_s,normal,327,24.0
0,S001_normal_s,normal,328,24.2
0,S001_normal_s,normal,329,24.1
0,S001_normal_s,normal,330,24.0
0,S001_normal_s,normal,331,24.3
0,S001_normal_s,normal,332,24.5
0,S001_normal_s,normal,333,24.4
0,S001_normal_s,normal,334,24.5
0,S001_normal_s,normal,335,24.3
0,S001_normal_s,normal,336,24.7
0,S001_normal_s,normal,337,24.4
0,S001_normal_s,normal,338,24.8
0,S001_normal_s,normal,339,25.0
0,S001_normal_s,normal,340,24.8
0,S001_normal_s,normal,341,24.8
0,S001_normal_s,normal,342,25.0
0,S001_normal_s,normal,343,24.9
0,S001_normal_s,normal,344,24.8
0,S001_normal_s,normal,345,25.2
0,S001_normal_s,normal,346,25.0
0,S001_normal_s,normal,347,25.2
0,S001_normal_s,normal,348,25.1
0,S001_normal_s,normal,349,25.3
0,S001_normal_s,normal,350,25.8
0,S001_normal_s,normal,351,25.5
0,S001_normal_s,normal,352,25.2
0,S001_normal_s,normal,353,25.4
0,S001_normal_s,normal,354,25.5
0,S001_normal_s,normal,355,25.5
0,S001_normal_s,normal,356,25.7
0,S001_normal_s,normal,357,25.4
0,S001_normal_s,normal,358,26.0
0,S001_normal_s,normal,359,25.5
0,S001_normal_s,normal,360,25.6
0,S001_normal_s,normal,361,25.6
0,S001_normal_s,normal,362,25.7
0,S001_normal_s,normal,363,26.0
0,S001_normal_s,normal,364,25.6
0,S001_normal_s,normal,365,26.1
0,S001_normal_s,normal,366,25.8
0,S001_normal_s,normal,367,26.0
0,S001_normal_s,normal,368,25.9
0,S001_normal_s,normal,369,25.9
0,S001_normal_s,normal,370,25.9
0,S001_normal_s,normal,371,26.5
0,S001_normal_s,normal,372,26.1
0,S001_normal_s,normal,373,26.3
0,S001_normal_s,normal,374,26.5
0,S001_normal_s,normal,375,26.4
0,S001_normal_s,normal,376,26.4
0,S001_normal_s,normal,377,26.3
0,S001_normal_s,normal,378,26.4
0,S001_normal_s,normal,379,26.5
0,S001_normal_s,normal,380,26.6
0,S001_normal_s,normal,381,26.7
0,S001_normal_s,normal,382,26.7
0,S001_normal_s,normal,383,26.2
0,S001_normal_s,normal,384,26.7
0,S001_normal_s,normal,385,26.1
0,S001_normal_s,normal,386,26.6
0,S001_normal_s,normal,387,27.3
0,S001_normal_s,normal,388,26.5
0,S001_normal_s,normal,389,27.1
0,S001_normal_s,normal,390,26.9
0,S001_normal_s,normal,391,27.6
0,S001_normal_s,normal,392,27.2
0,S001_normal_s,normal,393,27.1
0,S001_normal_s,normal,394,27.3
0,S001_normal_s,normal,395,27.3
0,S001_normal_s,normal,396,27.5
0,S001_normal_s,normal,397,26.9
0,S001_normal_s,normal,398,27.5
0,S001_normal_s,normal,399,27.4
0,S001_normal_s,normal,400,27.6
0,S001_normal_s,normal,401,27.3
0,S001_normal_s,normal,402,27.7
0,S001_normal_s,normal,403,27.6
0,S001_normal_s,normal,404,27.2
0,S001_normal_s,normal,405,27.3
0,S001_normal_s,normal,406,27.9
0,S001_normal_s,normal,407,27.2
0,S001_normal_s,normal,408,27.4
0,S001_normal_s,normal,409,28.0
0,S001_normal_s,normal,410,27.9
0,S001_normal_s,normal,411,28.0
0,S001_normal_s,normal,412,27.7
0,S001_normal_s,normal,413,27.4
0,S001_normal_s,normal,414,27.4
0,S001_normal_s,normal,415,27.8
0,S001_normal_s,normal,416,27.6
0,S001_normal_s,normal,417,27.8
0,S001_normal_s,normal,418,28.2
0,S001_normal_s,normal,419,28.1
0,S001_normal_s,normal,420,27.9
0,S001_normal_s,normal,421,28.2
0,S001_normal_s,normal,422,28.3
0,S001_normal_s,normal,423,28.0
0,S001_normal_s,normal,424,28.2
0,S001_normal_s,normal,425,28.5
0,S001_normal_s,normal,426,28.1
0,S001_normal_s,normal,427,28.1
0,S001_normal_s,normal,428,28.7
0,S001_normal_s,normal,429,28.2
0,S001_normal_s,normal,430,28.4
0,S001_normal_s,normal,431,28.7
0,S001_normal_s,normal,432,28.5
0,S001_normal_s,normal,433,28.6
0,S001_normal_s,normal,434,28.7
0,S001_normal_s,normal,435,28.6
0,S001_normal_s,normal,436,28.6
0,S001_normal_s,normal,437,28.9
0,S001_normal_s,normal,438,28.7
0,S001_normal_s,normal,439,29.1
0,S001_normal_s,normal,440,28.8
0,S001_normal_s,normal,441,28.8
0,S001_normal_s,normal,442,29.1
0,S001_normal_s,normal,443,29.3
0,S001_normal_s,normal,444,29.3
0,S001_normal_s,normal,445,28.7
0,S001_normal_s,normal,446,29.1
0,S001_normal_s,normal,447,29.2
0,S001_normal_s,normal,448,29.0
0,S001_normal_s,normal,449,28.9
0,S001_normal_s,normal,450,29.5
0,S001_normal_s,normal,451,29.4
0,S001_normal_s,normal,452,29.3
0,S001_normal_s,normal,453,29.3
0,S001_normal_s,normal,454,29.0
0,S001_normal_s,normal,455,29.4
0,S001_normal_s,normal,456,29.6
0,S001_normal_s,normal,457,29.6
0,S001_normal_s,normal,458,29.1
0,S001_normal_s,normal,459,29.2
0,S001_normal_s,normal,460,29.2
0,S001_normal_s,normal,461,29.5
0,S001_normal_s,normal,462,29.5
0,S001_normal_s,normal,463,29.3
0,S001_normal_s,normal,464,29.8
0,S001_normal_s,normal,465,29.4
0,S001_normal_s,normal,466,29.9
0,S001_normal_s,normal,467,29.9
0,S001_normal_s,normal,468,29.7
0,S001_normal_s,normal,469,29.3
0,S001_normal_s,normal,470,29.4
0,S001_normal_s,normal,471,29.9
0,S001_normal_s,normal,472,29.9
0,S001_normal_s,normal,473,30.0
0,S001_normal_s,normal,474,30.1
0,S001_normal_s,normal,475,29.9
0,S001_normal_s,normal,476,30.1
0,S001_normal_s,normal,477,30.1
0,S001_normal_s,normal,478,29.9
0,S001_normal_s,normal,479,29.6
0,S001_normal_s,normal,480,29.9
0,S001_normal_s,normal,481,30.1
0,S001_normal_s,normal,482,30.2
0,S001_normal_s,normal,483,30.5
0,S001_normal_s,normal,484,30.4
0,S001_normal_s,normal,485,30.4
0,S001_normal_s,normal,486,30.2
0,S001_normal_s,normal,487,30.6
0,S001_normal_s,normal,488,30.5
0,S001_normal_s,normal,489,30.7
0,S001_normal_s,normal,490,30.3
0,S001_normal_s,normal,491,30.3
0,S001_normal_s,normal,492,30.3
0,S001_normal_s,normal,493,30.4
0,S001_normal_s,normal,494,30.6
0,S001_normal_s,normal,495,30.5
0,S001_normal_s,normal,496,30.6
0,S001_normal_s,normal,497,30.6
0,S001_normal_s,normal,498,30.3
0,S001_normal_s,normal,499,30.6
0,S001_normal_s,normal,500,30.4
0,S001_normal_s,normal,501,30.5
0,S001_normal_s,normal,502,30.7
0,S001_normal_s,normal,503,31.0
0,S001_normal_s,normal,504,30.5
0,S001_normal_s,normal,505,30.8
0,S001_normal_s,normal,506,30.7
0,S001_normal_s,normal,507,30.8
0,S001_normal_s,normal,508,30.9
0,S001_normal_s,normal,509,30.8
0,S001_normal_s,normal,510,30.6
0,S001_normal_s,normal,511,31.2
0,S001_normal_s,normal,512,31.2
0,S001_normal_s,normal,513,30.7
0,S001_normal_s,normal,514,31.4
0,S001_normal_s,normal,515,30.9
0,S001_normal_s,normal,516,30.9
0,S001_normal_s,normal,517,31.0
0,S001_normal_s,normal,518,30.9
0,S001_normal_s,normal,519,30.9
0,S001_normal_s,normal,520,31.1
0,S001_normal_s,normal,521,31.3
0,S001_normal_s,normal,522,30.8
0,S001_normal_s,normal,523,31.6
0,S001_normal_s,normal,524,30.9
0,S001_normal_s,normal,525,31.3
0,S001_normal_s,normal,526,31.1
0,S001_normal_s,normal,527,31.2
0,S001_normal_s,normal,528,31.2
0,S001_normal_s,normal,529,31.0
0,S001_normal_s,normal,530,31.8
0,S001_normal_s,normal,531,31.5
0,S001_normal_s,normal,532,31.6
0,S001_normal_s,normal,533,31.0
0,S001_normal_s,normal,534,31.4
0,S001_normal_s,normal,535,31.3
0,S001_normal_s,normal,536,31.6
0,S001_normal_s,normal,537,31.5
0,S001_normal_s,normal,538,31.2
0,S001_normal_s,normal,539,31.6
0,S001_normal_s,normal,540,31.6
0,S001_normal_s,normal,541,31.3
0,S001_normal_s,normal,542,31.7
0,S001_normal_s,normal,543,31.0
0,S001_normal_s,normal,544,31.7
0,S001_normal_s,normal,545,31.7
0,S001_normal_s,normal,546,31.9
0,S001_normal_s,normal,547,31.6
0,S001_normal_s,normal,548,31.5
0,S001_normal_s,normal,549,31.9
0,S001_normal_s,normal,550,32.0
0,S001_normal_s,normal,551,31.8
0,S001_normal_s,normal,552,31.7
0,S001_normal_s,normal,553,32.5
0,S001_normal_s,normal,554,32.2
0,S001_normal_s,normal,555,31.9
0,S001_normal_s,normal,556,31.9
0,S001_normal_s,normal,557,32.1
0,S001_normal_s,normal,558,32.2
0,S001_normal_s,normal,559,32.1
0,S001_normal_s,normal,560,32.1
0,S001_normal_s,normal,561,31.8
0,S001_normal_s,normal,562,31.9
0,S001_normal_s,normal,563,32.0
0,S001_normal_s,normal,564,31.9
0,S001_normal_s,normal,565,31.8
0,S001_normal_s,normal,566,32.3
0,S001_normal_s,normal,567,32.1
0,S001_normal_s,normal,568,32.4
0,S001_normal_s,normal,569,31.7
0,S001_normal_s,normal,570,31.8
0,S001_normal_s,normal,571,32.6
0,S001_normal_s,normal,572,32.1
0,S001_normal_s,normal,573,32.4
0,S001_normal_s,normal,574,32.1
0,S001_normal_s,normal,575,31.9
0,S001_normal_s,normal,576,32.4
0,S001_normal_s,normal,577,32.0
0,S001_normal_s,normal,578,32.5
0,S001_normal_s,normal,579,32.4
0,S001_normal_s,normal,580,31.8
0,S001_normal_s,normal,581,32.4
0,S001_normal_s,normal,582,32.5
0,S001_normal_s,normal,583,32.2
0,S001_normal_s,normal,584,32.3
0,S001_normal_s,normal,585,32.2
0,S001_normal_s,normal,586,32.6
0,S001_normal_s,normal,587,32.1
0,S001_normal_s,normal,588,32.5
0,S001_normal_s,normal,589,32.8
0,S001_normal_s,normal,590,32.4
0,S001_normal_s,normal,591,32.4
0,S001_normal_s,normal,592,32.6
0,S001_normal_s,normal,593,32.5
0,S001_normal_s,normal,594,33.0
0,S001_normal_s,normal,595,32.6
0,S001_normal_s,normal,596,32.9
0,S001_normal_s,normal,597,32.6
0,S001_normal_s,normal,598,32.3
0,S001_normal_s,normal,599,32.9
0,S001_normal_s,normal,600,33.0
0,S001_normal_s,normal,601,33.2
0,S001_normal_s,normal,602,32.7
0,S001_normal_s,normal,603,32.8
0,S001_normal_s,normal,604,32.7
0,S001_normal_s,normal,605,32.8
0,S001_normal_s,normal,606,32.7
0,S001_normal_s,normal,607,32.9
0,S001_normal_s,normal,608,32.9
0,S001_normal_s,normal,609,32.6
0,S001_normal_s,normal,610,32.8
0,S001_normal_s,normal,611,33.1
0,S001_normal_s,normal,612,32.7
0,S001_normal_s,normal,613,32.7
0,S001_normal_s,normal,614,32.8
0,S001_normal_s,normal,615,32.8
0,S001_normal_s,normal,616,33.3
0,S001_normal_s,normal,617,33.2
0,S001_normal_s,normal,618,32.9
0,S001_normal_s,normal,619,33.0
0,S001_normal_s,normal,620,33.2
0,S001_normal_s,normal,621,33.0
0,S001_normal_s,normal,622,33.4
0,S001_normal_s,normal,623,33.3
0,S001_normal_s,normal,624,33.2
0,S001_normal_s,normal,625,33.1
0,S001_normal_s,normal,626,33.4
0,S001_normal_s,normal,627,33.7
0,S001_normal_s,normal,628,33.1
0,S001_normal_s,normal,629,33.4
0,S001_normal_s,normal,630,33.3
0,S001_normal_s,normal,631,33.2
0,S001_normal_s,normal,632,33.2
0,S001_normal_s,normal,633,33.3
0,S001_normal_s,normal,634,33.4
0,S001_normal_s,normal,635,33.6
0,S001_normal_s,normal,636,33.2
0,S001_normal_s,normal,637,33.2
0,S001_normal_s,normal,638,33.3
0,S001_normal_s,normal,639,33.9
0,S001_normal_s,normal,640,33.6
0,S001_normal_s,normal,641,33.4
0,S001_normal_s,normal,642,33.6
0,S001_normal_s,normal,643,33.6
0,S001_normal_s,normal,644,33.5
0,S001_normal_s,normal,645,33.3
0,S001_normal_s,normal,646,33.6
0,S001_normal_s,normal,647,33.8
0,S001_normal_s,normal,648,33.3
0,S001_normal_s,normal,649,33.5
0,S001_normal_s,normal,650,33.5
0,S001_normal_s,normal,651,33.9
0,S001_normal_s,normal,652,33.8
0,S001_normal_s,normal,653,33.7
0,S001_normal_s,normal,654,33.4
0,S001_normal_s,normal,655,33.7
0,S001_normal_s,normal,656,33.8
0,S001_normal_s,normal,657,33.5
0,S001_normal_s,normal,658,33.9
0,S001_normal_s,normal,659,33.7
0,S001_normal_s,normal,660,34.0
0,S001_normal_s,normal,661,33.9
0,S001_normal_s,normal,662,33.8
0,S001_normal_s,normal,663,33.9
0,S001_normal_s,normal,664,33.6
0,S001_normal_s,normal,665,34.0
0,S001_normal_s,normal,666,34.0
0,S001_normal_s,normal,667,34.3
0,S001_normal_s,normal,668,33.9
0,S001_normal_s,normal,669,34.2
0,S001_normal_s,normal,670,34.1
0,S001_normal_s,normal,671,34.0
0,S001_normal_s,normal,672,33.9
0,S001_normal_s,normal,673,33.8
0,S001_normal_s,normal,674,33.9
0,S001_normal_s,normal,675,33.8
0,S001_normal_s,normal,676,34.0
0,S001_normal_s,normal,677,34.2
0,S001_normal_s,normal,678,33.9
0,S001_normal_s,normal,679,34.1
0,S001_normal_s,normal,680,34.2
0,S001_normal_s,normal,681,34.1
0,S001_normal_s,normal,682,33.9
0,S001_normal_s,normal,683,34.2
0,S001_normal_s,normal,684,34.2
0,S001_normal_s,normal,685,34.3
0,S001_normal_s,normal,686,34.4
0,S001_normal_s,normal,687,34.1
0,S001_normal_s,normal,688,34.3
0,S001_normal_s,normal,689,33.8
0,S001_normal_s,normal,690,34.2
0,S001_normal_s,normal,691,34.1
0,S001_normal_s,normal,692,34.3
0,S001_normal_s,normal,693,34.1
0,S001_normal_s,normal,694,34.4
0,S001_normal_s,normal,695,34.6
0,S001_normal_s,normal,696,34.3
0,S001_normal_s,normal,697,34.8
0,S001_normal_s,normal,698,34.3
0,S001_normal_s,normal,699,34.0
0,S001_normal_s,normal,700,34.3
0,S001_normal_s,normal,701,34.0
0,S001_normal_s,normal,702,34.2
0,S001_normal_s,normal,703,34.3
0,S001_normal_s,normal,704,34.6
0,S001_normal_s,normal,705,33.9
0,S001_normal_s,normal,706,34.5
0,S001_normal_s,normal,707,34.3
0,S001_normal_s,normal,708,34.3
0,S001_normal_s,normal,709,34.6
0,S001_normal_s,normal,710,34.3
0,S001_normal_s,normal,711,34.5
0,S001_normal_s,normal,712,34.3
0,S001_normal_s,normal,713,34.3
0,S001_normal_s,normal,714,34.6
0,S001_normal_s,normal,715,34.4
0,S001_normal_s,normal,716,34.2
0,S001_normal_s,normal,717,34.3
0,S001_normal_s,normal,718,34.7
0,S001_normal_s,normal,719,34.3
0,S001_normal_s,normal,720,34.5
0,S001_normal_s,normal,721,34.7
0,S001_normal_s,normal,722,34.5
0,S001_normal_s,normal,723,34.7
0,S001_normal_s,normal,724,34.6
0,S001_normal_s,normal,725,34.5
0,S001_normal_s,normal,726,34.4
0,S001_normal_s,normal,727,34.7
0,S001_normal_s,normal,728,34.8
0,S001_normal_s,normal,729,34.4
0,S001_normal_s,normal,730,34.6
0,S001_normal_s,normal,731,34.8
0,S001_normal_s,normal,732,34.6
0,S001_normal_s,normal,733,34.5
0,S001_normal_s,normal,734,34.7
0,S001_normal_s,normal,735,34.7
0,S001_normal_s,normal,736,34.5
0,S001_normal_s,normal,737,34.8
0,S001_normal_s,normal,738,34.6
0,S001_normal_s,normal,739,34.8
0,S001_normal_s,normal,740,34.6
0,S001_normal_s,normal,741,34.5
0,S001_normal_s,normal,742,34.8
0,S001_normal_s,normal,743,34.7
0,S001_normal_s,normal,744,34.6
0,S001_normal_s,normal,745,34.5
0,S001_normal_s,normal,746,35.1
0,S001_normal_s,normal,747,35.0
0,S001_normal_s,normal,748,34.6
0,S001_normal_s,normal,749,34.6
0,S001_normal_s,normal,750,35.0
0,S001_normal_s,normal,751,35.1
0,S001_normal_s,normal,752,35.0
0,S001_normal_s,normal,753,34.9
0,S001_normal_s,normal,754,34.5
0,S001_normal_s,normal,755,34.8
0,S001_normal_s,normal,756,34.8
0,S001_normal_s,normal,757,35.0
0,S001_normal_s,normal,758,35.1
0,S001_normal_s,normal,759,35.1
0,S001_normal_s,normal,760,35.0
0,S001_normal_s,normal,761,34.9
0,S001_normal_s,normal,762,34.6
0,S001_normal_s,normal,763,34.8
0,S001_normal_s,normal,764,34.9
0,S001_normal_s,normal,765,35.2
0,S001_normal_s,normal,766,35.0
0,S001_normal_s,normal,767,35.2
0,S001_normal_s,normal,768,35.3
0,S001_normal_s,normal,769,35.3
0,S001_normal_s,normal,770,35.1
0,S001_normal_s,normal,771,35.5
0,S001_normal_s,normal,772,35.1
0,S001_normal_s,normal,773,35.5
0,S001_normal_s,normal,774,35.2
0,S001_normal_s,normal,775,35.2
0,S001_normal_s,normal,776,35.2
0,S001_normal_s,normal,777,35.4
0,S001_normal_s,normal,778,35.2
0,S001_normal_s,normal,779,35.5
0,S001_normal_s,normal,780,35.2
0,S001_normal_s,normal,781,35.3
0,S001_normal_s,normal,782,35.5
0,S001_normal_s,normal,783,34.9
0,S001_normal_s,normal,784,35.1
0,S001_normal_s,normal,785,35.4
0,S001_normal_s,normal,786,34.9
0,S001_normal_s,normal,787,35.1
0,S001_normal_s,normal,788,35.1
0,S001_normal_s,normal,789,34.9
0,S001_normal_s,normal,790,35.4
0,S001_normal_s,normal,791,35.1
0,S001_normal_s,normal,792,34.9
0,S001_normal_s,normal,793,35.3
0,S001_normal_s,normal,794,35.4
0,S001_normal_s,normal,795,35.2
0,S001_normal_s,normal,796,35.3
0,S001_normal_s,normal,797,35.3
0,S001_normal_s,normal,798,35.3
0,S001_normal_s,normal,799,35.0
0,S001_normal_s,normal,800,35.8
0,S001_normal_s,normal,801,35.5
0,S001_normal_s,normal,802,35.0
0,S001_normal_s,normal,803,35.0
0,S001_normal_s,normal,804,35.4
0,S001_normal_s,normal,805,35.5
0,S001_normal_s,normal,806,35.2
0,S001_normal_s,normal,807,35.3
0,S001_normal_s,normal,808,35.1
0,S001_normal_s,normal,809,35.0
0,S001_normal_s,normal,810,35.6
0,S001_normal_s,normal,811,35.4
0,S001_normal_s,normal,812,35.7
0,S001_normal_s,normal,813,35.1
0,S001_normal_s,normal,814,35.4
0,S001_normal_s,normal,815,35.3
0,S001_normal_s,normal,816,35.3
0,S001_normal_s,normal,817,35.3
0,S001_normal_s,normal,818,35.3
0,S001_normal_s,normal,819,35.7
0,S001_normal_s,normal,820,35.1
0,S001_normal_s,normal,821,35.6
0,S001_normal_s,normal,822,35.3
0,S001_normal_s,normal,823,35.5
0,S001_normal_s,normal,824,35.6
0,S001_normal_s,normal,825,35.4
0,S001_normal_s,normal,826,35.5
0,S001_normal_s,normal,827,35.4
0,S001_normal_s,normal,828,35.7
0,S001_normal_s,normal,829,35.2
0,S001_normal_s,normal,830,35.3
0,S001_normal_s,normal,831,35.2
0,S001_normal_s,normal,832,35.5
0,S001_normal_s,normal,833,35.6
0,S001_normal_s,normal,834,35.7
0,S001_normal_s,normal,835,35.6
0,S001_normal_s,normal,836,35.1
0,S001_normal_s,normal,837,35.5
0,S001_normal_s,normal,838,35.2
0,S001_normal_s,normal,839,35.6
0,S001_normal_s,normal,840,35.4
0,S001_normal_s,normal,841,35.4
0,S001_normal_s,normal,842,35.7
0,S001_normal_s,normal,843,35.3
0,S001_normal_s,normal,844,35.4
0,S001_normal_s,normal,845,35.5
0,S001_normal_s,normal,846,35.5
0,S001_normal_s,normal,847,35.7
0,S001_normal_s,normal,848,35.5
0,S001_normal_s,normal,849,35.3
0,S001_normal_s,normal,850,35.8
0,S001_normal_s,normal,851,35.8
0,S001_normal_s,normal,852,35.7
0,S001_normal_s,normal,853,35.5
0,S001_normal_s,normal,854,35.4
0,S001_normal_s,normal,855,35.8
0,S001_normal_s,normal,856,35.5
0,S001_normal_s,normal,857,36.0
0,S001_normal_s,normal,858,35.6
0,S001_normal_s,normal,859,35.6
0,S001_normal_s,normal,860,35.5
0,S001_normal_s,normal,861,35.8
0,S001_normal_s,normal,862,35.8
0,S001_normal_s,normal,863,36.1
0,S001_normal_s,normal,864,35.8
0,S001_normal_s,normal,865,35.5
0,S001_normal_s,normal,866,35.7
0,S001_normal_s,normal,867,35.9
0,S001_normal_s,normal,868,35.6
0,S001_normal_s,normal,869,35.9
0,S001_normal_s,normal,870,35.8
0,S001_normal_s,normal,871,35.8
0,S001_normal_s,normal,872,35.6
0,S001_normal_s,normal,873,35.7
0,S001_normal_s,normal,874,35.7
0,S001_normal_s,normal,875,35.8
0,S001_normal_s,normal,876,36.0
0,S001_normal_s,normal,877,35.8
0,S001_normal_s,normal,878,35.8
0,S001_normal_s,normal,879,35.8
0,S001_normal_s,normal,880,35.7
0,S001_normal_s,normal,881,35.6
0,S001_normal_s,normal,882,36.1
0,S001_normal_s,normal,883,35.8
0,S001_normal_s,normal,884,35.9
0,S001_normal_s,normal,885,35.5
0,S001_normal_s,normal,886,35.8
0,S001_normal_s,normal,887,35.9
0,S001_normal_s,normal,888,35.7
0,S001_normal_s,normal,889,35.9
0,S001_normal_s,normal,890,35.7
0,S001_normal_s,normal,891,35.8
0,S001_normal_s,normal,892,36.3
0,S001_normal_s,normal,893,35.9
0,S001_normal_s,normal,894,35.7
0,S001_normal_s,normal,895,36.1
0,S001_normal_s,normal,896,35.9
0,S001_normal_s,normal,897,36.3
0,S001_normal_s,normal,898,36.2
0,S001_normal_s,normal,899,36.0
0,S001_normal_s,normal,900,35.9
0,S001_normal_s,normal,901,36.3
0,S001_normal_s,normal,902,36.0
0,S001_normal_s,normal,903,36.2
0,S001_normal_s,normal,904,36.1
0,S001_normal_s,normal,905,36.4
0,S001_normal_s,normal,906,36.3
0,S001_normal_s,normal,907,35.9
0,S001_normal_s,normal,908,35.9
0,S001_normal_s,normal,909,36.0
0,S001_normal_s,normal,910,36.1
0,S001_normal_s,normal,911,35.8
0,S001_normal_s,normal,912,35.7
0,S001_normal_s,normal,913,35.8
0,S001_normal_s,normal,914,36.1
0,S001_normal_s,normal,915,35.9
0,S001_normal_s,normal,916,36.3
0,S001_normal_s,normal,917,36.2
0,S001_normal_s,normal,918,35.9
0,S001_normal_s,normal,919,36.1
0,S001_normal_s,normal,920,36.3
0,S001_normal_s,normal,921,35.8
0,S001_normal_s,normal,922,36.0
0,S001_normal_s,normal,923,36.1
0,S001_normal_s,normal,924,36.2
0,S001_normal_s,normal,925,35.7
0,S001_normal_s,normal,926,35.8
0,S001_normal_s,normal,927,36.2
0,S001_normal_s,normal,928,36.2
0,S001_normal_s,normal,929,36.5
0,S001_normal_s,normal,930,36.2
0,S001_normal_s,normal,931,36.4
0,S001_normal_s,normal,932,36.0
0,S001_normal_s,normal,933,36.1
0,S001_normal_s,normal,934,36.1
0,S001_normal_s,normal,935,36.0
0,S001_normal_s,normal,936,36.2
0,S001_normal_s,normal,937,36.2
0,S001_normal_s,normal,938,35.8
0,S001_normal_s,normal,939,36.1
0,S001_normal_s,normal,940,36.5
0,S001_normal_s,normal,941,36.4
0,S001_normal_s,normal,942,36.1
0,S001_normal_s,normal,943,36.3
0,S001_normal_s,normal,944,36.5
0,S001_normal_s,normal,945,36.0
0,S001_normal_s,normal,946,36.0
0,S001_normal_s,normal,947,36.3
0,S001_normal_s,normal,948,36.4
0,S001_normal_s,normal,949,35.9
0,S001_normal_s,normal,950,36.3
0,S001_normal_s,normal,951,36.2
0,S001_normal_s,normal,952,36.1
0,S001_normal_s,normal,953,36.4
0,S001_normal_s,normal,954,36.0
0,S001_normal_s,normal,955,36.3
0,S001_normal_s,normal,956,36.2
0,S001_normal_s,normal,957,36.1
0,S001_normal_s,normal,958,36.3
0,S001_normal_s,normal,959,36.2
0,S001_normal_s,normal,960,36.4
0,S001_normal_s,normal,961,36.4
0,S001_normal_s,normal,962,36.4
0,S001_normal_s,normal,963,36.3
0,S001_normal_s,normal,964,36.2
0,S001_normal_s,normal,965,36.2
0,S001_normal_s,normal,966,36.1
0,S001_normal_s,normal,967,36.4
0,S001_normal_s,normal,968,36.2
0,S001_normal_s,normal,969,36.4
0,S001_normal_s,normal,970,36.0
0,S001_normal_s,normal,971,36.7
0,S001_normal_s,normal,972,36.1
0,S001_normal_s,normal,973,36.5
0,S001_normal_s,normal,974,36.3
0,S001_normal_s,normal,975,36.3
0,S001_normal_s,normal,976,36.1
0,S001_normal_s,normal,977,37.0
0,S001_normal_s,normal,978,36.5
0,S001_normal_s,normal,979,36.4
0,S001_normal_s,normal,980,36.2
0,S001_normal_s,normal,981,36.3
0,S001_normal_s,normal,982,35.9
0,S001_normal_s,normal,983,36.3
0,S001_normal_s,normal,984,36.2
0,S001_normal_s,normal,985,36.2
0,S001_normal_s,normal,986,36.7
0,S001_normal_s,normal,987,36.2
0,S001_normal_s,normal,988,36.3
0,S001_normal_s,normal,989,36.8
0,S001_normal_s,normal,990,36.2
0,S001_normal_s,normal,991,36.6
0,S001_normal_s,normal,992,36.0
0,S001_normal_s,normal,993,36.3
0,S001_normal_s,normal,994,36.5
0,S001_normal_s,normal,995,36.3
0,S001_normal_s,normal,996,36.3
0,S001_normal_s,normal,997,36.3
0,S001_normal_s,normal,998,36.6
0,S001_normal_s,normal,999,36.6
0,S001_normal_s,normal,1000,36.5
0,S001_normal_s,normal,1001,36.4
0,S001_normal_s,normal,1002,36.4
0,S001_normal_s,normal,1003,36.3
0,S001_normal_s,normal,1004,36.5
0,S001_normal_s,normal,1005,36.3
0,S001_normal_s,normal,1006,36.3
0,S001_normal_s,normal,1007,36.4
0,S001_normal_s,normal,1008,36.5
0,S001_normal_s,normal,1009,36.2
0,S001_normal_s,normal,1010,36.3
0,S001_normal_s,normal,1011,36.4
0,S001_normal_s,normal,1012,36.5
0,S001_normal_s,normal,1013,36.2
0,S001_normal_s,normal,1014,36.4
0,S001_normal_s,normal,1015,36.3
0,S001_normal_s,normal,1016,36.5
0,S001_normal_s,normal,1017,36.8
0,S001_normal_s,normal,1018,36.5
0,S001_normal_s,normal,1019,36.7
0,S001_normal_s,normal,1020,36.7
0,S001_normal_s,normal,1021,36.6
0,S001_normal_s,normal,1022,36.4
0,S001_normal_s,normal,1023,36.2
0,S001_normal_s,normal,1024,36.5
0,S001_normal_s,normal,1025,36.4
0,S001_normal_s,normal,1026,36.1
0,S001_normal_s,normal,1027,36.6
0,S001_normal_s,normal,1028,36.4
0,S001_normal_s,normal,1029,36.7
0,S001_normal_s,normal,1030,36.4
0,S001_normal_s,normal,1031,36.8
0,S001_normal_s,normal,1032,36.9
0,S001_normal_s,normal,1033,36.5
0,S001_normal_s,normal,1034,36.6
0,S001_normal_s,normal,1035,36.3
0,S001_normal_s,normal,1036,36.4
0,S001_normal_s,normal,1037,36.5
0,S001_normal_s,normal,1038,36.3
0,S001_normal_s,normal,1039,36.4
0,S001_normal_s,normal,1040,36.5
0,S001_normal_s,normal,1041,36.6
0,S001_normal_s,normal,1042,36.4
0,S001_normal_s,normal,1043,36.2
0,S001_normal_s,normal,1044,37.0
0,S001_normal_s,normal,1045,36.5
0,S001_normal_s,normal,1046,36.6
0,S001_normal_s,normal,1047,36.3
0,S001_normal_s,normal,1048,36.5
0,S001_normal_s,normal,1049,36.6
0,S001_normal_s,normal,1050,36.5
0,S001_normal_s,normal,1051,36.6
0,S001_normal_s,normal,1052,36.7
0,S001_normal_s,normal,1053,36.7
0,S001_normal_s,normal,1054,36.6
0,S001_normal_s,normal,1055,36.3
0,S001_normal_s,normal,1056,36.8
0,S001_normal_s,normal,1057,37.1
0,S001_normal_s,normal,1058,36.5
0,S001_normal_s,normal,1059,36.6
0,S001_normal_s,normal,1060,36.1
0,S001_normal_s,normal,1061,36.7
0,S001_normal_s,normal,1062,36.6
0,S001_normal_s,normal,1063,36.8
0,S001_normal_s,normal,1064,36.6
0,S001_normal_s,normal,1065,37.0
0,S001_normal_s,normal,1066,36.5
0,S001_normal_s,normal,1067,36.9
0,S001_normal_s,normal,1068,36.8
0,S001_normal_s,normal,1069,36.6
0,S001_normal_s,normal,1070,36.9
0,S001_normal_s,normal,1071,36.6
0,S001_normal_s,normal,1072,36.9
0,S001_normal_s,normal,1073,37.0
0,S001_normal_s,normal,1074,36.6
0,S001_normal_s,normal,1075,36.7
0,S001_normal_s,normal,1076,36.2
0,S001_normal_s,normal,1077,36.5
0,S001_normal_s,normal,1078,36.8
0,S001_normal_s,normal,1079,36.3
0,S001_normal_s,normal,1080,36.7
0,S001_normal_s,normal,1081,36.9
0,S001_normal_s,normal,1082,36.8
0,S001_normal_s,normal,1083,36.9
0,S001_normal_s,normal,1084,36.5
0,S001_normal_s,normal,1085,36.6
0,S001_normal_s,normal,1086,37.1
0,S001_normal_s,normal,1087,36.9
0,S001_normal_s,normal,1088,36.6
0,S001_normal_s,normal,1089,36.7
0,S001_normal_s,normal,1090,36.7
0,S001_normal_s,normal,1091,36.5
0,S001_normal_s,normal,1092,36.9
0,S001_normal_s,normal,1093,36.5
0,S001_normal_s,normal,1094,36.8
0,S001_normal_s,normal,1095,36.8
0,S001_normal_s,normal,1096,37.0
0,S001_normal_s,normal,1097,37.1
0,S001_normal_s,normal,1098,36.9
0,S001_normal_s,normal,1099,36.9
0,S001_normal_s,normal,1100,36.7
0,S001_normal_s,normal,1101,36.9
0,S001_normal_s,normal,1102,36.8
0,S001_normal_s,normal,1103,36.7
0,S001_normal_s,normal,1104,36.8
0,S001_normal_s,normal,1105,36.7
0,S001_normal_s,normal,1106,36.9
0,S001_normal_s,normal,1107,37.0
0,S001_normal_s,normal,1108,37.0
0,S001_normal_s,normal,1109,37.0
0,S001_normal_s,normal,1110,36.8
0,S001_normal_s,normal,1111,36.8
0,S001_normal_s,normal,1112,36.5
0,S001_normal_s,normal,1113,36.8
0,S001_normal_s,normal,1114,37.2
0,S001_normal_s,normal,1115,36.9
0,S001_normal_s,normal,1116,36.8
0,S001_normal_s,normal,1117,36.7
0,S001_normal_s,normal,1118,36.5
0,S001_normal_s,normal,1119,37.0
0,S001_normal_s,normal,1120,36.7
0,S001_normal_s,normal,1121,36.7
0,S001_normal_s,normal,1122,37.1
0,S001_normal_s,normal,1123,36.9
0,S001_normal_s,normal,1124,36.7
0,S001_normal_s,normal,1125,36.8
0,S001_normal_s,normal,1126,36.8
0,S001_normal_s,normal,1127,36.6
0,S001_normal_s,normal,1128,37.0
0,S001_normal_s,normal,1129,36.8
0,S001_normal_s,normal,1130,36.6
0,S001_normal_s,normal,1131,36.9
0,S001_normal_s,normal,1132,37.1
0,S001_normal_s,normal,1133,36.6
0,S001_normal_s,normal,1134,36.7
0,S001_normal_s,normal,1135,36.8
0,S001_normal_s,normal,1136,36.6
0,S001_normal_s,normal,1137,36.5
0,S001_normal_s,normal,1138,36.5
0,S001_normal_s,normal,1139,36.4
0,S001_normal_s,normal,1140,36.8
0,S001_normal_s,normal,1141,36.9
0,S001_normal_s,normal,1142,36.5
0,S001_normal_s,normal,1143,36.7
0,S001_normal_s,normal,1144,36.6
0,S001_normal_s,normal,1145,37.1
0,S001_normal_s,normal,1146,36.9
0,S001_normal_s,normal,1147,36.9
0,S001_normal_s,normal,1148,36.7
0,S001_normal_s,normal,1149,36.9
0,S001_normal_s,normal,1150,37.1
0,S001_normal_s,normal,1151,36.8
0,S001_normal_s,normal,1152,36.7
0,S001_normal_s,normal,1153,36.6
0,S001_normal_s,normal,1154,36.9
0,S001_normal_s,normal,1155,36.8
0,S001_normal_s,normal,1156,36.7
0,S001_normal_s,normal,1157,36.4
0,S001_normal_s,normal,1158,36.8
0,S001_normal_s,normal,1159,37.0
0,S001_normal_s,normal,1160,36.9
0,S001_normal_s,normal,1161,36.9
0,S001_normal_s,normal,1162,36.7
0,S001_normal_s,normal,1163,36.9
0,S001_normal_s,normal,1164,36.6
0,S001_normal_s,normal,1165,36.9
0,S001_normal_s,normal,1166,36.9
0,S001_normal_s,normal,1167,36.8
0,S001_normal_s,normal,1168,37.0
0,S001_normal_s,normal,1169,36.8
0,S001_normal_s,normal,1170,37.1
0,S001_normal_s,normal,1171,36.4
0,S001_normal_s,normal,1172,36.5
0,S001_normal_s,normal,1173,37.0
0,S001_normal_s,normal,1174,36.8
0,S001_normal_s,normal,1175,36.8
0,S001_normal_s,normal,1176,36.9
0,S001_normal_s,normal,1177,36.7
0,S001_normal_s,normal,1178,36.9
0,S001_normal_s,normal,1179,37.0
0,S001_normal_s,normal,1180,37.0
0,S001_normal_s,normal,1181,37.0
0,S001_normal_s,normal,1182,36.7
0,S001_normal_s,normal,1183,36.6
0,S001_normal_s,normal,1184,37.1
0,S001_normal_s,normal,1185,37.1
0,S001_normal_s,normal,1186,36.9
0,S001_normal_s,normal,1187,36.9
0,S001_normal_s,normal,1188,37.1
0,S001_normal_s,normal,1189,36.6
0,S001_normal_s,normal,1190,37.1
0,S001_normal_s,normal,1191,36.7
0,S001_normal_s,normal,1192,37.2
0,S001_normal_s,normal,1193,37.1
0,S001_normal_s,normal,1194,37.0
0,S001_normal_s,normal,1195,36.8
0,S001_normal_s,normal,1196,37.1
0,S001_normal_s,normal,1197,36.6
0,S001_normal_s,normal,1198,36.8
0,S001_normal_s,normal,1199,37.1
0,S001_normal_s,normal,1200,36.9
0,S001_normal_s,normal,1201,37.0
0,S001_normal_s,normal,1202,37.0
0,S001_normal_s,normal,1203,36.8
0,S001_normal_s,normal,1204,36.6
0,S001_normal_s,normal,1205,36.6
0,S001_normal_s,normal,1206,36.7
0,S001_normal_s,normal,1207,36.8
0,S001_normal_s,normal,1208,36.7
0,S001_normal_s,normal,1209,36.1
0,S001_normal_s,normal,1210,36.3
0,S001_normal_s,normal,1211,36.3
0,S001_normal_s,normal,1212,36.7
0,S001_normal_s,normal,1213,36.2
0,S001_normal_s,normal,1214,36.8
0,S001_normal_s,normal,1215,36.6
0,S001_normal_s,normal,1216,36.0
0,S001_normal_s,normal,1217,36.1
0,S001_normal_s,normal,1218,35.7
0,S001_normal_s,normal,1219,35.6
0,S001_normal_s,normal,1220,35.7
0,S001_normal_s,normal,1221,35.9
0,S001_normal_s,normal,1222,35.8
0,S001_normal_s,normal,1223,35.5
0,S001_normal_s,normal,1224,35.6
0,S001_normal_s,normal,1225,35.4
0,S001_normal_s,normal,1226,35.7
0,S001_normal_s,normal,1227,35.5
0,S001_normal_s,normal,1228,35.3
0,S001_normal_s,normal,1229,35.5
0,S001_normal_s,normal,1230,35.1
0,S001_normal_s,normal,1231,35.5
0,S001_normal_s,normal,1232,35.5
0,S001_normal_s,normal,1233,35.4
0,S001_normal_s,normal,1234,35.1
0,S001_normal_s,normal,1235,35.0
0,S001_normal_s,normal,1236,35.1
0,S001_normal_s,normal,1237,34.9
0,S001_normal_s,normal,1238,35.2
0,S001_normal_s,normal,1239,34.9
0,S001_normal_s,normal,1240,34.8
0,S001_normal_s,normal,1241,34.8
0,S001_normal_s,normal,1242,34.6
0,S001_normal_s,normal,1243,34.5
0,S001_normal_s,normal,1244,34.6
0,S001_normal_s,normal,1245,34.8
0,S001_normal_s,normal,1246,34.7
0,S001_normal_s,normal,1247,34.8
0,S001_normal_s,normal,1248,34.5
0,S001_normal_s,normal,1249,34.5
0,S001_normal_s,normal,1250,34.7
0,S001_normal_s,normal,1251,34.5
0,S001_normal_s,normal,1252,34.7
0,S001_normal_s,normal,1253,34.5
0,S001_normal_s,normal,1254,34.5
0,S001_normal_s,normal,1255,34.3
0,S001_normal_s,normal,1256,34.4
0,S001_normal_s,normal,1257,34.1
0,S001_normal_s,normal,1258,33.8
0,S001_normal_s,normal,1259,33.8
0,S001_normal_s,normal,1260,34.2
0,S001_normal_s,normal,1261,33.8
0,S001_normal_s,normal,1262,33.9
0,S001_normal_s,normal,1263,33.7
0,S001_normal_s,normal,1264,33.7
0,S001_normal_s,normal,1265,33.8
0,S001_normal_s,normal,1266,33.6
0,S001_normal_s,normal,1267,33.6
0,S001_normal_s,normal,1268,33.5
0,S001_normal_s,normal,1269,33.6
0,S001_normal_s,normal,1270,33.4
0,S001_normal_s,normal,1271,33.6
0,S001_normal_s,normal,1272,33.5
0,S001_normal_s,normal,1273,33.3
0,S001_normal_s,normal,1274,33.2
0,S001_normal_s,normal,1275,33.3
0,S001_normal_s,normal,1276,33.6
0,S001_normal_s,normal,1277,32.9
0,S001_normal_s,normal,1278,33.3
0,S001_normal_s,normal,1279,33.1
0,S001_normal_s,normal,1280,33.2
0,S001_normal_s,normal,1281,32.9
0,S001_normal_s,normal,1282,33.0
0,S001_normal_s,normal,1283,33.3
0,S001_normal_s,normal,1284,33.1
0,S001_normal_s,normal,1285,32.7
0,S001_normal_s,normal,1286,32.7
0,S001_normal_s,normal,1287,33.1
0,S001_normal_s,normal,1288,32.8
0,S001_normal_s,normal,1289,32.5
0,S001_normal_s,normal,1290,32.7
0,S001_normal_s,normal,1291,32.7
0,S001_normal_s,normal,1292,32.9
0,S001_normal_s,normal,1293,32.8
0,S001_normal_s,normal,1294,32.6
0,S001_normal_s,normal,1295,32.9
0,S001_normal_s,normal,1296,32.3
0,S001_normal_s,normal,1297,32.5
0,S001_normal_s,normal,1298,32.2
0,S001_normal_s,normal,1299,32.3
0,S001_normal_s,normal,1300,32.2
0,S001_normal_s,normal,1301,32.1
0,S001_normal_s,normal,1302,32.3
0,S001_normal_s,normal,1303,32.1
0,S001_normal_s,normal,1304,32.0
0,S001_normal_s,normal,1305,32.1
0,S001_normal_s,normal,1306,32.5
0,S001_normal_s,normal,1307,31.9
0,S001_normal_s,normal,1308,32.4
0,S001_normal_s,normal,1309,31.9
0,S001_normal_s,normal,1310,31.8
0,S001_normal_s,normal,1311,31.7
0,S001_normal_s,normal,1312,31.8
0,S001_normal_s,normal,1313,31.7
0,S001_normal_s,normal,1314,31.7
0,S001_normal_s,normal,1315,32.0
0,S001_normal_s,normal,1316,31.8
0,S001_normal_s,normal,1317,31.8
0,S001_normal_s,normal,1318,31.8
0,S001_normal_s,normal,1319,31.5
0,S001_normal_s,normal,1320,31.2
0,S001_normal_s,normal,1321,31.9
0,S001_normal_s,normal,1322,31.6
0,S001_normal_s,normal,1323,31.4
0,S001_normal_s,normal,1324,31.3
0,S001_normal_s,normal,1325,30.9
0,S001_normal_s,normal,1326,31.6
0,S001_normal_s,normal,1327,31.2
0,S001_normal_s,normal,1328,31.6
0,S001_normal_s,normal,1329,31.1
0,S001_normal_s,normal,1330,31.1
0,S001_normal_s,normal,1331,31.1
0,S001_normal_s,normal,1332,30.7
0,S001_normal_s,normal,1333,31.1
0,S001_normal_s,normal,1334,31.2
0,S001_normal_s,normal,1335,31.0
0,S001_normal_s,normal,1336,31.3
0,S001_normal_s,normal,1337,31.0
0,S001_normal_s,normal,1338,31.1
0,S001_normal_s,normal,1339,31.0
0,S001_normal_s,normal,1340,30.8
0,S001_normal_s,normal,1341,31.0
0,S001_normal_s,normal,1342,30.3
0,S001_normal_s,normal,1343,30.4
0,S001_normal_s,normal,1344,30.6
0,S001_normal_s,normal,1345,30.7
0,S001_normal_s,normal,1346,30.8
0,S001_normal_s,normal,1347,30.8
0,S001_normal_s,normal,1348,30.5
0,S001_normal_s,normal,1349,31.0
0,S001_normal_s,normal,1350,30.8
0,S001_normal_s,normal,1351,30.4
0,S001_normal_s,normal,1352,30.4
0,S001_normal_s,normal,1353,30.5
0,S001_normal_s,normal,1354,30.9
0,S001_normal_s,normal,1355,30.5
0,S001_normal_s,normal,1356,30.3
0,S001_normal_s,normal,1357,30.7
0,S001_normal_s,normal,1358,30.2
0,S001_normal_s,normal,1359,30.1
0,S001_normal_s,normal,1360,30.0
0,S001_normal_s,normal,1361,29.9
0,S001_normal_s,normal,1362,30.1
0,S001_normal_s,normal,1363,29.9
0,S001_normal_s,normal,1364,30.2
0,S001_normal_s,normal,1365,30.4
0,S001_normal_s,normal,1366,30.3
0,S001_normal_s,normal,1367,30.3
0,S001_normal_s,normal,1368,30.1
0,S001_normal_s,normal,1369,29.6
0,S001_normal_s,normal,1370,29.9
0,S001_normal_s,normal,1371,29.7
0,S001_normal_s,normal,1372,30.0
0,S001_normal_s,normal,1373,29.8
0,S001_normal_s,normal,1374,29.8
0,S001_normal_s,normal,1375,29.8
0,S001_normal_s,normal,1376,29.9
0,S001_normal_s,normal,1377,29.9
0,S001_normal_s,normal,1378,29.7
0,S001_normal_s,normal,1379,30.0
0,S001_normal_s,normal,1380,29.7
0,S001_normal_s,normal,1381,29.9
0,S001_normal_s,normal,1382,29.4
0,S001_normal_s,normal,1383,29.8
0,S001_normal_s,normal,1384,29.3
0,S001_normal_s,normal,1385,29.3
0,S001_normal_s,normal,1386,29.7
0,S001_normal_s,normal,1387,29.3
0,S001_normal_s,normal,1388,29.5
0,S001_normal_s,normal,1389,29.6
0,S001_normal_s,normal,1390,29.4
0,S001_normal_s,normal,1391,29.8
0,S001_normal_s,normal,1392,29.6
0,S001_normal_s,normal,1393,29.2
0,S001_normal_s,normal,1394,29.1
0,S001_normal_s,normal,1395,29.2
0,S001_normal_s,normal,1396,29.2
0,S001_normal_s,normal,1397,29.1
0,S001_normal_s,normal,1398,29.3
0,S001_normal_s,normal,1399,29.5
0,S001_normal_s,normal,1400,29.2
0,S001_normal_s,normal,1401,28.9
0,S001_normal_s,normal,1402,28.9
0,S001_normal_s,normal,1403,29.4
0,S001_normal_s,normal,1404,28.8
0,S001_normal_s,normal,1405,29.1
0,S001_normal_s,normal,1406,28.6
0,S001_normal_s,normal,1407,28.7
0,S001_normal_s,normal,1408,28.9
0,S001_normal_s,normal,1409,28.8
0,S001_normal_s,normal,1410,28.9
0,S001_normal_s,normal,1411,28.7
0,S001_normal_s,normal,1412,28.7
0,S001_normal_s,normal,1413,28.9
0,S001_normal_s,normal,1414,28.6
0,S001_normal_s,normal,1415,28.6
0,S001_normal_s,normal,1416,28.9
0,S001_normal_s,normal,1417,28.5
0,S001_normal_s,normal,1418,28.8
0,S001_normal_s,normal,1419,28.6
0,S001_normal_s,normal,1420,28.8
0,S001_normal_s,normal,1421,28.4
0,S001_normal_s,normal,1422,28.8
0,S001_normal_s,normal,1423,28.3
0,S001_normal_s,normal,1424,28.4
0,S001_normal_s,normal,1425,28.3
0,S001_normal_s,normal,1426,28.6
0,S001_normal_s,normal,1427,28.2
0,S001_normal_s,normal,1428,28.3
0,S001_normal_s,normal,1429,28.5
0,S001_normal_s,normal,1430,28.2
0,S001_normal_s,normal,1431,27.9
0,S001_normal_s,normal,1432,28.4
0,S001_normal_s,normal,1433,28.6
0,S001_normal_s,normal,1434,28.1
0,S001_normal_s,normal,1435,28.1
0,S001_normal_s,normal,1436,28.3
0,S001_normal_s,normal,1437,28.3
0,S001_normal_s,normal,1438,28.2
0,S001_normal_s,normal,1439,28.2
0,S001_normal_s,normal,1440,27.9
0,S001_normal_s,normal,1441,27.9
0,S001_normal_s,normal,1442,28.7
0,S001_normal_s,normal,1443,27.8
0,S001_normal_s,normal,1444,28.2
0,S001_normal_s,normal,1445,28.0
0,S001_normal_s,normal,1446,28.3
0,S001_normal_s,normal,1447,27.9
0,S001_normal_s,normal,1448,28.4
0,S001_normal_s,normal,1449,27.7
0,S001_normal_s,normal,1450,27.8
0,S001_normal_s,normal,1451,28.1
0,S001_normal_s,normal,1452,27.8
0,S001_normal_s,normal,1453,28.1
0,S001_normal_s,normal,1454,28.1
0,S001_normal_s,normal,1455,27.8
0,S001_normal_s,normal,1456,28.1
0,S001_normal_s,normal,1457,28.1
0,S001_normal_s,normal,1458,27.8
0,S001_normal_s,normal,1459,27.6
0,S001_normal_s,normal,1460,27.7
0,S001_normal_s,normal,1461,27.8
0,S001_normal_s,normal,1462,27.3
0,S001_normal_s,normal,1463,27.1
0,S001_normal_s,normal,1464,27.7
0,S001_normal_s,normal,1465,27.5
0,S001_normal_s,normal,1466,27.6
0,S001_normal_s,normal,1467,27.7
0,S001_normal_s,normal,1468,27.4
0,S001_normal_s,normal,1469,27.1
0,S001_normal_s,normal,1470,27.5
0,S001_normal_s,normal,1471,27.8
0,S001_normal_s,normal,1472,27.4
0,S001_normal_s,normal,1473,27.2
0,S001_normal_s,normal,1474,27.2
0,S001_normal_s,normal,1475,27.3
0,S001_normal_s,normal,1476,27.6
0,S001_normal_s,normal,1477,27.3
0,S001_normal_s,normal,1478,27.7
0,S001_normal_s,normal,1479,27.1
0,S001_normal_s,normal,1480,27.4
0,S001_normal_s,normal,1481,27.4
0,S001_normal_s,normal,1482,27.3
0,S001_normal_s,normal,1483,27.0
0,S001_normal_s,normal,1484,27.2
0,S001_normal_s,normal,1485,27.3
0,S001_normal_s,normal,1486,26.4
0,S001_normal_s,normal,1487,27.0
0,S001_normal_s,normal,1488,27.0
0,S001_normal_s,normal,1489,26.7
0,S001_normal_s,normal,1490,27.2
0,S001_normal_s,normal,1491,26.8
0,S001_normal_s,normal,1492,27.3
0,S001_normal_s,normal,1493,27.2
0,S001_normal_s,normal,1494,27.3
0,S001_normal_s,normal,1495,26.9
0,S001_normal_s,normal,1496,26.8
0,S001_normal_s,normal,1497,26.6
0,S001_normal_s,normal,1498,26.9
0,S001_normal_s,normal,1499,26.7
1,S002_normal_s,normal,0,23.1
1,S002_normal_s,normal,1,23.0
1,S002_normal_s,normal,2,23.3
1,S002_normal_s,normal,3,23.2
1,S002_normal_s,normal,4,23.2
1,S002_normal_s,normal,5,23.3
1,S002_normal_s,normal,6,23.1
1,S002_normal_s,normal,7,23.0
1,S002_normal_s,normal,8,23.1
1,S002_normal_s,normal,9,23.2
1,S002_normal_s,normal,10,23.1
1,S002_normal_s,normal,11,23.6
1,S002_normal_s,normal,12,23.2
1,S002_normal_s,normal,13,23.1
1,S002_normal_s,normal,14,23.2
1,S002_normal_s,normal,15,23.2
1,S002_normal_s,normal,16,23.1
1,S002_normal_s,normal,17,23.3
1,S002_normal_s,normal,18,23.0
1,S002_normal_s,normal,19,23.1
1,S002_normal_s,normal,20,23.1
1,S002_normal_s,normal,21,23.3
1,S002_normal_s,normal,22,23.3
1,S002_normal_s,normal,23,23.3
1,S002_normal_s,normal,24,23.2
1,S002_normal_s,normal,25,23.2
1,S002_normal_s,normal,26,23.4
1,S002_normal_s,normal,27,23.2
1,S002_normal_s,normal,28,22.9
1,S002_normal_s,normal,29,23.2
1,S002_normal_s,normal,30,23.0
1,S002_normal_s,normal,31,23.1
1,S002_normal_s,normal,32,22.7
1,S002_normal_s,normal,33,23.3
1,S002_normal_s,normal,34,23.2
1,S002_normal_s,normal,35,23.0
1,S002_normal_s,normal,36,23.2
1,S002_normal_s,normal,37,22.9
1,S002_normal_s,normal,38,23.3
1,S002_normal_s,normal,39,23.2
1,S002_normal_s,normal,40,23.1
1,S002_normal_s,normal,41,23.0
1,S002_normal_s,normal,42,23.1
1,S002_normal_s,normal,43,23.0
1,S002_normal_s,normal,44,23.2
1,S002_normal_s,normal,45,23.3
1,S002_normal_s,normal,46,23.3
1,S002_normal_s,normal,47,23.0
1,S002_normal_s,normal,48,23.2
1,S002_normal_s,normal,49,23.2
1,S002_normal_s,normal,50,23.2
1,S002_normal_s,normal,51,23.2
1,S002_normal_s,normal,52,23.2
1,S002_normal_s,normal,53,23.2
1,S002_normal_s,normal,54,23.0
1,S002_normal_s,normal,55,23.2
1,S002_normal_s,normal,56,23.2
1,S002_normal_s,normal,57,23.4
1,S002_normal_s,normal,58,23.0
1,S002_normal_s,normal,59,23.3
1,S002_normal_s,normal,60,23.0
1,S002_normal_s,normal,61,23.3
1,S002_normal_s,normal,62,23.2
1,S002_normal_s,normal,63,22.9
1,S002_normal_s,normal,64,23.2
1,S002_normal_s,normal,65,23.0
1,S002_normal_s,normal,66,23.0
1,S002_normal_s,normal,67,23.0
1,S002_normal_s,normal,68,23.1
1,S002_normal_s,normal,69,23.1
1,S002_normal_s,normal,70,23.0
1,S002_normal_s,normal,71,23.1
1,S002_normal_s,normal,72,23.2
1,S002_normal_s,normal,73,23.1
1,S002_normal_s,normal,74,23.0
1,S002_normal_s,normal,75,22.9
1,S002_normal_s,normal,76,23.0
1,S002_normal_s,normal,77,22.9
1,S002_normal_s,normal,78,23.1
1,S002_normal_s,normal,79,23.0
1,S002_normal_s,normal,80,23.2
1,S002_normal_s,normal,81,23.1
1,S002_normal_s,normal,82,23.0
1,S002_normal_s,normal,83,23.0
1,S002_normal_s,normal,84,23.2
1,S002_normal_s,normal,85,23.2
1,S002_normal_s,normal,86,23.3
1,S002_normal_s,normal,87,23.1
1,S002_normal_s,normal,88,23.2
1,S002_normal_s,normal,89,23.0
1,S002_normal_s,normal,90,23.0
1,S002_normal_s,normal,91,23.2
1,S002_normal_s,normal,92,22.9
1,S002_normal_s,normal,93,23.1
1,S002_normal_s,normal,94,23.2
1,S002_normal_s,normal,95,23.1
1,S002_normal_s,normal,96,23.2
1,S002_normal_s,normal,97,23.1
1,S002_normal_s,normal,98,22.9
1,S002_normal_s,normal,99,23.2
1,S002_normal_s,normal,100,23.0
1,S002_normal_s,normal,101,23.0
1,S002_normal_s,normal,102,22.9
1,S002_normal_s,normal,103,23.1
1,S002_normal_s,normal,104,23.1
1,S002_normal_s,normal,105,23.3
1,S002_normal_s,normal,106,23.2
1,S002_normal_s,normal,107,23.3
1,S002_normal_s,normal,108,23.1
1,S002_normal_s,normal,109,23.1
1,S002_normal_s,normal,110,23.3
1,S002_normal_s,normal,111,23.2
1,S002_normal_s,normal,112,23.0
1,S002_normal_s,normal,113,23.1
1,S002_normal_s,normal,114,23.0
1,S002_normal_s,normal,115,23.1
1,S002_normal_s,normal,116,23.2
1,S002_normal_s,normal,117,23.6
1,S002_normal_s,normal,118,23.2
1,S002_normal_s,normal,119,23.1
1,S002_normal_s,normal,120,23.0
1,S002_normal_s,normal,121,23.3
1,S002_normal_s,normal,122,23.1
1,S002_normal_s,normal,123,23.1
1,S002_normal_s,normal,124,23.1
1,S002_normal_s,normal,125,23.1
1,S002_normal_s,normal,126,23.1
1,S002_normal_s,normal,127,23.0
1,S002_normal_s,normal,128,22.7
1,S002_normal_s,normal,129,22.8
1,S002_normal_s,normal,130,23.2
1,S002_normal_s,normal,131,23.0
1,S002_normal_s,normal,132,23.2
1,S002_normal_s,normal,133,23.0
1,S002_normal_s,normal,134,23.2
1,S002_normal_s,normal,135,22.9
1,S002_normal_s,normal,136,23.1
1,S002_normal_s,normal,137,22.8
1,S002_normal_s,normal,138,23.0
1,S002_normal_s,normal,139,22.9
1,S002_normal_s,normal,140,22.8
1,S002_normal_s,normal,141,23.1
1,S002_normal_s,normal,142,23.0
1,S002_normal_s,normal,143,22.8
1,S002_normal_s,normal,144,22.9
1,S002_normal_s,normal,145,23.1
1,S002_normal_s,normal,146,23.1
1,S002_normal_s,normal,147,23.1
1,S002_normal_s,normal,148,22.9
1,S002_normal_s,normal,149,23.2
1,S002_normal_s,normal,150,23.1
1,S002_normal_s,normal,151,23.0
1,S002_normal_s,normal,152,23.0
1,S002_normal_s,normal,153,22.8
1,S002_normal_s,normal,154,22.9
1,S002_normal_s,normal,155,23.0
1,S002_normal_s,normal,156,23.3
1,S002_normal_s,normal,157,23.2
1,S002_normal_s,normal,158,22.9
1,S002_normal_s,normal,159,22.9
1,S002_normal_s,normal,160,23.1
1,S002_normal_s,normal,161,23.3
1,S002_normal_s,normal,162,23.1
1,S002_normal_s,normal,163,23.0
1,S002_normal_s,normal,164,22.9
1,S002_normal_s,normal,165,23.3
1,S002_normal_s,normal,166,23.4
1,S002_normal_s,normal,167,23.1
1,S002_normal_s,normal,168,22.9
1,S002_normal_s,normal,169,23.0
1,S002_normal_s,normal,170,22.8
1,S002_normal_s,normal,171,23.0
1,S002_normal_s,normal,172,23.0
1,S002_normal_s,normal,173,23.0
1,S002_normal_s,normal,174,23.2
1,S002_normal_s,normal,175,23.3
1,S002_normal_s,normal,176,23.1
1,S002_normal_s,normal,177,23.2
1,S002_normal_s,normal,178,23.3
1,S002_normal_s,normal,179,23.1
1,S002_normal_s,normal,180,23.3
1,S002_normal_s,normal,181,23.1
1,S002_normal_s,normal,182,23.2
1,S002_normal_s,normal,183,23.3
1,S002_normal_s,normal,184,23.3
1,S002_normal_s,normal,185,23.2
1,S002_normal_s,normal,186,22.8
1,S002_normal_s,normal,187,23.0
1,S002_normal_s,normal,188,23.2
1,S002_normal_s,normal,189,22.9
1,S002_normal_s,normal,190,23.2
1,S002_normal_s,normal,191,23.3
1,S002_normal_s,normal,192,23.2
1,S002_normal_s,normal,193,23.0
1,S002_normal_s,normal,194,23.1
1,S002_normal_s,normal,195,23.1
1,S002_normal_s,normal,196,23.0
1,S002_normal_s,normal,197,23.0
1,S002_normal_s,normal,198,23.0
1,S002_normal_s,normal,199,23.1
1,S002_normal_s,normal,200,22.9
1,S002_normal_s,normal,201,23.1
1,S002_normal_s,normal,202,23.0
1,S002_normal_s,normal,203,23.2
1,S002_normal_s,normal,204,23.1
1,S002_normal_s,normal,205,23.1
1,S002_normal_s,normal,206,23.1
1,S002_normal_s,normal,207,23.1
1,S002_normal_s,normal,208,22.9
1,S002_normal_s,normal,209,23.0
1,S002_normal_s,normal,210,23.0
1,S002_normal_s,normal,211,22.8
1,S002_normal_s,normal,212,23.2
1,S002_normal_s,normal,213,23.0
1,S002_normal_s,normal,214,22.9
1,S002_normal_s,normal,215,22.9
1,S002_normal_s,normal,216,22.9
1,S002_normal_s,normal,217,23.2
1,S002_normal_s,normal,218,23.3
1,S002_normal_s,normal,219,23.2
1,S002_normal_s,normal,220,23.2
1,S002_normal_s,normal,221,23.0
1,S002_normal_s,normal,222,22.9
1,S002_normal_s,normal,223,23.0
1,S002_normal_s,normal,224,22.9
1,S002_normal_s,normal,225,23.1
1,S002_normal_s,normal,226,23.1
1,S002_normal_s,normal,227,22.9
1,S002_normal_s,normal,228,23.0
1,S002_normal_s,normal,229,23.2
1,S002_normal_s,normal,230,23.0
1,S002_normal_s,normal,231,23.0
1,S002_normal_s,normal,232,23.2
1,S002_normal_s,normal,233,23.2
1,S002_normal_s,normal,234,23.2
1,S002_normal_s,normal,235,23.0
1,S002_normal_s,normal,236,23.1
1,S002_normal_s,normal,237,22.9
1,S002_normal_s,normal,238,23.2
1,S002_normal_s,normal,239,23.0
1,S002_normal_s,normal,240,23.2
1,S002_normal_s,normal,241,22.9
1,S002_normal_s,normal,242,23.1
1,S002_normal_s,normal,243,22.9
1,S002_normal_s,normal,244,22.9
1,S002_normal_s,normal,245,23.2
1,S002_normal_s,normal,246,23.0
1,S002_normal_s,normal,247,23.1
1,S002_normal_s,normal,248,23.3
1,S002_normal_s,normal,249,23.0
1,S002_normal_s,normal,250,23.1
1,S002_normal_s,normal,251,23.0
1,S002_normal_s,normal,252,23.2
1,S002_normal_s,normal,253,23.4
1,S002_normal_s,normal,254,23.0
1,S002_normal_s,normal,255,23.4
1,S002_normal_s,normal,256,23.2
1,S002_normal_s,normal,257,23.1
1,S002_normal_s,normal,258,23.3
1,S002_normal_s,normal,259,23.2
1,S002_normal_s,normal,260,23.4
1,S002_normal_s,normal,261,22.8
1,S002_normal_s,normal,262,23.0
1,S002_normal_s,normal,263,23.1
1,S002_normal_s,normal,264,23.1
1,S002_normal_s,normal,265,23.1
1,S002_normal_s,normal,266,22.8
1,S002_normal_s,normal,267,22.8
1,S002_normal_s,normal,268,23.0
1,S002_normal_s,normal,269,22.8
1,S002_normal_s,normal,270,23.1
1,S002_normal_s,normal,271,22.9
1,S002_normal_s,normal,272,22.8
1,S002_normal_s,normal,273,22.9
1,S002_normal_s,normal,274,22.8
1,S002_normal_s,normal,275,23.1
1,S002_normal_s,normal,276,22.8
1,S002_normal_s,normal,277,22.9
1,S002_normal_s,normal,278,22.9
1,S002_normal_s,normal,279,23.0
1,S002_normal_s,normal,280,22.7
1,S002_normal_s,normal,281,22.9
1,S002_normal_s,normal,282,23.0
1,S002_normal_s,normal,283,22.9
1,S002_normal_s,normal,284,23.1
1,S002_normal_s,normal,285,23.0
1,S002_normal_s,normal,286,22.8
1,S002_normal_s,normal,287,23.1
1,S002_normal_s,normal,288,22.9
1,S002_normal_s,normal,289,23.0
1,S002_normal_s,normal,290,23.1
1,S002_normal_s,normal,291,22.8
1,S002_normal_s,normal,292,22.8
1,S002_normal_s,normal,293,22.8
1,S002_normal_s,normal,294,22.9
1,S002_normal_s,normal,295,23.0
1,S002_normal_s,normal,296,23.2
1,S002_normal_s,normal,297,23.0
1,S002_normal_s,normal,298,23.1
1,S002_normal_s,normal,299,23.2
1,S002_normal_s,normal,300,23.0
1,S002_normal_s,normal,301,22.9
1,S002_normal_s,normal,302,23.3
1,S002_normal_s,normal,303,23.3
1,S002_normal_s,normal,304,23.3
1,S002_normal_s,normal,305,23.2
1,S002_normal_s,normal,306,23.6
1,S002_normal_s,normal,307,23.3
1,S002_normal_s,normal,308,23.6
1,S002_normal_s,normal,309,23.5
1,S002_normal_s,normal,310,23.6
1,S002_normal_s,normal,311,23.9
1,S002_normal_s,normal,312,24.3
1,S002_normal_s,normal,313,24.2
1,S002_normal_s,normal,314,24.1
1,S002_normal_s,normal,315,24.5
1,S002_normal_s,normal,316,24.2
1,S002_normal_s,normal,317,24.6
1,S002_normal_s,normal,318,24.5
1,S002_normal_s,normal,319,24.7
1,S002_normal_s,normal,320,24.9
1,S002_normal_s,normal,321,24.8
1,S002_normal_s,normal,322,24.7
1,S002_normal_s,normal,323,24.9
1,S002_normal_s,normal,324,25.1
1,S002_normal_s,normal,325,24.9
1,S002_normal_s,normal,326,25.1
1,S002_normal_s,normal,327,25.4
1,S002_normal_s,normal,328,25.2
1,S002_normal_s,normal,329,25.6
1,S002_normal_s,normal,330,25.3
1,S002_normal_s,normal,331,25.5
1,S002_normal_s,normal,332,25.7
1,S002_normal_s,normal,333,26.0
1,S002_normal_s,normal,334,26.0
1,S002_normal_s,normal,335,26.2
1,S002_normal_s,normal,336,26.0
1,S002_normal_s,normal,337,25.8
1,S002_normal_s,normal,338,26.0
1,S002_normal_s,normal,339,26.1
1,S002_normal_s,normal,340,26.0
1,S002_normal_s,normal,341,26.1
1,S002_normal_s,normal,342,26.4
1,S002_normal_s,normal,343,26.3
1,S002_normal_s,normal,344,26.2
1,S002_normal_s,normal,345,26.4
1,S002_normal_s,normal,346,26.5
1,S002_normal_s,normal,347,26.8
1,S002_normal_s,normal,348,26.7
1,S002_normal_s,normal,349,26.8
1,S002_normal_s,normal,350,26.8
1,S002_normal_s,normal,351,26.9
1,S002_normal_s,normal,352,27.1
1,S002_normal_s,normal,353,26.9
1,S002_normal_s,normal,354,26.9
1,S002_normal_s,normal,355,27.4
1,S002_normal_s,normal,356,27.4
1,S002_normal_s,normal,357,27.4
1,S002_normal_s,normal,358,27.5
1,S002_normal_s,normal,359,27.5
1,S002_normal_s,normal,360,27.7
1,S002_normal_s,normal,361,27.6
1,S002_normal_s,normal,362,27.8
1,S002_normal_s,normal,363,28.0
1,S002_normal_s,normal,364,27.6
1,S002_normal_s,normal,365,27.8
1,S002_normal_s,normal,366,27.9
1,S002_normal_s,normal,367,28.2
1,S002_normal_s,normal,368,28.1
1,S002_normal_s,normal,369,28.1
1,S002_normal_s,normal,370,28.5
1,S002_normal_s,normal,371,28.3
1,S002_normal_s,normal,372,28.4
1,S002_normal_s,normal,373,28.5
1,S002_normal_s,normal,374,28.4
1,S002_normal_s,normal,375,28.4
1,S002_normal_s,normal,376,28.5
1,S002_normal_s,normal,377,28.9
1,S002_normal_s,normal,378,28.3
1,S002_normal_s,normal,379,28.7
1,S002_normal_s,normal,380,28.4
1,S002_normal_s,normal,381,28.7
1,S002_normal_s,normal,382,28.8
1,S002_normal_s,normal,383,29.1
1,S002_normal_s,normal,384,29.0
1,S002_normal_s,normal,385,28.9
1,S002_normal_s,normal,386,29.1
1,S002_normal_s,normal,387,29.0
1,S002_normal_s,normal,388,29.1
1,S002_normal_s,normal,389,29.3
1,S002_normal_s,normal,390,29.3
1,S002_normal_s,normal,391,29.4
1,S002_normal_s,normal,392,29.4
1,S002_normal_s,normal,393,29.4
1,S002_normal_s,normal,394,29.9
1,S002_normal_s,normal,395,29.6
1,S002_normal_s,normal,396,29.7
1,S002_normal_s,normal,397,29.5
1,S002_normal_s,normal,398,29.8
1,S002_normal_s,normal,399,29.9
1,S002_normal_s,normal,400,30.1
1,S002_normal_s,normal,401,30.1
1,S002_normal_s,normal,402,30.1
1,S002_normal_s,normal,403,30.2
1,S002_normal_s,normal,404,30.2
1,S002_normal_s,normal,405,30.3
1,S002_normal_s,normal,406,30.3
1,S002_normal_s,normal,407,30.2
1,S002_normal_s,normal,408,30.3
1,S002_normal_s,normal,409,30.3
1,S002_normal_s,normal,410,30.5
1,S002_normal_s,normal,411,30.6
1,S002_normal_s,normal,412,30.5
1,S002_normal_s,normal,413,30.4
1,S002_normal_s,normal,414,30.6
1,S002_normal_s,normal,415,30.6
1,S002_normal_s,normal,416,30.5
1,S002_normal_s,normal,417,30.5
1,S002_normal_s,normal,418,30.4
1,S002_normal_s,normal,419,30.7
1,S002_normal_s,normal,420,30.5
1,S002_normal_s,normal,421,30.7
1,S002_normal_s,normal,422,30.7
1,S002_normal_s,normal,423,30.7
1,S002_normal_s,normal,424,31.0
1,S002_normal_s,normal,425,30.9
1,S002_normal_s,normal,426,31.0
1,S002_normal_s,normal,427,30.9
1,S002_normal_s,normal,428,31.1
1,S002_normal_s,normal,429,31.5
1,S002_normal_s,normal,430,31.5
1,S002_normal_s,normal,431,31.4
1,S002_normal_s,normal,432,31.1
1,S002_normal_s,normal,433,31.1
1,S002_normal_s,normal,434,31.4
1,S002_normal_s,normal,435,31.5
1,S002_normal_s,normal,436,31.4
1,S002_normal_s,normal,437,31.6
1,S002_normal_s,normal,438,31.5
1,S002_normal_s,normal,439,31.4
1,S002_normal_s,normal,440,31.4
1,S002_normal_s,normal,441,31.6
1,S002_normal_s,normal,442,31.9
1,S002_normal_s,normal,443,31.8
1,S002_normal_s,normal,444,31.8
1,S002_normal_s,normal,445,31.7
1,S002_normal_s,normal,446,31.5
1,S002_normal_s,normal,447,31.9
1,S002_normal_s,normal,448,31.7
1,S002_normal_s,normal,449,31.9
1,S002_normal_s,normal,450,31.9
1,S002_normal_s,normal,451,32.0
1,S002_normal_s,normal,452,32.2
1,S002_normal_s,normal,453,32.1
1,S002_normal_s,normal,454,32.2
1,S002_normal_s,normal,455,32.5
1,S002_normal_s,normal,456,32.4
1,S002_normal_s,normal,457,32.4
1,S002_normal_s,normal,458,32.5
1,S002_normal_s,normal,459,32.2
1,S002_normal_s,normal,460,32.6
1,S002_normal_s,normal,461,32.5
1,S002_normal_s,normal,462,32.5
1,S002_normal_s,normal,463,32.7
1,S002_normal_s,normal,464,32.4
1,S002_normal_s,normal,465,32.4
1,S002_normal_s,normal,466,32.5
1,S002_normal_s,normal,467,32.9
1,S002_normal_s,normal,468,32.6
1,S002_normal_s,normal,469,32.5
1,S002_normal_s,normal,470,32.8
1,S002_normal_s,normal,471,32.9
1,S002_normal_s,normal,472,32.9
1,S002_normal_s,normal,473,32.9
1,S002_normal_s,normal,474,32.9
1,S002_normal_s,normal,475,32.7
1,S002_normal_s,normal,476,32.9
1,S002_normal_s,normal,477,32.9
1,S002_normal_s,normal,478,32.8
1,S002_normal_s,normal,479,33.0
1,S002_normal_s,normal,480,32.8
1,S002_normal_s,normal,481,32.9
1,S002_normal_s,normal,482,33.1
1,S002_normal_s,normal,483,33.1
1,S002_normal_s,normal,484,33.2
1,S002_normal_s,normal,485,33.3
1,S002_normal_s,normal,486,33.2
1,S002_normal_s,normal,487,33.4
1,S002_normal_s,normal,488,33.2
1,S002_normal_s,normal,489,33.3
1,S002_normal_s,normal,490,33.3
1,S002_normal_s,normal,491,33.7
1,S002_normal_s,normal,492,33.6
1,S002_normal_s,normal,493,33.7
1,S002_normal_s,normal,494,33.7
1,S002_normal_s,normal,495,33.6
1,S002_normal_s,normal,496,33.4
1,S002_normal_s,normal,497,33.7
1,S002_normal_s,normal,498,33.8
1,S002_normal_s,normal,499,34.0
1,S002_normal_s,normal,500,33.5
1,S002_normal_s,normal,501,33.6
1,S002_normal_s,normal,502,33.6
1,S002_normal_s,normal,503,33.6
1,S002_normal_s,normal,504,33.6
1,S002_normal_s,normal,505,34.0
1,S002_normal_s,normal,506,34.1
1,S002_normal_s,normal,507,34.0
1,S002_normal_s,normal,508,34.0
1,S002_normal_s,normal,509,33.9
1,S002_normal_s,normal,510,33.8
1,S002_normal_s,normal,511,33.8
1,S002_normal_s,normal,512,33.9
1,S002_normal_s,normal,513,34.0
1,S002_normal_s,normal,514,34.0
1,S002_normal_s,normal,515,34.0
1,S002_normal_s,normal,516,34.3
1,S002_normal_s,normal,517,34.4
1,S002_normal_s,normal,518,34.5
1,S002_normal_s,normal,519,34.4
1,S002_normal_s,normal,520,34.4
1,S002_normal_s,normal,521,34.4
1,S002_normal_s,normal,522,34.2
1,S002_normal_s,normal,523,34.3
1,S002_normal_s,normal,524,34.4
1,S002_normal_s,normal,525,34.6
1,S002_normal_s,normal,526,34.7
1,S002_normal_s,normal,527,34.5
1,S002_normal_s,normal,528,34.6
1,S002_normal_s,normal,529,34.8
1,S002_normal_s,normal,530,34.8
1,S002_normal_s,normal,531,34.6
1,S002_normal_s,normal,532,34.7
1,S002_normal_s,normal,533,34.7
1,S002_normal_s,normal,534,34.4
1,S002_normal_s,normal,535,34.8
1,S002_normal_s,normal,536,34.6
1,S002_normal_s,normal,537,34.3
1,S002_normal_s,normal,538,34.5
1,S002_normal_s,normal,539,34.7
1,S002_normal_s,normal,540,34.5
1,S002_normal_s,normal,541,35.0
1,S002_normal_s,normal,542,34.7
1,S002_normal_s,normal,543,35.0
1,S002_normal_s,normal,544,34.9
1,S002_normal_s,normal,545,34.9
1,S002_normal_s,normal,546,35.1
1,S002_normal_s,normal,547,34.8
1,S002_normal_s,normal,548,35.0
1,S002_normal_s,normal,549,35.1
1,S002_normal_s,normal,550,35.3
1,S002_normal_s,normal,551,35.5
1,S002_normal_s,normal,552,35.4
1,S002_normal_s,normal,553,35.2
1,S002_normal_s,normal,554,35.4
1,S002_normal_s,normal,555,35.5
1,S002_normal_s,normal,556,35.2
1,S002_normal_s,normal,557,35.5
1,S002_normal_s,normal,558,35.1
1,S002_normal_s,normal,559,35.1
1,S002_normal_s,normal,560,35.3
1,S002_normal_s,normal,561,35.5
1,S002_normal_s,normal,562,35.7
1,S002_normal_s,normal,563,35.8
1,S002_normal_s,normal,564,35.6
1,S002_normal_s,normal,565,35.7
1,S002_normal_s,normal,566,35.4
1,S002_normal_s,normal,567,35.5
1,S002_normal_s,normal,568,35.8
1,S002_normal_s,normal,569,35.7
1,S002_normal_s,normal,570,35.9
1,S002_normal_s,normal,571,35.9
1,S002_normal_s,normal,572,35.9
1,S002_normal_s,normal,573,35.9
1,S002_normal_s,normal,574,35.6
1,S002_normal_s,normal,575,35.7
1,S002_normal_s,normal,576,35.6
1,S002_normal_s,normal,577,35.7
1,S002_normal_s,normal,578,36.0
1,S002_normal_s,normal,579,35.8
1,S002_normal_s,normal,580,35.9
1,S002_normal_s,normal,581,36.0
1,S002_normal_s,normal,582,36.1
1,S002_normal_s,normal,583,36.0
1,S002_normal_s,normal,584,35.5
1,S002_normal_s,normal,585,35.9
1,S002_normal_s,normal,586,35.9
1,S002_normal_s,normal,587,36.1
1,S002_normal_s,normal,588,36.2
1,S002_normal_s,normal,589,36.1
1,S002_normal_s,normal,590,36.0
1,S002_normal_s,normal,591,36.2
1,S002_normal_s,normal,592,36.0
1,S002_normal_s,normal,593,36.1
1,S002_normal_s,normal,594,36.3
1,S002_normal_s,normal,595,36.3
1,S002_normal_s,normal,596,36.3
1,S002_normal_s,normal,597,36.2
1,S002_normal_s,normal,598,36.2
1,S002_normal_s,normal,599,36.3
1,S002_normal_s,normal,600,36.5
1,S002_normal_s,normal,601,36.2
1,S002_normal_s,normal,602,36.3
1,S002_normal_s,normal,603,36.1
1,S002_normal_s,normal,604,36.3
1,S002_normal_s,normal,605,36.2
1,S002_normal_s,normal,606,36.3
1,S002_normal_s,normal,607,36.2
1,S002_normal_s,normal,608,36.2
1,S002_normal_s,normal,609,36.0
1,S002_normal_s,normal,610,36.4
1,S002_normal_s,normal,611,36.5
1,S002_normal_s,normal,612,36.6
1,S002_normal_s,normal,613,36.7
1,S002_normal_s,normal,614,36.7
1,S002_normal_s,normal,615,36.5
1,S002_normal_s,normal,616,36.4
1,S002_normal_s,normal,617,36.6
1,S002_normal_s,normal,618,36.7
1,S002_normal_s,normal,619,36.4
1,S002_normal_s,normal,620,36.3
1,S002_normal_s,normal,621,36.5
1,S002_normal_s,normal,622,36.9
1,S002_normal_s,normal,623,36.6
1,S002_normal_s,normal,624,36.6
1,S002_normal_s,normal,625,36.7
1,S002_normal_s,normal,626,36.4
1,S002_normal_s,normal,627,36.5
1,S002_normal_s,normal,628,36.6
1,S002_normal_s,normal,629,36.5
1,S002_normal_s,normal,630,36.5
1,S002_normal_s,normal,631,36.6
1,S002_normal_s,normal,632,36.7
1,S002_normal_s,normal,633,36.7
1,S002_normal_s,normal,634,36.7
1,S002_normal_s,normal,635,36.8
1,S002_normal_s,normal,636,36.7
1,S002_normal_s,normal,637,37.0
1,S002_normal_s,normal,638,36.8
1,S002_normal_s,normal,639,36.6
1,S002_normal_s,normal,640,36.8
1,S002_normal_s,normal,641,36.9
1,S002_normal_s,normal,642,36.9
1,S002_normal_s,normal,643,36.9
1,S002_normal_s,normal,644,36.6
1,S002_normal_s,normal,645,36.7
1,S002_normal_s,normal,646,37.0
1,S002_normal_s,normal,647,36.7
1,S002_normal_s,normal,648,37.0
1,S002_normal_s,normal,649,36.8
1,S002_normal_s,normal,650,36.8
1,S002_normal_s,normal,651,36.9
1,S002_normal_s,normal,652,36.8
1,S002_normal_s,normal,653,36.9
1,S002_normal_s,normal,654,36.9
1,S002_normal_s,normal,655,37.0
1,S002_normal_s,normal,656,36.9
1,S002_normal_s,normal,657,37.0
1,S002_normal_s,normal,658,36.7
1,S002_normal_s,normal,659,36.9
1,S002_normal_s,normal,660,37.0
1,S002_normal_s,normal,661,36.7
1,S002_normal_s,normal,662,36.9
1,S002_normal_s,normal,663,37.1
1,S002_normal_s,normal,664,37.0
1,S002_normal_s,normal,665,37.0
1,S002_normal_s,normal,666,36.9
1,S002_normal_s,normal,667,37.2
1,S002_normal_s,normal,668,37.3
1,S002_normal_s,normal,669,36.9
1,S002_normal_s,normal,670,37.2
1,S002_normal_s,normal,671,37.3
1,S002_normal_s,normal,672,37.0
1,S002_normal_s,normal,673,37.3
1,S002_normal_s,normal,674,37.2
1,S002_normal_s,normal,675,37.3
1,S002_normal_s,normal,676,37.3
1,S002_normal_s,normal,677,37.1
1,S002_normal_s,normal,678,37.2
1,S002_normal_s,normal,679,37.4
1,S002_normal_s,normal,680,37.3
1,S002_normal_s,normal,681,37.2
1,S002_normal_s,normal,682,37.3
1,S002_normal_s,normal,683,37.4
1,S002_normal_s,normal,684,37.4
1,S002_normal_s,normal,685,37.3
1,S002_normal_s,normal,686,37.4
1,S002_normal_s,normal,687,37.3
1,S002_normal_s,normal,688,37.7
1,S002_normal_s,normal,689,37.1
1,S002_normal_s,normal,690,37.3
1,S002_normal_s,normal,691,37.4
1,S002_normal_s,normal,692,37.3
1,S002_normal_s,normal,693,37.3
1,S002_normal_s,normal,694,37.5
1,S002_normal_s,normal,695,37.4
1,S002_normal_s,normal,696,37.5
1,S002_normal_s,normal,697,37.4
1,S002_normal_s,normal,698,37.7
1,S002_normal_s,normal,699,37.5
1,S002_normal_s,normal,700,37.5
1,S002_normal_s,normal,701,37.6
1,S002_normal_s,normal,702,37.8
1,S002_normal_s,normal,703,37.4
1,S002_normal_s,normal,704,37.5
1,S002_normal_s,normal,705,37.4
1,S002_normal_s,normal,706,37.5
1,S002_normal_s,normal,707,37.5
1,S002_normal_s,normal,708,37.5
1,S002_normal_s,normal,709,37.5
1,S002_normal_s,normal,710,37.6
1,S002_normal_s,normal,711,37.7
1,S002_normal_s,normal,712,37.5
1,S002_normal_s,normal,713,37.5
1,S002_normal_s,normal,714,37.5
1,S002_normal_s,normal,715,37.4
1,S002_normal_s,normal,716,37.7
1,S002_normal_s,normal,717,38.0
1,S002_normal_s,normal,718,37.7
1,S002_normal_s,normal,719,37.6
1,S002_normal_s,normal,720,37.5
1,S002_normal_s,normal,721,37.8
1,S002_normal_s,normal,722,37.7
1,S002_normal_s,normal,723,37.9
1,S002_normal_s,normal,724,37.6
1,S002_normal_s,normal,725,37.8
1,S002_normal_s,normal,726,37.7
1,S002_normal_s,normal,727,38.1
1,S002_normal_s,normal,728,38.2
1,S002_normal_s,normal,729,37.9
1,S002_normal_s,normal,730,37.7
1,S002_normal_s,normal,731,37.5
1,S002_normal_s,normal,732,37.9
1,S002_normal_s,normal,733,37.9
1,S002_normal_s,normal,734,37.7
1,S002_normal_s,normal,735,37.8
1,S002_normal_s,normal,736,37.6
1,S002_normal_s,normal,737,37.8
1,S002_normal_s,normal,738,38.1
1,S002_normal_s,normal,739,38.1
1,S002_normal_s,normal,740,37.8
1,S002_normal_s,normal,741,37.8
1,S002_normal_s,normal,742,37.8
1,S002_normal_s,normal,743,38.0
1,S002_normal_s,normal,744,37.8
1,S002_normal_s,normal,745,37.8
1,S002_normal_s,normal,746,37.9
1,S002_normal_s,normal,747,37.9
1,S002_normal_s,normal,748,38.1
1,S002_normal_s,normal,749,37.8
1,S002_normal_s,normal,750,38.3
1,S002_normal_s,normal,751,38.0
1,S002_normal_s,normal,752,38.3
1,S002_normal_s,normal,753,38.1
1,S002_normal_s,normal,754,38.3
1,S002_normal_s,normal,755,38.2
1,S002_normal_s,normal,756,38.2
1,S002_normal_s,normal,757,38.0
1,S002_normal_s,normal,758,37.7
1,S002_normal_s,normal,759,37.9
1,S002_normal_s,normal,760,38.0
1,S002_normal_s,normal,761,38.1
1,S002_normal_s,normal,762,37.8
1,S002_normal_s,normal,763,37.9
1,S002_normal_s,normal,764,37.8
1,S002_normal_s,normal,765,38.2
1,S002_normal_s,normal,766,38.2
1,S002_normal_s,normal,767,38.0
1,S002_normal_s,normal,768,37.9
1,S002_normal_s,normal,769,38.0
1,S002_normal_s,normal,770,38.0
1,S002_normal_s,normal,771,38.4
1,S002_normal_s,normal,772,38.5
1,S002_normal_s,normal,773,38.3
1,S002_normal_s,normal,774,38.4
1,S002_normal_s,normal,775,38.3
1,S002_normal_s,normal,776,38.4
1,S002_normal_s,normal,777,38.5
1,S002_normal_s,normal,778,38.1
1,S002_normal_s,normal,779,38.2
1,S002_normal_s,normal,780,38.3
1,S002_normal_s,normal,781,38.3
1,S002_normal_s,normal,782,38.1
1,S002_normal_s,normal,783,38.2
1,S002_normal_s,normal,784,38.4
1,S002_normal_s,normal,785,38.0
1,S002_normal_s,normal,786,38.3
1,S002_normal_s,normal,787,38.2
1,S002_normal_s,normal,788,38.2
1,S002_normal_s,normal,789,38.1
1,S002_normal_s,normal,790,38.0
1,S002_normal_s,normal,791,38.1
1,S002_normal_s,normal,792,38.1
1,S002_normal_s,normal,793,38.3
1,S002_normal_s,normal,794,38.1
1,S002_normal_s,normal,795,38.3
1,S002_normal_s,normal,796,38.2
1,S002_normal_s,normal,797,38.2
1,S002_normal_s,normal,798,38.3
1,S002_normal_s,normal,799,38.3
1,S002_normal_s,normal,800,38.5
1,S002_normal_s,normal,801,38.4
1,S002_normal_s,normal,802,38.3
1,S002_normal_s,normal,803,38.3
1,S002_normal_s,normal,804,38.5
1,S002_normal_s,normal,805,38.3
1,S002_normal_s,normal,806,38.6
1,S002_normal_s,normal,807,38.8
1,S002_normal_s,normal,808,38.6
1,S002_normal_s,normal,809,38.6
1,S002_normal_s,normal,810,38.5
1,S002_normal_s,normal,811,38.3
1,S002_normal_s,normal,812,38.6
1,S002_normal_s,normal,813,38.5
1,S002_normal_s,normal,814,38.3
1,S002_normal_s,normal,815,38.2
1,S002_normal_s,normal,816,38.5
1,S002_normal_s,normal,817,38.2
1,S002_normal_s,normal,818,38.3
1,S002_normal_s,normal,819,38.3
1,S002_normal_s,normal,820,38.3
1,S002_normal_s,normal,821,38.2
1,S002_normal_s,normal,822,38.3
1,S002_normal_s,normal,823,38.2
1,S002_normal_s,normal,824,38.3
1,S002_normal_s,normal,825,38.3
1,S002_normal_s,normal,826,38.3
1,S002_normal_s,normal,827,38.2
1,S002_normal_s,normal,828,38.4
1,S002_normal_s,normal,829,38.2
1,S002_normal_s,normal,830,38.6
1,S002_normal_s,normal,831,38.5
1,S002_normal_s,normal,832,38.4
1,S002_normal_s,normal,833,38.5
1,S002_normal_s,normal,834,38.5
1,S002_normal_s,normal,835,38.5
1,S002_normal_s,normal,836,38.5
1,S002_normal_s,normal,837,38.3
1,S002_normal_s,normal,838,38.3
1,S002_normal_s,normal,839,38.2
1,S002_normal_s,normal,840,38.4
1,S002_normal_s,normal,841,38.4
1,S002_normal_s,normal,842,38.4
1,S002_normal_s,normal,843,38.5
1,S002_normal_s,normal,844,38.5
1,S002_normal_s,normal,845,38.6
1,S002_normal_s,normal,846,38.4
1,S002_normal_s,normal,847,38.5
1,S002_normal_s,normal,848,38.6
1,S002_normal_s,normal,849,38.5
1,S002_normal_s,normal,850,38.5
1,S002_normal_s,normal,851,38.5
1,S002_normal_s,normal,852,38.5
1,S002_normal_s,normal,853,38.5
1,S002_normal_s,normal,854,38.4
1,S002_normal_s,normal,855,38.6
1,S002_normal_s,normal,856,38.7
1,S002_normal_s,normal,857,38.7
1,S002_normal_s,normal,858,38.7
1,S002_normal_s,normal,859,38.7
1,S002_normal_s,normal,860,38.6
1,S002_normal_s,normal,861,39.0
1,S002_normal_s,normal,862,38.8
1,S002_normal_s,normal,863,38.8
1,S002_normal_s,normal,864,38.9
1,S002_normal_s,normal,865,38.7
1,S002_normal_s,normal,866,38.4
1,S002_normal_s,normal,867,38.7
1,S002_normal_s,normal,868,38.7
1,S002_normal_s,normal,869,38.7
1,S002_normal_s,normal,870,38.8
1,S002_normal_s,normal,871,38.7
1,S002_normal_s,normal,872,39.0
1,S002_normal_s,normal,873,38.7
1,S002_normal_s,normal,874,38.7
1,S002_normal_s,normal,875,38.7
1,S002_normal_s,normal,876,38.8
1,S002_normal_s,normal,877,38.8
1,S002_normal_s,normal,878,38.8
1,S002_normal_s,normal,879,38.8
1,S002_normal_s,normal,880,38.8
1,S002_normal_s,normal,881,38.8
1,S002_normal_s,normal,882,38.9
1,S002_normal_s,normal,883,39.0
1,S002_normal_s,normal,884,39.0
1,S002_normal_s,normal,885,38.8
1,S002_normal_s,normal,886,38.8
1,S002_normal_s,normal,887,38.8
1,S002_normal_s,normal,888,38.8
1,S002_normal_s,normal,889,38.6
1,S002_normal_s,normal,890,38.6
1,S002_normal_s,normal,891,38.7
1,S002_normal_s,normal,892,38.8
1,S002_normal_s,normal,893,38.4
1,S002_normal_s,normal,894,38.5
1,S002_normal_s,normal,895,38.9
1,S002_normal_s,normal,896,38.7
1,S002_normal_s,normal,897,38.7
1,S002_normal_s,normal,898,38.8
1,S002_normal_s,normal,899,39.0
1,S002_normal_s,normal,900,38.7
1,S002_normal_s,normal,901,38.6
1,S002_normal_s,normal,902,38.5
1,S002_normal_s,normal,903,38.5
1,S002_normal_s,normal,904,38.4
1,S002_normal_s,normal,905,38.5
1,S002_normal_s,normal,906,38.6
1,S002_normal_s,normal,907,38.6
1,S002_normal_s,normal,908,38.6
1,S002_normal_s,normal,909,38.2
1,S002_normal_s,normal,910,38.4
1,S002_normal_s,normal,911,38.5
1,S002_normal_s,normal,912,38.5
1,S002_normal_s,normal,913,38.6
1,S002_normal_s,normal,914,38.7
1,S002_normal_s,normal,915,38.5
1,S002_normal_s,normal,916,38.6
1,S002_normal_s,normal,917,38.7
1,S002_normal_s,normal,918,39.0
1,S002_normal_s,normal,919,38.8
1,S002_normal_s,normal,920,38.6
1,S002_normal_s,normal,921,38.6
1,S002_normal_s,normal,922,38.5
1,S002_normal_s,normal,923,38.6
1,S002_normal_s,normal,924,38.8
1,S002_normal_s,normal,925,38.9
1,S002_normal_s,normal,926,38.9
1,S002_normal_s,normal,927,38.6
1,S002_normal_s,normal,928,38.8
1,S002_normal_s,normal,929,38.7
1,S002_normal_s,normal,930,38.4
1,S002_normal_s,normal,931,38.6
1,S002_normal_s,normal,932,38.5
1,S002_normal_s,normal,933,38.7
1,S002_normal_s,normal,934,38.7
1,S002_normal_s,normal,935,38.4
1,S002_normal_s,normal,936,38.4
1,S002_normal_s,normal,937,38.6
1,S002_normal_s,normal,938,38.6
1,S002_normal_s,normal,939,38.4
1,S002_normal_s,normal,940,38.5
1,S002_normal_s,normal,941,38.5
1,S002_normal_s,normal,942,38.7
1,S002_normal_s,normal,943,38.8
1,S002_normal_s,normal,944,38.5
1,S002_normal_s,normal,945,38.6
1,S002_normal_s,normal,946,38.9
1,S002_normal_s,normal,947,38.8
1,S002_normal_s,normal,948,38.4
1,S002_normal_s,normal,949,38.7
1,S002_normal_s,normal,950,38.6
1,S002_normal_s,normal,951,38.6
1,S002_normal_s,normal,952,38.9
1,S002_normal_s,normal,953,38.7
1,S002_normal_s,normal,954,38.5
1,S002_normal_s,normal,955,38.7
1,S002_normal_s,normal,956,38.6
1,S002_normal_s,normal,957,38.6
1,S002_normal_s,normal,958,38.5
1,S002_normal_s,normal,959,38.6
1,S002_normal_s,normal,960,38.5
1,S002_normal_s,normal,961,38.6
1,S002_normal_s,normal,962,38.6
1,S002_normal_s,normal,963,38.8
1,S002_normal_s,normal,964,39.0
1,S002_normal_s,normal,965,38.7
1,S002_normal_s,normal,966,38.8
1,S002_normal_s,normal,967,38.9
1,S002_normal_s,normal,968,38.8
1,S002_normal_s,normal,969,38.8
1,S002_normal_s,normal,970,38.7
1,S002_normal_s,normal,971,38.8
1,S002_normal_s,normal,972,39.0
1,S002_normal_s,normal,973,38.8
1,S002_normal_s,normal,974,38.7
1,S002_normal_s,normal,975,38.7
1,S002_normal_s,normal,976,38.7
1,S002_normal_s,normal,977,38.6
1,S002_normal_s,normal,978,38.7
1,S002_normal_s,normal,979,38.7
1,S002_normal_s,normal,980,38.9
1,S002_normal_s,normal,981,39.1
1,S002_normal_s,normal,982,38.8
1,S002_normal_s,normal,983,38.7
1,S002_normal_s,normal,984,38.6
1,S002_normal_s,normal,985,38.7
1,S002_normal_s,normal,986,39.0
1,S002_normal_s,normal,987,38.7
1,S002_normal_s,normal,988,38.9
1,S002_normal_s,normal,989,38.7
1,S002_normal_s,normal,990,38.7
1,S002_normal_s,normal,991,38.7
1,S002_normal_s,normal,992,38.9
1,S002_normal_s,normal,993,38.8
1,S002_normal_s,normal,994,38.8
1,S002_normal_s,normal,995,38.8
1,S002_normal_s,normal,996,39.0
1,S002_normal_s,normal,997,38.8
1,S002_normal_s,normal,998,38.8
1,S002_normal_s,normal,999,39.0
1,S002_normal_s,normal,1000,38.9
1,S002_normal_s,normal,1001,39.0
1,S002_normal_s,normal,1002,38.8
1,S002_normal_s,normal,1003,38.8
1,S002_normal_s,normal,1004,38.9
1,S002_normal_s,normal,1005,38.8
1,S002_normal_s,normal,1006,39.0
1,S002_normal_s,normal,1007,38.9
1,S002_normal_s,normal,1008,39.0
1,S002_normal_s,normal,1009,38.7
1,S002_normal_s,normal,1010,38.7
1,S002_normal_s,normal,1011,38.8
1,S002_normal_s,normal,1012,39.0
1,S002_normal_s,normal,1013,38.8
1,S002_normal_s,normal,1014,38.7
1,S002_normal_s,normal,1015,38.7
1,S002_normal_s,normal,1016,38.7
1,S002_normal_s,normal,1017,38.7
1,S002_normal_s,normal,1018,38.9
1,S002_normal_s,normal,1019,38.9
1,S002_normal_s,normal,1020,38.9
1,S002_normal_s,normal,1021,39.0
1,S002_normal_s,normal,1022,38.8
1,S002_normal_s,normal,1023,39.0
1,S002_normal_s,normal,1024,38.7
1,S002_normal_s,normal,1025,38.8
1,S002_normal_s,normal,1026,38.9
1,S002_normal_s,normal,1027,38.9
1,S002_normal_s,normal,1028,38.9
1,S002_normal_s,normal,1029,39.0
1,S002_normal_s,normal,1030,38.8
1,S002_normal_s,normal,1031,39.0
1,S002_normal_s,normal,1032,38.8
1,S002_normal_s,normal,1033,38.8
1,S002_normal_s,normal,1034,38.6
1,S002_normal_s,normal,1035,38.8
1,S002_normal_s,normal,1036,38.7
1,S002_normal_s,normal,1037,38.7
1,S002_normal_s,normal,1038,39.0
1,S002_normal_s,normal,1039,38.9
1,S002_normal_s,normal,1040,38.8
1,S002_normal_s,normal,1041,38.6
1,S002_normal_s,normal,1042,38.9
1,S002_normal_s,normal,1043,38.8
1,S002_normal_s,normal,1044,38.9
1,S002_normal_s,normal,1045,38.7
1,S002_normal_s,normal,1046,38.8
1,S002_normal_s,normal,1047,38.6
1,S002_normal_s,normal,1048,39.0
1,S002_normal_s,normal,1049,38.9
1,S002_normal_s,normal,1050,38.6
1,S002_normal_s,normal,1051,38.9
1,S002_normal_s,normal,1052,38.9
1,S002_normal_s,normal,1053,39.1
1,S002_normal_s,normal,1054,39.0
1,S002_normal_s,normal,1055,39.1
1,S002_normal_s,normal,1056,39.0
1,S002_normal_s,normal,1057,38.7
1,S002_normal_s,normal,1058,39.0
1,S002_normal_s,normal,1059,38.9
1,S002_normal_s,normal,1060,39.1
1,S002_normal_s,normal,1061,39.0
1,S002_normal_s,normal,1062,39.0
1,S002_normal_s,normal,1063,39.2
1,S002_normal_s,normal,1064,39.1
1,S002_normal_s,normal,1065,39.0
1,S002_normal_s,normal,1066,38.9
1,S002_normal_s,normal,1067,39.1
1,S002_normal_s,normal,1068,39.1
1,S002_normal_s,normal,1069,39.2
1,S002_normal_s,normal,1070,38.8
1,S002_normal_s,normal,1071,39.0
1,S002_normal_s,normal,1072,39.2
1,S002_normal_s,normal,1073,39.3
1,S002_normal_s,normal,1074,38.9
1,S002_normal_s,normal,1075,39.1
1,S002_normal_s,normal,1076,38.7
1,S002_normal_s,normal,1077,38.8
1,S002_normal_s,normal,1078,39.0
1,S002_normal_s,normal,1079,39.2
1,S002_normal_s,normal,1080,38.9
1,S002_normal_s,normal,1081,39.1
1,S002_normal_s,normal,1082,38.9
1,S002_normal_s,normal,1083,39.0
1,S002_normal_s,normal,1084,39.0
1,S002_normal_s,normal,1085,39.1
1,S002_normal_s,normal,1086,39.2
1,S002_normal_s,normal,1087,39.1
1,S002_normal_s,normal,1088,39.2
1,S002_normal_s,normal,1089,39.2
1,S002_normal_s,normal,1090,39.1
1,S002_normal_s,normal,1091,39.3
1,S002_normal_s,normal,1092,39.0
1,S002_normal_s,normal,1093,39.2
1,S002_normal_s,normal,1094,39.1
1,S002_normal_s,normal,1095,39.1
1,S002_normal_s,normal,1096,39.3
1,S002_normal_s,normal,1097,39.2
1,S002_normal_s,normal,1098,39.2
1,S002_normal_s,normal,1099,39.1
1,S002_normal_s,normal,1100,39.3
1,S002_normal_s,normal,1101,39.3
1,S002_normal_s,normal,1102,39.2
1,S002_normal_s,normal,1103,39.4
1,S002_normal_s,normal,1104,39.1
1,S002_normal_s,normal,1105,39.3
1,S002_normal_s,normal,1106,39.2
1,S002_normal_s,normal,1107,39.3
1,S002_normal_s,normal,1108,39.0
1,S002_normal_s,normal,1109,38.8
1,S002_normal_s,normal,1110,38.9
1,S002_normal_s,normal,1111,38.8
1,S002_normal_s,normal,1112,39.1
1,S002_normal_s,normal,1113,38.9
1,S002_normal_s,normal,1114,39.3
1,S002_normal_s,normal,1115,39.5
1,S002_normal_s,normal,1116,39.2
1,S002_normal_s,normal,1117,39.2
1,S002_normal_s,normal,1118,39.2
1,S002_normal_s,normal,1119,39.2
1,S002_normal_s,normal,1120,39.2
1,S002_normal_s,normal,1121,39.1
1,S002_normal_s,normal,1122,39.4
1,S002_normal_s,normal,1123,39.1
1,S002_normal_s,normal,1124,39.2
1,S002_normal_s,normal,1125,39.2
1,S002_normal_s,normal,1126,39.3
1,S002_normal_s,normal,1127,39.2
1,S002_normal_s,normal,1128,39.4
1,S002_normal_s,normal,1129,39.4
1,S002_normal_s,normal,1130,39.3
1,S002_normal_s,normal,1131,39.2
1,S002_normal_s,normal,1132,39.2
1,S002_normal_s,normal,1133,39.1
1,S002_normal_s,normal,1134,39.3
1,S002_normal_s,normal,1135,38.9
1,S002_normal_s,normal,1136,38.8
1,S002_normal_s,normal,1137,38.7
1,S002_normal_s,normal,1138,38.9
1,S002_normal_s,normal,1139,39.1
1,S002_normal_s,normal,1140,39.2
1,S002_normal_s,normal,1141,39.1
1,S002_normal_s,normal,1142,39.1
1,S002_normal_s,normal,1143,39.0
1,S002_normal_s,normal,1144,39.2
1,S002_normal_s,normal,1145,39.3
1,S002_normal_s,normal,1146,39.4
1,S002_normal_s,normal,1147,39.0
1,S002_normal_s,normal,1148,38.9
1,S002_normal_s,normal,1149,39.1
1,S002_normal_s,normal,1150,39.1
1,S002_normal_s,normal,1151,39.4
1,S002_normal_s,normal,1152,39.4
1,S002_normal_s,normal,1153,39.2
1,S002_normal_s,normal,1154,39.1
1,S002_normal_s,normal,1155,39.1
1,S002_normal_s,normal,1156,39.0
1,S002_normal_s,normal,1157,39.3
1,S002_normal_s,normal,1158,39.4
1,S002_normal_s,normal,1159,39.2
1,S002_normal_s,normal,1160,39.0
1,S002_normal_s,normal,1161,39.0
1,S002_normal_s,normal,1162,39.0
1,S002_normal_s,normal,1163,39.1
1,S002_normal_s,normal,1164,39.1
1,S002_normal_s,normal,1165,39.0
1,S002_normal_s,normal,1166,39.2
1,S002_normal_s,normal,1167,39.1
1,S002_normal_s,normal,1168,39.4
1,S002_normal_s,normal,1169,39.4
1,S002_normal_s,normal,1170,39.2
1,S002_normal_s,normal,1171,39.1
1,S002_normal_s,normal,1172,39.1
1,S002_normal_s,normal,1173,39.1
1,S002_normal_s,normal,1174,39.0
1,S002_normal_s,normal,1175,39.2
1,S002_normal_s,normal,1176,39.3
1,S002_normal_s,normal,1177,39.7
1,S002_normal_s,normal,1178,39.4
1,S002_normal_s,normal,1179,39.3
1,S002_normal_s,normal,1180,39.2
1,S002_normal_s,normal,1181,39.2
1,S002_normal_s,normal,1182,39.0
1,S002_normal_s,normal,1183,39.4
1,S002_normal_s,normal,1184,39.2
1,S002_normal_s,normal,1185,39.3
1,S002_normal_s,normal,1186,38.9
1,S002_normal_s,normal,1187,39.1
1,S002_normal_s,normal,1188,39.4
1,S002_normal_s,normal,1189,39.1
1,S002_normal_s,normal,1190,38.9
1,S002_normal_s,normal,1191,39.0
1,S002_normal_s,normal,1192,39.2
1,S002_normal_s,normal,1193,39.3
1,S002_normal_s,normal,1194,39.4
1,S002_normal_s,normal,1195,39.6
1,S002_normal_s,normal,1196,39.4
1,S002_normal_s,normal,1197,39.3
1,S002_normal_s,normal,1198,39.5
1,S002_normal_s,normal,1199,39.1
1,S002_normal_s,normal,1200,39.3
1,S002_normal_s,normal,1201,39.2
1,S002_normal_s,normal,1202,39.0
1,S002_normal_s,normal,1203,39.0
1,S002_normal_s,normal,1204,38.8
1,S002_normal_s,normal,1205,38.5
1,S002_normal_s,normal,1206,38.8
1,S002_normal_s,normal,1207,38.5
1,S002_normal_s,normal,1208,38.4
1,S002_normal_s,normal,1209,38.6
1,S002_normal_s,normal,1210,38.2
1,S002_normal_s,normal,1211,38.0
1,S002_normal_s,normal,1212,38.2
1,S002_normal_s,normal,1213,38.1
1,S002_normal_s,normal,1214,37.8
1,S002_normal_s,normal,1215,38.0
1,S002_normal_s,normal,1216,38.0
1,S002_normal_s,normal,1217,37.6
1,S002_normal_s,normal,1218,37.7
1,S002_normal_s,normal,1219,37.6
1,S002_normal_s,normal,1220,37.4
1,S002_normal_s,normal,1221,37.5
1,S002_normal_s,normal,1222,37.5
1,S002_normal_s,normal,1223,37.4
1,S002_normal_s,normal,1224,37.2
1,S002_normal_s,normal,1225,36.9
1,S002_normal_s,normal,1226,37.0
1,S002_normal_s,normal,1227,36.9
1,S002_normal_s,normal,1228,36.9
1,S002_normal_s,normal,1229,36.6
1,S002_normal_s,normal,1230,36.9
1,S002_normal_s,normal,1231,36.8
1,S002_normal_s,normal,1232,36.6
1,S002_normal_s,normal,1233,36.6
1,S002_normal_s,normal,1234,36.5
1,S002_normal_s,normal,1235,36.2
1,S002_normal_s,normal,1236,36.4
1,S002_normal_s,normal,1237,36.2
1,S002_normal_s,normal,1238,36.1
1,S002_normal_s,normal,1239,36.4
1,S002_normal_s,normal,1240,36.3
1,S002_normal_s,normal,1241,36.2
1,S002_normal_s,normal,1242,36.0
1,S002_normal_s,normal,1243,36.0
1,S002_normal_s,normal,1244,35.9
1,S002_normal_s,normal,1245,36.1
1,S002_normal_s,normal,1246,35.8
1,S002_normal_s,normal,1247,35.7
1,S002_normal_s,normal,1248,35.8
1,S002_normal_s,normal,1249,35.5
1,S002_normal_s,normal,1250,35.6
1,S002_normal_s,normal,1251,35.5
1,S002_normal_s,normal,1252,35.1
1,S002_normal_s,normal,1253,35.2
1,S002_normal_s,normal,1254,35.2
1,S002_normal_s,normal,1255,35.4
1,S002_normal_s,normal,1256,34.8
1,S002_normal_s,normal,1257,35.1
1,S002_normal_s,normal,1258,35.1
1,S002_normal_s,normal,1259,34.6
1,S002_normal_s,normal,1260,34.7
1,S002_normal_s,normal,1261,34.8
1,S002_normal_s,normal,1262,34.6
1,S002_normal_s,normal,1263,34.7
1,S002_normal_s,normal,1264,34.8
1,S002_normal_s,normal,1265,34.4
1,S002_normal_s,normal,1266,34.3
1,S002_normal_s,normal,1267,34.5
1,S002_normal_s,normal,1268,34.4
1,S002_normal_s,normal,1269,34.3
1,S002_normal_s,normal,1270,34.2
1,S002_normal_s,normal,1271,33.9
1,S002_normal_s,normal,1272,33.8
1,S002_normal_s,normal,1273,33.7
1,S002_normal_s,normal,1274,33.7
1,S002_normal_s,normal,1275,33.5
1,S002_normal_s,normal,1276,34.0
1,S002_normal_s,normal,1277,33.5
1,S002_normal_s,normal,1278,33.4
1,S002_normal_s,normal,1279,33.2
1,S002_normal_s,normal,1280,33.4
1,S002_normal_s,normal,1281,33.2
1,S002_normal_s,normal,1282,33.1
1,S002_normal_s,normal,1283,32.9
1,S002_normal_s,normal,1284,33.2
1,S002_normal_s,normal,1285,33.0
1,S002_normal_s,normal,1286,33.2
1,S002_normal_s,normal,1287,33.2
1,S002_normal_s,normal,1288,33.0
1,S002_normal_s,normal,1289,32.8
1,S002_normal_s,normal,1290,32.9
1,S002_normal_s,normal,1291,32.7
1,S002_normal_s,normal,1292,32.5
1,S002_normal_s,normal,1293,32.6
1,S002_normal_s,normal,1294,32.6
1,S002_normal_s,normal,1295,32.3
1,S002_normal_s,normal,1296,32.7
1,S002_normal_s,normal,1297,32.3
1,S002_normal_s,normal,1298,32.7
1,S002_normal_s,normal,1299,32.3
1,S002_normal_s,normal,1300,32.4
1,S002_normal_s,normal,1301,32.3
1,S002_normal_s,normal,1302,32.1
1,S002_normal_s,normal,1303,32.1
1,S002_normal_s,normal,1304,32.2
1,S002_normal_s,normal,1305,31.9
1,S002_normal_s,normal,1306,32.0
1,S002_normal_s,normal,1307,32.0
1,S002_normal_s,normal,1308,31.9
1,S002_normal_s,normal,1309,32.0
1,S002_normal_s,normal,1310,31.8
1,S002_normal_s,normal,1311,32.0
1,S002_normal_s,normal,1312,31.7
1,S002_normal_s,normal,1313,31.8
1,S002_normal_s,normal,1314,31.7
1,S002_normal_s,normal,1315,31.6
1,S002_normal_s,normal,1316,31.6
1,S002_normal_s,normal,1317,31.7
1,S002_normal_s,normal,1318,31.6
1,S002_normal_s,normal,1319,31.3
1,S002_normal_s,normal,1320,31.4
1,S002_normal_s,normal,1321,31.5
1,S002_normal_s,normal,1322,31.3
1,S002_normal_s,normal,1323,31.1
1,S002_normal_s,normal,1324,31.3
1,S002_normal_s,normal,1325,31.2
1,S002_normal_s,normal,1326,31.0
1,S002_normal_s,normal,1327,31.1
1,S002_normal_s,normal,1328,31.1
1,S002_normal_s,normal,1329,31.0
1,S002_normal_s,normal,1330,31.2
1,S002_normal_s,normal,1331,31.1
1,S002_normal_s,normal,1332,30.9
1,S002_normal_s,normal,1333,30.8
1,S002_normal_s,normal,1334,30.9
1,S002_normal_s,normal,1335,30.7
1,S002_normal_s,normal,1336,30.9
1,S002_normal_s,normal,1337,30.6
1,S002_normal_s,normal,1338,30.9
1,S002_normal_s,normal,1339,30.8
1,S002_normal_s,normal,1340,30.4
1,S002_normal_s,normal,1341,30.4
1,S002_normal_s,normal,1342,30.5
1,S002_normal_s,normal,1343,30.5
1,S002_normal_s,normal,1344,30.6
1,S002_normal_s,normal,1345,30.4
1,S002_normal_s,normal,1346,30.3
1,S002_normal_s,normal,1347,30.3
1,S002_normal_s,normal,1348,30.3
1,S002_normal_s,normal,1349,30.5
1,S002_normal_s,normal,1350,30.1
1,S002_normal_s,normal,1351,30.2
1,S002_normal_s,normal,1352,30.4
1,S002_normal_s,normal,1353,30.2
1,S002_normal_s,normal,1354,30.2
1,S002_normal_s,normal,1355,30.1
1,S002_normal_s,normal,1356,29.8
1,S002_normal_s,normal,1357,29.8
1,S002_normal_s,normal,1358,29.8
1,S002_normal_s,normal,1359,29.7
1,S002_normal_s,normal,1360,29.5
1,S002_normal_s,normal,1361,29.5
1,S002_normal_s,normal,1362,29.6
1,S002_normal_s,normal,1363,29.5
1,S002_normal_s,normal,1364,29.5
1,S002_normal_s,normal,1365,29.6
1,S002_normal_s,normal,1366,29.6
1,S002_normal_s,normal,1367,29.6
1,S002_normal_s,normal,1368,29.3
1,S002_normal_s,normal,1369,29.4
1,S002_normal_s,normal,1370,29.3
1,S002_normal_s,normal,1371,29.1
1,S002_normal_s,normal,1372,29.3
1,S002_normal_s,normal,1373,29.1
1,S002_normal_s,normal,1374,29.2
1,S002_normal_s,normal,1375,29.1
1,S002_normal_s,normal,1376,29.1
1,S002_normal_s,normal,1377,28.9
1,S002_normal_s,normal,1378,29.0
1,S002_normal_s,normal,1379,28.9
1,S002_normal_s,normal,1380,29.0
1,S002_normal_s,normal,1381,28.8
1,S002_normal_s,normal,1382,28.7
1,S002_normal_s,normal,1383,28.7
1,S002_normal_s,normal,1384,28.8
1,S002_normal_s,normal,1385,29.0
1,S002_normal_s,normal,1386,28.6
1,S002_normal_s,normal,1387,28.7
1,S002_normal_s,normal,1388,28.5
1,S002_normal_s,normal,1389,28.7
1,S002_normal_s,normal,1390,28.9
1,S002_normal_s,normal,1391,28.6
1,S002_normal_s,normal,1392,28.9
1,S002_normal_s,normal,1393,28.6
1,S002_normal_s,normal,1394,28.6
1,S002_normal_s,normal,1395,28.5
1,S002_normal_s,normal,1396,28.5
1,S002_normal_s,normal,1397,28.4
1,S002_normal_s,normal,1398,28.6
1,S002_normal_s,normal,1399,28.6
1,S002_normal_s,normal,1400,28.4
1,S002_normal_s,normal,1401,28.5
1,S002_normal_s,normal,1402,28.5
1,S002_normal_s,normal,1403,28.1
1,S002_normal_s,normal,1404,28.0
1,S002_normal_s,normal,1405,28.0
1,S002_normal_s,normal,1406,28.0
1,S002_normal_s,normal,1407,28.0
1,S002_normal_s,normal,1408,28.1
1,S002_normal_s,normal,1409,28.4
1,S002_normal_s,normal,1410,28.0
1,S002_normal_s,normal,1411,28.0
1,S002_normal_s,normal,1412,27.9
1,S002_normal_s,normal,1413,27.9
1,S002_normal_s,normal,1414,28.0
1,S002_normal_s,normal,1415,27.8
1,S002_normal_s,normal,1416,27.7
1,S002_normal_s,normal,1417,27.9
1,S002_normal_s,normal,1418,27.8
1,S002_normal_s,normal,1419,27.8
1,S002_normal_s,normal,1420,27.6
1,S002_normal_s,normal,1421,27.9
1,S002_normal_s,normal,1422,27.7
1,S002_normal_s,normal,1423,27.8
1,S002_normal_s,normal,1424,27.7
1,S002_normal_s,normal,1425,27.6
1,S002_normal_s,normal,1426,27.4
1,S002_normal_s,normal,1427,27.4
1,S002_normal_s,normal,1428,27.5
1,S002_normal_s,normal,1429,27.5
1,S002_normal_s,normal,1430,27.6
1,S002_normal_s,normal,1431,27.4
1,S002_normal_s,normal,1432,27.5
1,S002_normal_s,normal,1433,27.2
1,S002_normal_s,normal,1434,27.3
1,S002_normal_s,normal,1435,27.6
1,S002_normal_s,normal,1436,27.1
1,S002_normal_s,normal,1437,27.4
1,S002_normal_s,normal,1438,27.4
1,S002_normal_s,normal,1439,27.3
1,S002_normal_s,normal,1440,27.5
1,S002_normal_s,normal,1441,27.5
1,S002_normal_s,normal,1442,27.4
1,S002_normal_s,normal,1443,27.7
1,S002_normal_s,normal,1444,27.4
1,S002_normal_s,normal,1445,27.5
1,S002_normal_s,normal,1446,27.2
1,S002_normal_s,normal,1447,27.4
1,S002_normal_s,normal,1448,27.2
1,S002_normal_s,normal,1449,26.9
1,S002_normal_s,normal,1450,27.2
1,S002_normal_s,normal,1451,27.0
1,S002_normal_s,normal,1452,27.0
1,S002_normal_s,normal,1453,27.1
1,S002_normal_s,normal,1454,27.1
1,S002_normal_s,normal,1455,27.0
1,S002_normal_s,normal,1456,26.9
1,S002_normal_s,normal,1457,27.2
1,S002_normal_s,normal,1458,27.0
1,S002_normal_s,normal,1459,27.2
1,S002_normal_s,normal,1460,27.0
1,S002_normal_s,normal,1461,26.8
1,S002_normal_s,normal,1462,26.9
1,S002_normal_s,normal,1463,27.0
1,S002_normal_s,normal,1464,27.0
1,S002_normal_s,normal,1465,26.9
1,S002_normal_s,normal,1466,26.9
1,S002_normal_s,normal,1467,27.0
1,S002_normal_s,normal,1468,26.8
1,S002_normal_s,normal,1469,26.7
1,S002_normal_s,normal,1470,26.8
1,S002_normal_s,normal,1471,26.8
1,S002_normal_s,normal,1472,27.0
1,S002_normal_s,normal,1473,27.1
1,S002_normal_s,normal,1474,27.0
1,S002_normal_s,normal,1475,26.7
1,S002_normal_s,normal,1476,26.9
1,S002_normal_s,normal,1477,26.9
1,S002_normal_s,normal,1478,26.8
1,S002_normal_s,normal,1479,26.9
1,S002_normal_s,normal,1480,26.8
1,S002_normal_s,normal,1481,26.6
1,S002_normal_s,normal,1482,26.7
1,S002_normal_s,normal,1483,26.6
1,S002_normal_s,normal,1484,26.6
1,S002_normal_s,normal,1485,26.6
1,S002_normal_s,normal,1486,26.7
1,S002_normal_s,normal,1487,27.0
1,S002_normal_s,normal,1488,26.7
1,S002_normal_s,normal,1489,26.5
1,S002_normal_s,normal,1490,26.3
1,S002_normal_s,normal,1491,26.2
1,S002_normal_s,normal,1492,26.4
1,S002_normal_s,normal,1493,26.3
1,S002_normal_s,normal,1494,26.2
1,S002_normal_s,normal,1495,26.5
1,S002_normal_s,normal,1496,26.3
1,S002_normal_s,normal,1497,26.4
1,S002_normal_s,normal,1498,26.0
1,S002_normal_s,normal,1499,26.4
2,S003_normal_s,normal,0,21.9
2,S003_normal_s,normal,1,22.2
2,S003_normal_s,normal,2,22.0
2,S003_normal_s,normal,3,21.7
2,S003_normal_s,normal,4,21.8
2,S003_normal_s,normal,5,21.9
2,S003_normal_s,normal,6,21.9
2,S003_normal_s,normal,7,21.9
2,S003_normal_s,normal,8,21.8
2,S003_normal_s,normal,9,21.7
2,S003_normal_s,normal,10,21.8
2,S003_normal_s,normal,11,21.6
2,S003_normal_s,normal,12,21.6
2,S003_normal_s,normal,13,22.0
2,S003_normal_s,normal,14,21.7
2,S003_normal_s,normal,15,21.9
2,S003_normal_s,normal,16,22.1
2,S003_normal_s,normal,17,21.5
2,S003_normal_s,normal,18,21.8
2,S003_normal_s,normal,19,21.9
2,S003_normal_s,normal,20,21.8
2,S003_normal_s,normal,21,22.0
2,S003_normal_s,normal,22,22.1
2,S003_normal_s,normal,23,21.7
2,S003_normal_s,normal,24,21.7
2,S003_normal_s,normal,25,22.0
2,S003_normal_s,normal,26,21.9
2,S003_normal_s,normal,27,22.1
2,S003_normal_s,normal,28,21.8
2,S003_normal_s,normal,29,22.1
2,S003_normal_s,normal,30,22.0
2,S003_normal_s,normal,31,21.8
2,S003_normal_s,normal,32,22.0
2,S003_normal_s,normal,33,22.0
2,S003_normal_s,normal,34,21.9
2,S003_normal_s,normal,35,21.4
2,S003_normal_s,normal,36,21.9
2,S003_normal_s,normal,37,22.1
2,S003_normal_s,normal,38,21.8
2,S003_normal_s,normal,39,22.1
2,S003_normal_s,normal,40,22.0
2,S003_normal_s,normal,41,22.1
2,S003_normal_s,normal,42,21.8
2,S003_normal_s,normal,43,21.8
2,S003_normal_s,normal,44,22.0
2,S003_normal_s,normal,45,21.7
2,S003_normal_s,normal,46,21.7
2,S003_normal_s,normal,47,22.1
2,S003_normal_s,normal,48,21.9
2,S003_normal_s,normal,49,21.8
2,S003_normal_s,normal,50,21.9
2,S003_normal_s,normal,51,21.8
2,S003_normal_s,normal,52,21.9
2,S003_normal_s,normal,53,21.8
2,S003_normal_s,normal,54,22.1
2,S003_normal_s,normal,55,21.9
2,S003_normal_s,normal,56,21.9
2,S003_normal_s,normal,57,21.7
2,S003_normal_s,normal,58,21.9
2,S003_normal_s,normal,59,21.9
2,S003_normal_s,normal,60,21.7
2,S003_normal_s,normal,61,21.7
2,S003_normal_s,normal,62,21.8
2,S003_normal_s,normal,63,22.2
2,S003_normal_s,normal,64,22.1
2,S003_normal_s,normal,65,21.7
2,S003_normal_s,normal,66,21.8
2,S003_normal_s,normal,67,22.2
2,S003_normal_s,normal,68,21.9
2,S003_normal_s,normal,69,22.1
2,S003_normal_s,normal,70,22.0
2,S003_normal_s,normal,71,21.8
2,S003_normal_s,normal,72,21.7
2,S003_normal_s,normal,73,21.7
2,S003_normal_s,normal,74,21.9
2,S003_normal_s,normal,75,21.8
2,S003_normal_s,normal,76,21.5
2,S003_normal_s,normal,77,21.8
2,S003_normal_s,normal,78,22.0
2,S003_normal_s,normal,79,21.8
2,S003_normal_s,normal,80,21.7
2,S003_normal_s,normal,81,21.5
2,S003_normal_s,normal,82,21.8
2,S003_normal_s,normal,83,21.9
2,S003_normal_s,normal,84,21.7
2,S003_normal_s,normal,85,22.0
2,S003_normal_s,normal,86,21.8
2,S003_normal_s,normal,87,22.2
2,S003_normal_s,normal,88,21.7
2,S003_normal_s,normal,89,21.7
2,S003_normal_s,normal,90,21.9
2,S003_normal_s,normal,91,22.1
2,S003_normal_s,normal,92,22.0
2,S003_normal_s,normal,93,21.8
2,S003_normal_s,normal,94,21.8
2,S003_normal_s,normal,95,21.8
2,S003_normal_s,normal,96,22.0
2,S003_normal_s,normal,97,22.1
2,S003_normal_s,normal,98,21.6
2,S003_normal_s,normal,99,21.9
2,S003_normal_s,normal,100,21.5
2,S003_normal_s,normal,101,21.9
2,S003_normal_s,normal,102,21.8
2,S003_normal_s,normal,103,22.2
2,S003_normal_s,normal,104,22.0
2,S003_normal_s,normal,105,21.7
2,S003_normal_s,normal,106,21.5
2,S003_normal_s,normal,107,22.0
2,S003_normal_s,normal,108,21.8
2,S003_normal_s,normal,109,21.7
2,S003_normal_s,normal,110,21.9
2,S003_normal_s,normal,111,21.9
2,S003_normal_s,normal,112,21.7
2,S003_normal_s,normal,113,22.1
2,S003_normal_s,normal,114,21.9
2,S003_normal_s,normal,115,21.7
2,S003_normal_s,normal,116,22.1
2,S003_normal_s,normal,117,21.7
2,S003_normal_s,normal,118,22.0
2,S003_normal_s,normal,119,22.2
2,S003_normal_s,normal,120,21.7
2,S003_normal_s,normal,121,21.8
2,S003_normal_s,normal,122,21.8
2,S003_normal_s,normal,123,21.8
2,S003_normal_s,normal,124,22.0
2,S003_normal_s,normal,125,21.2
2,S003_normal_s,normal,126,22.1
2,S003_normal_s,normal,127,21.8
2,S003_normal_s,normal,128,21.9
2,S003_normal_s,normal,129,21.9
2,S003_normal_s,normal,130,21.6
2,S003_normal_s,normal,131,22.0
2,S003_normal_s,normal,132,21.9
2,S003_normal_s,normal,133,21.9
2,S003_normal_s,normal,134,21.8
2,S003_normal_s,normal,135,22.0
2,S003_normal_s,normal,136,21.9
2,S003_normal_s,normal,137,21.6
2,S003_normal_s,normal,138,21.9
2,S003_normal_s,normal,139,21.6
2,S003_normal_s,normal,140,21.7
2,S003_normal_s,normal,141,21.9
2,S003_normal_s,normal,142,21.9
2,S003_normal_s,normal,143,21.8
2,S003_normal_s,normal,144,21.9
2,S003_normal_s,normal,145,21.7
2,S003_normal_s,normal,146,21.9
2,S003_normal_s,normal,147,22.0
2,S003_normal_s,normal,148,21.9
2,S003_normal_s,normal,149,21.8
2,S003_normal_s,normal,150,22.3
2,S003_normal_s,normal,151,21.7
2,S003_normal_s,normal,152,21.9
2,S003_normal_s,normal,153,21.8
2,S003_normal_s,normal,154,21.9
2,S003_normal_s,normal,155,21.9
2,S003_normal_s,normal,156,21.7
2,S003_normal_s,normal,157,21.9
2,S003_normal_s,normal,158,21.9
2,S003_normal_s,normal,159,21.8
2,S003_normal_s,normal,160,22.0
2,S003_normal_s,normal,161,22.0
2,S003_normal_s,normal,162,21.6
2,S003_normal_s,normal,163,22.1
2,S003_normal_s,normal,164,21.7
2,S003_normal_s,normal,165,21.9
2,S003_normal_s,normal,166,22.1
2,S003_normal_s,normal,167,21.9
2,S003_normal_s,normal,168,22.1
2,S003_normal_s,normal,169,21.7
2,S003_normal_s,normal,170,21.7
2,S003_normal_s,normal,171,22.1
2,S003_normal_s,normal,172,21.9
2,S003_normal_s,normal,173,22.1
2,S003_normal_s,normal,174,21.9
2,S003_normal_s,normal,175,21.8
2,S003_normal_s,normal,176,21.8
2,S003_normal_s,normal,177,21.7
2,S003_normal_s,normal,178,22.0
2,S003_normal_s,normal,179,22.0
2,S003_normal_s,normal,180,22.2
2,S003_normal_s,normal,181,22.0
2,S003_normal_s,normal,182,22.0
2,S003_normal_s,normal,183,22.2
2,S003_normal_s,normal,184,21.9
2,S003_normal_s,normal,185,21.9
2,S003_normal_s,normal,186,21.7
2,S003_normal_s,normal,187,22.2
2,S003_normal_s,normal,188,21.9
2,S003_normal_s,normal,189,21.7
2,S003_normal_s,normal,190,22.1
2,S003_normal_s,normal,191,22.0
2,S003_normal_s,normal,192,21.9
2,S003_normal_s,normal,193,21.9
2,S003_normal_s,normal,194,21.8
2,S003_normal_s,normal,195,21.7
2,S003_normal_s,normal,196,21.7
2,S003_normal_s,normal,197,21.9
2,S003_normal_s,normal,198,22.3
2,S003_normal_s,normal,199,22.2
2,S003_normal_s,normal,200,22.0
2,S003_normal_s,normal,201,22.0
2,S003_normal_s,normal,202,21.9
2,S003_normal_s,normal,203,22.3
2,S003_normal_s,normal,204,21.7
2,S003_normal_s,normal,205,21.9
2,S003_normal_s,normal,206,21.6
2,S003_normal_s,normal,207,21.9
2,S003_normal_s,normal,208,22.0
2,S003_normal_s,normal,209,22.1
2,S003_normal_s,normal,210,21.7
2,S003_normal_s,normal,211,21.6
2,S003_normal_s,normal,212,21.8
2,S003_normal_s,normal,213,21.9
2,S003_normal_s,normal,214,21.6
2,S003_normal_s,normal,215,21.9
2,S003_normal_s,normal,216,22.0
2,S003_normal_s,normal,217,22.0
2,S003_normal_s,normal,218,21.7
2,S003_normal_s,normal,219,21.6
2,S003_normal_s,normal,220,21.7
2,S003_normal_s,normal,221,21.8
2,S003_normal_s,normal,222,21.6
2,S003_normal_s,normal,223,21.6
2,S003_normal_s,normal,224,22.1
2,S003_normal_s,normal,225,22.1
2,S003_normal_s,normal,226,21.7
2,S003_normal_s,normal,227,22.4
2,S003_normal_s,normal,228,21.8
2,S003_normal_s,normal,229,21.6
2,S003_normal_s,normal,230,21.5
2,S003_normal_s,normal,231,22.2
2,S003_normal_s,normal,232,21.4
2,S003_normal_s,normal,233,21.9
2,S003_normal_s,normal,234,21.9
2,S003_normal_s,normal,235,21.7
2,S003_normal_s,normal,236,22.0
2,S003_normal_s,normal,237,21.5
2,S003_normal_s,normal,238,21.7
2,S003_normal_s,normal,239,21.7
2,S003_normal_s,normal,240,21.6
2,S003_normal_s,normal,241,22.0
2,S003_normal_s,normal,242,21.7
2,S003_normal_s,normal,243,21.6
2,S003_normal_s,normal,244,21.8
2,S003_normal_s,normal,245,22.4
2,S003_normal_s,normal,246,21.8
2,S003_normal_s,normal,247,21.9
2,S003_normal_s,normal,248,22.0
2,S003_normal_s,normal,249,21.9
2,S003_normal_s,normal,250,21.8
2,S003_normal_s,normal,251,22.0
2,S003_normal_s,normal,252,21.9
2,S003_normal_s,normal,253,21.9
2,S003_normal_s,normal,254,22.0
2,S003_normal_s,normal,255,22.1
2,S003_normal_s,normal,256,21.4
2,S003_normal_s,normal,257,22.0
2,S003_normal_s,normal,258,21.7
2,S003_normal_s,normal,259,21.7
2,S003_normal_s,normal,260,21.8
2,S003_normal_s,normal,261,21.7
2,S003_normal_s,normal,262,21.8
2,S003_normal_s,normal,263,21.7
2,S003_normal_s,normal,264,21.8
2,S003_normal_s,normal,265,21.7
2,S003_normal_s,normal,266,21.7
2,S003_normal_s,normal,267,21.9
2,S003_normal_s,normal,268,22.1
2,S003_normal_s,normal,269,21.7
2,S003_normal_s,normal,270,22.0
2,S003_normal_s,normal,271,22.1
2,S003_normal_s,normal,272,22.3
2,S003_normal_s,normal,273,21.7
2,S003_normal_s,normal,274,21.7
2,S003_normal_s,normal,275,22.0
2,S003_normal_s,normal,276,21.8
2,S003_normal_s,normal,277,22.3
2,S003_normal_s,normal,278,21.9
2,S003_normal_s,normal,279,21.7
2,S003_normal_s,normal,280,21.9
2,S003_normal_s,normal,281,22.0
2,S003_normal_s,normal,282,22.2
2,S003_normal_s,normal,283,22.0
2,S003_normal_s,normal,284,21.7
2,S003_normal_s,normal,285,21.8
2,S003_normal_s,normal,286,21.7
2,S003_normal_s,normal,287,21.9
2,S003_normal_s,normal,288,22.0
2,S003_normal_s,normal,289,22.2
2,S003_normal_s,normal,290,21.8
2,S003_normal_s,normal,291,21.9
2,S003_normal_s,normal,292,22.3
2,S003_normal_s,normal,293,21.8
2,S003_normal_s,normal,294,21.6
2,S003_normal_s,normal,295,22.2
2,S003_normal_s,normal,296,21.6
2,S003_normal_s,normal,297,21.8
2,S003_normal_s,normal,298,21.6
2,S003_normal_s,normal,299,22.0
2,S003_normal_s,normal,300,21.9
2,S003_normal_s,normal,301,22.0
2,S003_normal_s,normal,302,22.2
2,S003_normal_s,normal,303,22.3
2,S003_normal_s,normal,304,22.7
2,S003_normal_s,normal,305,22.2
2,S003_normal_s,normal,306,22.8
2,S003_normal_s,normal,307,22.7
2,S003_normal_s,normal,308,23.0
2,S003_normal_s,normal,309,23.4
2,S003_normal_s,normal,310,23.1
2,S003_normal_s,normal,311,23.3
2,S003_normal_s,normal,312,23.5
2,S003_normal_s,normal,313,23.6
2,S003_normal_s,normal,314,23.7
2,S003_normal_s,normal,315,23.7
2,S003_normal_s,normal,316,23.9
2,S003_normal_s,normal,317,24.0
2,S003_normal_s,normal,318,24.2
2,S003_normal_s,normal,319,24.3
2,S003_normal_s,normal,320,24.7
2,S003_normal_s,normal,321,24.6
2,S003_normal_s,normal,322,24.8
2,S003_normal_s,normal,323,25.0
2,S003_normal_s,normal,324,24.8
2,S003_normal_s,normal,325,25.2
2,S003_normal_s,normal,326,25.2
2,S003_normal_s,normal,327,25.4
2,S003_normal_s,normal,328,25.5
2,S003_normal_s,normal,329,25.8
2,S003_normal_s,normal,330,25.4
2,S003_normal_s,normal,331,25.7
2,S003_normal_s,normal,332,26.0
2,S003_normal_s,normal,333,25.8
2,S003_normal_s,normal,334,25.9
2,S003_normal_s,normal,335,26.3
2,S003_normal_s,normal,336,26.1
2,S003_normal_s,normal,337,26.4
2,S003_normal_s,normal,338,26.4
2,S003_normal_s,normal,339,26.8
2,S003_normal_s,normal,340,26.9
2,S003_normal_s,normal,341,26.7
2,S003_normal_s,normal,342,27.2
2,S003_normal_s,normal,343,27.1
2,S003_normal_s,normal,344,27.1
2,S003_normal_s,normal,345,27.2
2,S003_normal_s,normal,346,27.6
2,S003_normal_s,normal,347,27.1
2,S003_normal_s,normal,348,27.4
2,S003_normal_s,normal,349,27.7
2,S003_normal_s,normal,350,27.6
2,S003_normal_s,normal,351,27.8
2,S003_normal_s,normal,352,28.0
2,S003_normal_s,normal,353,28.0
2,S003_normal_s,normal,354,28.2
2,S003_normal_s,normal,355,27.8
2,S003_normal_s,normal,356,28.0
2,S003_normal_s,normal,357,28.3
2,S003_normal_s,normal,358,28.5
2,S003_normal_s,normal,359,28.7
2,S003_normal_s,normal,360,28.5
2,S003_normal_s,normal,361,28.8
2,S003_normal_s,normal,362,29.0
2,S003_normal_s,normal,363,28.6
2,S003_normal_s,normal,364,28.5
2,S003_normal_s,normal,365,29.1
2,S003_normal_s,normal,366,28.9
2,S003_normal_s,normal,367,29.1
2,S003_normal_s,normal,368,29.3
2,S003_normal_s,normal,369,29.4
2,S003_normal_s,normal,370,29.8
2,S003_normal_s,normal,371,29.6
2,S003_normal_s,normal,372,29.4
2,S003_normal_s,normal,373,29.7
2,S003_normal_s,normal,374,29.8
2,S003_normal_s,normal,375,30.1
2,S003_normal_s,normal,376,29.9
2,S003_normal_s,normal,377,30.1
2,S003_normal_s,normal,378,30.1
2,S003_normal_s,normal,379,30.3
2,S003_normal_s,normal,380,29.7
2,S003_normal_s,normal,381,30.6
2,S003_normal_s,normal,382,30.6
2,S003_normal_s,normal,383,30.5
2,S003_normal_s,normal,384,30.8
2,S003_normal_s,normal,385,30.4
2,S003_normal_s,normal,386,30.9
2,S003_normal_s,normal,387,30.6
2,S003_normal_s,normal,388,30.6
2,S003_normal_s,normal,389,31.2
2,S003_normal_s,normal,390,30.9
2,S003_normal_s,normal,391,30.9
2,S003_normal_s,normal,392,31.4
2,S003_normal_s,normal,393,31.1
2,S003_normal_s,normal,394,31.4
2,S003_normal_s,normal,395,31.0
2,S003_normal_s,normal,396,31.1
2,S003_normal_s,normal,397,31.2
2,S003_normal_s,normal,398,31.4
2,S003_normal_s,normal,399,31.6
2,S003_normal_s,normal,400,31.5
2,S003_normal_s,normal,401,31.7
2,S003_normal_s,normal,402,31.8
2,S003_normal_s,normal,403,31.9
2,S003_normal_s,normal,404,32.1
2,S003_normal_s,normal,405,31.9
2,S003_normal_s,normal,406,32.0
2,S003_normal_s,normal,407,32.5
2,S003_normal_s,normal,408,32.1
2,S003_normal_s,normal,409,32.2
2,S003_normal_s,normal,410,31.7
2,S003_normal_s,normal,411,32.7
2,S003_normal_s,normal,412,32.6
2,S003_normal_s,normal,413,32.8
2,S003_normal_s,normal,414,32.5
2,S003_normal_s,normal,415,32.4
2,S003_normal_s,normal,416,32.8
2,S003_normal_s,normal,417,32.6
2,S003_normal_s,normal,418,32.5
2,S003_normal_s,normal,419,32.7
2,S003_normal_s,normal,420,32.7
2,S003_normal_s,normal,421,33.1
2,S003_normal_s,normal,422,33.3
2,S003_normal_s,normal,423,33.1
2,S003_normal_s,normal,424,33.5
2,S003_normal_s,normal,425,33.4
2,S003_normal_s,normal,426,33.3
2,S003_normal_s,normal,427,32.9
2,S003_normal_s,normal,428,33.5
2,S003_normal_s,normal,429,33.3
2,S003_normal_s,normal,430,33.7
2,S003_normal_s,normal,431,33.8
2,S003_normal_s,normal,432,33.7
2,S003_normal_s,normal,433,33.8
2,S003_normal_s,normal,434,33.6
2,S003_normal_s,normal,435,33.8
2,S003_normal_s,normal,436,33.9
2,S003_normal_s,normal,437,34.1
2,S003_normal_s,normal,438,33.6
2,S003_normal_s,normal,439,34.0
2,S003_normal_s,normal,440,33.6
2,S003_normal_s,normal,441,33.4
2,S003_normal_s,normal,442,34.5
2,S003_normal_s,normal,443,33.8
2,S003_normal_s,normal,444,34.1
2,S003_normal_s,normal,445,34.2
2,S003_normal_s,normal,446,34.0
2,S003_normal_s,normal,447,34.8
2,S003_normal_s,normal,448,34.2
2,S003_normal_s,normal,449,34.5
2,S003_normal_s,normal,450,34.5
2,S003_normal_s,normal,451,34.4
2,S003_normal_s,normal,452,34.9
2,S003_normal_s,normal,453,34.4
2,S003_normal_s,normal,454,34.7
2,S003_normal_s,normal,455,34.5
2,S003_normal_s,normal,456,34.7
2,S003_normal_s,normal,457,35.0
2,S003_normal_s,normal,458,34.8
2,S003_normal_s,normal,459,35.3
2,S003_normal_s,normal,460,34.8
2,S003_normal_s,normal,461,35.1
2,S003_normal_s,normal,462,35.1
2,S003_normal_s,normal,463,35.3
2,S003_normal_s,normal,464,35.1
2,S003_normal_s,normal,465,35.1
2,S003_normal_s,normal,466,35.3
2,S003_normal_s,normal,467,35.2
2,S003_normal_s,normal,468,35.5
2,S003_normal_s,normal,469,35.1
2,S003_normal_s,normal,470,34.9
2,S003_normal_s,normal,471,35.3
2,S003_normal_s,normal,472,35.1
2,S003_normal_s,normal,473,35.3
2,S003_normal_s,normal,474,35.8
2,S003_normal_s,normal,475,35.7
2,S003_normal_s,normal,476,35.6
2,S003_normal_s,normal,477,35.5
2,S003_normal_s,normal,478,35.8
2,S003_normal_s,normal,479,35.4
2,S003_normal_s,normal,480,35.5
2,S003_normal_s,normal,481,35.7
2,S003_normal_s,normal,482,35.6
2,S003_normal_s,normal,483,35.7
2,S003_normal_s,normal,484,36.3
2,S003_normal_s,normal,485,36.4
2,S003_normal_s,normal,486,35.6
2,S003_normal_s,normal,487,35.8
2,S003_normal_s,normal,488,36.0
2,S003_normal_s,normal,489,35.9
2,S003_normal_s,normal,490,36.0
2,S003_normal_s,normal,491,35.9
2,S003_normal_s,normal,492,36.0
2,S003_normal_s,normal,493,35.7
2,S003_normal_s,normal,494,36.0
2,S003_normal_s,normal,495,36.4
2,S003_normal_s,normal,496,36.4
2,S003_normal_s,normal,497,36.2
2,S003_normal_s,normal,498,36.2
2,S003_normal_s,normal,499,36.5
2,S003_normal_s,normal,500,36.3
2,S003_normal_s,normal,501,36.5
2,S003_normal_s,normal,502,36.6
2,S003_normal_s,normal,503,36.6
2,S003_normal_s,normal,504,36.6
2,S003_normal_s,normal,505,36.6
2,S003_normal_s,normal,506,37.0
2,S003_normal_s,normal,507,36.5
2,S003_normal_s,normal,508,36.8
2,S003_normal_s,normal,509,36.7
2,S003_normal_s,normal,510,36.9
2,S003_normal_s,normal,511,36.8
2,S003_normal_s,normal,512,36.7
2,S003_normal_s,normal,513,36.6
2,S003_normal_s,normal,514,36.9
2,S003_normal_s,normal,515,36.9
2,S003_normal_s,normal,516,37.2
2,S003_normal_s,normal,517,36.8
2,S003_normal_s,normal,518,36.9
2,S003_normal_s,normal,519,37.0
2,S003_normal_s,normal,520,36.8
2,S003_normal_s,normal,521,37.1
2,S003_normal_s,normal,522,36.8
2,S003_normal_s,normal,523,37.1
2,S003_normal_s,normal,524,36.8
2,S003_normal_s,normal,525,37.1
2,S003_normal_s,normal,526,36.9
2,S003_normal_s,normal,527,37.1
2,S003_normal_s,normal,528,37.1
2,S003_normal_s,normal,529,37.4
2,S003_normal_s,normal,530,37.0
2,S003_normal_s,normal,531,37.3
2,S003_normal_s,normal,532,37.4
2,S003_normal_s,normal,533,37.3
2,S003_normal_s,normal,534,37.4
2,S003_normal_s,normal,535,37.4
2,S003_normal_s,normal,536,37.2
2,S003_normal_s,normal,537,37.4
2,S003_normal_s,normal,538,37.2
2,S003_normal_s,normal,539,37.2
2,S003_normal_s,normal,540,37.4
2,S003_normal_s,normal,541,37.5
2,S003_normal_s,normal,542,37.3
2,S003_normal_s,normal,543,37.6
2,S003_normal_s,normal,544,37.5
2,S003_normal_s,normal,545,37.9
2,S003_normal_s,normal,546,37.9
2,S003_normal_s,normal,547,37.9
2,S003_normal_s,normal,548,37.6
2,S003_normal_s,normal,549,38.0
2,S003_normal_s,normal,550,37.9
2,S003_normal_s,normal,551,37.6
2,S003_normal_s,normal,552,37.8
2,S003_normal_s,normal,553,38.0
2,S003_normal_s,normal,554,38.2
2,S003_normal_s,normal,555,37.7
2,S003_normal_s,normal,556,38.2
2,S003_normal_s,normal,557,37.9
2,S003_normal_s,normal,558,38.2
2,S003_normal_s,normal,559,37.8
2,S003_normal_s,normal,560,38.0
2,S003_normal_s,normal,561,38.0
2,S003_normal_s,normal,562,37.8
2,S003_normal_s,normal,563,37.8
2,S003_normal_s,normal,564,37.9
2,S003_normal_s,normal,565,38.0
2,S003_normal_s,normal,566,38.0
2,S003_normal_s,normal,567,38.2
2,S003_normal_s,normal,568,38.3
2,S003_normal_s,normal,569,38.4
2,S003_normal_s,normal,570,37.7
2,S003_normal_s,normal,571,38.5
2,S003_normal_s,normal,572,38.6
2,S003_normal_s,normal,573,38.0
2,S003_normal_s,normal,574,37.8
2,S003_normal_s,normal,575,38.2
2,S003_normal_s,normal,576,38.3
2,S003_normal_s,normal,577,38.3
2,S003_normal_s,normal,578,38.3
2,S003_normal_s,normal,579,38.5
2,S003_normal_s,normal,580,38.2
2,S003_normal_s,normal,581,38.0
2,S003_normal_s,normal,582,38.3
2,S003_normal_s,normal,583,38.5
2,S003_normal_s,normal,584,38.6
2,S003_normal_s,normal,585,38.4
2,S003_normal_s,normal,586,38.7
2,S003_normal_s,normal,587,38.5
2,S003_normal_s,normal,588,38.5
2,S003_normal_s,normal,589,38.7
2,S003_normal_s,normal,590,38.5
2,S003_normal_s,normal,591,38.5
2,S003_normal_s,normal,592,38.8
2,S003_normal_s,normal,593,38.5
2,S003_normal_s,normal,594,38.4
2,S003_normal_s,normal,595,38.7
2,S003_normal_s,normal,596,38.7
2,S003_normal_s,normal,597,38.6
2,S003_normal_s,normal,598,38.5
2,S003_normal_s,normal,599,38.7
2,S003_normal_s,normal,600,38.6
2,S003_normal_s,normal,601,38.8
2,S003_normal_s,normal,602,38.8
2,S003_normal_s,normal,603,38.7
2,S003_normal_s,normal,604,38.3
2,S003_normal_s,normal,605,38.6
2,S003_normal_s,normal,606,38.8
2,S003_normal_s,normal,607,38.7
2,S003_normal_s,normal,608,38.6
2,S003_normal_s,normal,609,38.7
2,S003_normal_s,normal,610,39.0
2,S003_normal_s,normal,611,39.1
2,S003_normal_s,normal,612,38.5
2,S003_normal_s,normal,613,38.9
2,S003_normal_s,normal,614,38.7
2,S003_normal_s,normal,615,39.2
2,S003_normal_s,normal,616,38.8
2,S003_normal_s,normal,617,39.0
2,S003_normal_s,normal,618,38.7
2,S003_normal_s,normal,619,39.0
2,S003_normal_s,normal,620,38.8
2,S003_normal_s,normal,621,39.0
2,S003_normal_s,normal,622,39.0
2,S003_normal_s,normal,623,39.0
2,S003_normal_s,normal,624,38.7
2,S003_normal_s,normal,625,39.1
2,S003_normal_s,normal,626,38.9
2,S003_normal_s,normal,627,39.0
2,S003_normal_s,normal,628,39.1
2,S003_normal_s,normal,629,38.8
2,S003_normal_s,normal,630,39.0
2,S003_normal_s,normal,631,39.4
2,S003_normal_s,normal,632,39.2
2,S003_normal_s,normal,633,38.8
2,S003_normal_s,normal,634,39.3
2,S003_normal_s,normal,635,39.2
2,S003_normal_s,normal,636,39.2
2,S003_normal_s,normal,637,39.1
2,S003_normal_s,normal,638,39.2
2,S003_normal_s,normal,639,39.4
2,S003_normal_s,normal,640,39.3
2,S003_normal_s,normal,641,39.4
2,S003_normal_s,normal,642,39.1
2,S003_normal_s,normal,643,39.3
2,S003_normal_s,normal,644,39.0
2,S003_normal_s,normal,645,39.3
2,S003_normal_s,normal,646,39.1
2,S003_normal_s,normal,647,39.4
2,S003_normal_s,normal,648,39.4
2,S003_normal_s,normal,649,39.3
2,S003_normal_s,normal,650,39.6
2,S003_normal_s,normal,651,39.2
2,S003_normal_s,normal,652,39.1
2,S003_normal_s,normal,653,39.3
2,S003_normal_s,normal,654,39.5
2,S003_normal_s,normal,655,39.1
2,S003_normal_s,normal,656,38.9
2,S003_normal_s,normal,657,39.4
2,S003_normal_s,normal,658,39.6
2,S003_normal_s,normal,659,39.5
2,S003_normal_s,normal,660,39.2
2,S003_normal_s,normal,661,39.6
2,S003_normal_s,normal,662,39.5
2,S003_normal_s,normal,663,39.7
2,S003_normal_s,normal,664,39.8
2,S003_normal_s,normal,665,39.7
2,S003_normal_s,normal,666,39.3
2,S003_normal_s,normal,667,39.7
2,S003_normal_s,normal,668,39.4
2,S003_normal_s,normal,669,39.4
2,S003_normal_s,normal,670,39.9
2,S003_normal_s,normal,671,39.6
2,S003_normal_s,normal,672,39.5
2,S003_normal_s,normal,673,39.4
2,S003_normal_s,normal,674,39.4
2,S003_normal_s,normal,675,39.4
2,S003_normal_s,normal,676,39.6
2,S003_normal_s,normal,677,39.6
2,S003_normal_s,normal,678,39.6
2,S003_normal_s,normal,679,39.4
2,S003_normal_s,normal,680,39.4
2,S003_normal_s,normal,681,39.5
2,S003_normal_s,normal,682,39.5
2,S003_normal_s,normal,683,39.9
2,S003_normal_s,normal,684,39.7
2,S003_normal_s,normal,685,39.7
2,S003_normal_s,normal,686,39.2
2,S003_normal_s,normal,687,39.6
2,S003_normal_s,normal,688,39.8
2,S003_normal_s,normal,689,39.6
2,S003_normal_s,normal,690,39.6
2,S003_normal_s,normal,691,39.5
2,S003_normal_s,normal,692,39.9
2,S003_normal_s,normal,693,40.0
2,S003_normal_s,normal,694,39.6
2,S003_normal_s,normal,695,39.6
2,S003_normal_s,normal,696,39.6
2,S003_normal_s,normal,697,39.6
2,S003_normal_s,normal,698,39.6
2,S003_normal_s,normal,699,39.9
2,S003_normal_s,normal,700,40.0
2,S003_normal_s,normal,701,39.8
2,S003_normal_s,normal,702,39.4
2,S003_normal_s,normal,703,39.7
2,S003_normal_s,normal,704,39.7
2,S003_normal_s,normal,705,39.8
2,S003_normal_s,normal,706,39.7
2,S003_normal_s,normal,707,39.9
2,S003_normal_s,normal,708,39.7
2,S003_normal_s,normal,709,39.7
2,S003_normal_s,normal,710,39.7
2,S003_normal_s,normal,711,39.9
2,S003_normal_s,normal,712,39.8
2,S003_normal_s,normal,713,39.7
2,S003_normal_s,normal,714,39.7
2,S003_normal_s,normal,715,39.6
2,S003_normal_s,normal,716,40.0
2,S003_normal_s,normal,717,40.0
2,S003_normal_s,normal,718,40.0
2,S003_normal_s,normal,719,39.8
2,S003_normal_s,normal,720,40.2
2,S003_normal_s,normal,721,39.8
2,S003_normal_s,normal,722,40.0
2,S003_normal_s,normal,723,39.8
2,S003_normal_s,normal,724,40.1
2,S003_normal_s,normal,725,39.6
2,S003_normal_s,normal,726,40.5
2,S003_normal_s,normal,727,40.1
2,S003_normal_s,normal,728,40.2
2,S003_normal_s,normal,729,40.3
2,S003_normal_s,normal,730,39.9
2,S003_normal_s,normal,731,40.0
2,S003_normal_s,normal,732,40.2
2,S003_normal_s,normal,733,40.3
2,S003_normal_s,normal,734,39.9
2,S003_normal_s,normal,735,40.0
2,S003_normal_s,normal,736,40.0
2,S003_normal_s,normal,737,40.0
2,S003_normal_s,normal,738,40.0
2,S003_normal_s,normal,739,39.9
2,S003_normal_s,normal,740,39.9
2,S003_normal_s,normal,741,39.8
2,S003_normal_s,normal,742,40.3
2,S003_normal_s,normal,743,40.3
2,S003_normal_s,normal,744,40.5
2,S003_normal_s,normal,745,39.9
2,S003_normal_s,normal,746,40.2
2,S003_normal_s,normal,747,40.0
2,S003_normal_s,normal,748,40.4
2,S003_normal_s,normal,749,40.3
2,S003_normal_s,normal,750,40.2
2,S003_normal_s,normal,751,40.0
2,S003_normal_s,normal,752,40.1
2,S003_normal_s,normal,753,40.0
2,S003_normal_s,normal,754,40.0
2,S003_normal_s,normal,755,39.9
2,S003_normal_s,normal,756,40.3
2,S003_normal_s,normal,757,40.4
2,S003_normal_s,normal,758,40.2
2,S003_normal_s,normal,759,40.6
2,S003_normal_s,normal,760,40.3
2,S003_normal_s,normal,761,40.0
2,S003_normal_s,normal,762,40.2
2,S003_normal_s,normal,763,40.2
2,S003_normal_s,normal,764,40.0
2,S003_normal_s,normal,765,40.1
2,S003_normal_s,normal,766,40.4
2,S003_normal_s,normal,767,40.4
2,S003_normal_s,normal,768,40.3
2,S003_normal_s,normal,769,40.2
2,S003_normal_s,normal,770,40.6
2,S003_normal_s,normal,771,40.1
2,S003_normal_s,normal,772,40.4
2,S003_normal_s,normal,773,40.1
2,S003_normal_s,normal,774,40.2
2,S003_normal_s,normal,775,40.2
2,S003_normal_s,normal,776,40.3
2,S003_normal_s,normal,777,40.0
2,S003_normal_s,normal,778,40.2
2,S003_normal_s,normal,779,40.1
2,S003_normal_s,normal,780,40.2
2,S003_normal_s,normal,781,40.1
2,S003_normal_s,normal,782,40.2
2,S003_normal_s,normal,783,40.4
2,S003_normal_s,normal,784,39.7
2,S003_normal_s,normal,785,40.0
2,S003_normal_s,normal,786,40.4
2,S003_normal_s,normal,787,40.2
2,S003_normal_s,normal,788,40.2
2,S003_normal_s,normal,789,40.2
2,S003_normal_s,normal,790,40.3
2,S003_normal_s,normal,791,40.4
2,S003_normal_s,normal,792,40.1
2,S003_normal_s,normal,793,40.1
2,S003_normal_s,normal,794,40.0
2,S003_normal_s,normal,795,40.5
2,S003_normal_s,normal,796,40.2
2,S003_normal_s,normal,797,40.2
2,S003_normal_s,normal,798,40.2
2,S003_normal_s,normal,799,40.4
2,S003_normal_s,normal,800,40.0
2,S003_normal_s,normal,801,40.0
2,S003_normal_s,normal,802,40.4
2,S003_normal_s,normal,803,39.9
2,S003_normal_s,normal,804,40.4
2,S003_normal_s,normal,805,40.6
2,S003_normal_s,normal,806,40.1
2,S003_normal_s,normal,807,40.3
2,S003_normal_s,normal,808,40.4
2,S003_normal_s,normal,809,40.2
2,S003_normal_s,normal,810,40.3
2,S003_normal_s,normal,811,40.2
2,S003_normal_s,normal,812,40.4
2,S003_normal_s,normal,813,39.9
2,S003_normal_s,normal,814,40.4
2,S003_normal_s,normal,815,40.6
2,S003_normal_s,normal,816,40.5
2,S003_normal_s,normal,817,40.2
2,S003_normal_s,normal,818,40.8
2,S003_normal_s,normal,819,40.5
2,S003_normal_s,normal,820,40.3
2,S003_normal_s,normal,821,40.2
2,S003_normal_s,normal,822,40.6
2,S003_normal_s,normal,823,40.2
2,S003_normal_s,normal,824,40.5
2,S003_normal_s,normal,825,40.3
2,S003_normal_s,normal,826,40.5
2,S003_normal_s,normal,827,40.6
2,S003_normal_s,normal,828,40.1
2,S003_normal_s,normal,829,40.3
2,S003_normal_s,normal,830,40.3
2,S003_normal_s,normal,831,40.5
2,S003_normal_s,normal,832,40.2
2,S003_normal_s,normal,833,40.3
2,S003_normal_s,normal,834,40.7
2,S003_normal_s,normal,835,40.4
2,S003_normal_s,normal,836,40.1
2,S003_normal_s,normal,837,40.6
2,S003_normal_s,normal,838,40.3
2,S003_normal_s,normal,839,40.0
2,S003_normal_s,normal,840,40.3
2,S003_normal_s,normal,841,40.5
2,S003_normal_s,normal,842,40.2
2,S003_normal_s,normal,843,40.3
2,S003_normal_s,normal,844,40.6
2,S003_normal_s,normal,845,40.3
2,S003_normal_s,normal,846,40.6
2,S003_normal_s,normal,847,40.3
2,S003_normal_s,normal,848,40.4
2,S003_normal_s,normal,849,40.7
2,S003_normal_s,normal,850,40.5
2,S003_normal_s,normal,851,40.2
2,S003_normal_s,normal,852,40.4
2,S003_normal_s,normal,853,40.7
2,S003_normal_s,normal,854,40.2
2,S003_normal_s,normal,855,40.8
2,S003_normal_s,normal,856,40.6
2,S003_normal_s,normal,857,40.5
2,S003_normal_s,normal,858,40.2
2,S003_normal_s,normal,859,40.4
2,S003_normal_s,normal,860,40.3
2,S003_normal_s,normal,861,40.6
2,S003_normal_s,normal,862,40.5
2,S003_normal_s,normal,863,40.7
2,S003_normal_s,normal,864,40.4
2,S003_normal_s,normal,865,40.4
2,S003_normal_s,normal,866,40.6
2,S003_normal_s,normal,867,40.6
2,S003_normal_s,normal,868,40.3
2,S003_normal_s,normal,869,40.5
2,S003_normal_s,normal,870,40.6
2,S003_normal_s,normal,871,40.4
2,S003_normal_s,normal,872,40.4
2,S003_normal_s,normal,873,40.5
2,S003_normal_s,normal,874,40.9
2,S003_normal_s,normal,875,40.5
2,S003_normal_s,normal,876,40.5
2,S003_normal_s,normal,877,40.5
2,S003_normal_s,normal,878,40.3
2,S003_normal_s,normal,879,40.1
2,S003_normal_s,normal,880,40.8
2,S003_normal_s,normal,881,40.1
2,S003_normal_s,normal,882,40.3
2,S003_normal_s,normal,883,40.9
2,S003_normal_s,normal,884,40.4
2,S003_normal_s,normal,885,40.4
2,S003_normal_s,normal,886,40.6
2,S003_normal_s,normal,887,40.7
2,S003_normal_s,normal,888,40.7
2,S003_normal_s,normal,889,40.5
2,S003_normal_s,normal,890,40.5
2,S003_normal_s,normal,891,40.8
2,S003_normal_s,normal,892,40.7
2,S003_normal_s,normal,893,40.6
2,S003_normal_s,normal,894,40.6
2,S003_normal_s,normal,895,40.2
2,S003_normal_s,normal,896,40.6
2,S003_normal_s,normal,897,40.4
2,S003_normal_s,normal,898,40.7
2,S003_normal_s,normal,899,40.5
2,S003_normal_s,normal,900,40.3
2,S003_normal_s,normal,901,41.0
2,S003_normal_s,normal,902,40.4
2,S003_normal_s,normal,903,40.8
2,S003_normal_s,normal,904,40.5
2,S003_normal_s,normal,905,40.4
2,S003_normal_s,normal,906,40.4
2,S003_normal_s,normal,907,40.8
2,S003_normal_s,normal,908,40.3
2,S003_normal_s,normal,909,40.5
2,S003_normal_s,normal,910,40.4
2,S003_normal_s,normal,911,40.5
2,S003_normal_s,normal,912,40.9
2,S003_normal_s,normal,913,40.6
2,S003_normal_s,normal,914,40.3
2,S003_normal_s,normal,915,40.8
2,S003_normal_s,normal,916,40.5
2,S003_normal_s,normal,917,40.6
2,S003_normal_s,normal,918,40.9
2,S003_normal_s,normal,919,40.5
2,S003_normal_s,normal,920,40.9
2,S003_normal_s,normal,921,40.5
2,S003_normal_s,normal,922,40.7
2,S003_normal_s,normal,923,40.5
2,S003_normal_s,normal,924,40.5
2,S003_normal_s,normal,925,40.7
2,S003_normal_s,normal,926,40.6
2,S003_normal_s,normal,927,40.6
2,S003_normal_s,normal,928,40.6
2,S003_normal_s,normal,929,40.5
2,S003_normal_s,normal,930,40.8
2,S003_normal_s,normal,931,40.7
2,S003_normal_s,normal,932,40.5
2,S003_normal_s,normal,933,40.5
2,S003_normal_s,normal,934,40.6
2,S003_normal_s,normal,935,40.6
2,S003_normal_s,normal,936,40.7
2,S003_normal_s,normal,937,40.4
2,S003_normal_s,normal,938,40.5
2,S003_normal_s,normal,939,40.7
2,S003_normal_s,normal,940,40.9
2,S003_normal_s,normal,941,41.0
2,S003_normal_s,normal,942,40.3
2,S003_normal_s,normal,943,40.4
2,S003_normal_s,normal,944,40.8
2,S003_normal_s,normal,945,40.7
2,S003_normal_s,normal,946,40.5
2,S003_normal_s,normal,947,40.7
2,S003_normal_s,normal,948,40.6
2,S003_normal_s,normal,949,40.7
2,S003_normal_s,normal,950,40.5
2,S003_normal_s,normal,951,40.4
2,S003_normal_s,normal,952,40.7
2,S003_normal_s,normal,953,40.6
2,S003_normal_s,normal,954,40.7
2,S003_normal_s,normal,955,40.7
2,S003_normal_s,normal,956,40.4
2,S003_normal_s,normal,957,40.3
2,S003_normal_s,normal,958,40.6
2,S003_normal_s,normal,959,41.0
2,S003_normal_s,normal,960,40.9
2,S003_normal_s,normal,961,40.5
2,S003_normal_s,normal,962,40.5
2,S003_normal_s,normal,963,40.7
2,S003_normal_s,normal,964,40.8
2,S003_normal_s,normal,965,40.5
2,S003_normal_s,normal,966,40.5
2,S003_normal_s,normal,967,40.6
2,S003_normal_s,normal,968,40.6
2,S003_normal_s,normal,969,40.9
2,S003_normal_s,normal,970,40.3
2,S003_normal_s,normal,971,40.6
2,S003_normal_s,normal,972,40.1
2,S003_normal_s,normal,973,40.4
2,S003_normal_s,normal,974,40.7
2,S003_normal_s,normal,975,40.8
2,S003_normal_s,normal,976,40.8
2,S003_normal_s,normal,977,40.5
2,S003_normal_s,normal,978,40.6
2,S003_normal_s,normal,979,40.9
2,S003_normal_s,normal,980,40.3
2,S003_normal_s,normal,981,40.9
2,S003_normal_s,normal,982,40.4
2,S003_normal_s,normal,983,40.6
2,S003_normal_s,normal,984,40.7
2,S003_normal_s,normal,985,40.4
2,S003_normal_s,normal,986,40.7
2,S003_normal_s,normal,987,40.6
2,S003_normal_s,normal,988,40.8
2,S003_normal_s,normal,989,40.6
2,S003_normal_s,normal,990,40.5
2,S003_normal_s,normal,991,40.5
2,S003_normal_s,normal,992,41.0
2,S003_normal_s,normal,993,40.7
2,S003_normal_s,normal,994,40.7
2,S003_normal_s,normal,995,40.3
2,S003_normal_s,normal,996,40.8
2,S003_normal_s,normal,997,40.9
2,S003_normal_s,normal,998,40.3
2,S003_normal_s,normal,999,40.7
2,S003_normal_s,normal,1000,40.5
2,S003_normal_s,normal,1001,40.8
2,S003_normal_s,normal,1002,40.8
2,S003_normal_s,normal,1003,40.6
2,S003_normal_s,normal,1004,40.6
2,S003_normal_s,normal,1005,40.9
2,S003_normal_s,normal,1006,40.5
2,S003_normal_s,normal,1007,40.7
2,S003_normal_s,normal,1008,40.6
2,S003_normal_s,normal,1009,40.6
2,S003_normal_s,normal,1010,40.8
2,S003_normal_s,normal,1011,40.8
2,S003_normal_s,normal,1012,40.5
2,S003_normal_s,normal,1013,40.8
2,S003_normal_s,normal,1014,40.6
2,S003_normal_s,normal,1015,40.6
2,S003_normal_s,normal,1016,40.3
2,S003_normal_s,normal,1017,40.4
2,S003_normal_s,normal,1018,40.7
2,S003_normal_s,normal,1019,40.5
2,S003_normal_s,normal,1020,40.3
2,S003_normal_s,normal,1021,40.6
2,S003_normal_s,normal,1022,40.7
2,S003_normal_s,normal,1023,41.1
2,S003_normal_s,normal,1024,40.6
2,S003_normal_s,normal,1025,40.6
2,S003_normal_s,normal,1026,40.7
2,S003_normal_s,normal,1027,40.8
2,S003_normal_s,normal,1028,40.9
2,S003_normal_s,normal,1029,41.0
2,S003_normal_s,normal,1030,40.5
2,S003_normal_s,normal,1031,40.9
2,S003_normal_s,normal,1032,40.7
2,S003_normal_s,normal,1033,41.0
2,S003_normal_s,normal,1034,40.9
2,S003_normal_s,normal,1035,40.7
2,S003_normal_s,normal,1036,40.7
2,S003_normal_s,normal,1037,40.8
2,S003_normal_s,normal,1038,40.6
2,S003_normal_s,normal,1039,40.5
2,S003_normal_s,normal,1040,40.7
2,S003_normal_s,normal,1041,40.8
2,S003_normal_s,normal,1042,40.7
2,S003_normal_s,normal,1043,40.9
2,S003_normal_s,normal,1044,40.6
2,S003_normal_s,normal,1045,41.2
2,S003_normal_s,normal,1046,40.7
2,S003_normal_s,normal,1047,40.8
2,S003_normal_s,normal,1048,40.5
2,S003_normal_s,normal,1049,40.7
2,S003_normal_s,normal,1050,41.0
2,S003_normal_s,normal,1051,41.1
2,S003_normal_s,normal,1052,40.4
2,S003_normal_s,normal,1053,40.7
2,S003_normal_s,normal,1054,40.9
2,S003_normal_s,normal,1055,40.5
2,S003_normal_s,normal,1056,41.0
2,S003_normal_s,normal,1057,40.5
2,S003_normal_s,normal,1058,41.0
2,S003_normal_s,normal,1059,40.8
2,S003_normal_s,normal,1060,40.7
2,S003_normal_s,normal,1061,40.9
2,S003_normal_s,normal,1062,40.9
2,S003_normal_s,normal,1063,40.5
2,S003_normal_s,normal,1064,40.8
2,S003_normal_s,normal,1065,40.5
2,S003_normal_s,normal,1066,40.4
2,S003_normal_s,normal,1067,40.9
2,S003_normal_s,normal,1068,40.6
2,S003_normal_s,normal,1069,40.3
2,S003_normal_s,normal,1070,40.6
2,S003_normal_s,normal,1071,40.8
2,S003_normal_s,normal,1072,40.9
2,S003_normal_s,normal,1073,41.0
2,S003_normal_s,normal,1074,40.8
2,S003_normal_s,normal,1075,40.8
2,S003_normal_s,normal,1076,40.8
2,S003_normal_s,normal,1077,41.0
2,S003_normal_s,normal,1078,40.7
2,S003_normal_s,normal,1079,40.7
2,S003_normal_s,normal,1080,40.8
2,S003_normal_s,normal,1081,40.5
2,S003_normal_s,normal,1082,40.8
2,S003_normal_s,normal,1083,40.8
2,S003_normal_s,normal,1084,41.2
2,S003_normal_s,normal,1085,40.8
2,S003_normal_s,normal,1086,40.6
2,S003_normal_s,normal,1087,40.6
2,S003_normal_s,normal,1088,40.8
2,S003_normal_s,normal,1089,40.6
2,S003_normal_s,normal,1090,40.6
2,S003_normal_s,normal,1091,40.5
2,S003_normal_s,normal,1092,40.6
2,S003_normal_s,normal,1093,40.6
2,S003_normal_s,normal,1094,40.6
2,S003_normal_s,normal,1095,40.6
2,S003_normal_s,normal,1096,41.0
2,S003_normal_s,normal,1097,41.0
2,S003_normal_s,normal,1098,40.5
2,S003_normal_s,normal,1099,40.7
2,S003_normal_s,normal,1100,40.8
2,S003_normal_s,normal,1101,41.1
2,S003_normal_s,normal,1102,40.6
2,S003_normal_s,normal,1103,40.6
2,S003_normal_s,normal,1104,40.6
2,S003_normal_s,normal,1105,40.6
2,S003_normal_s,normal,1106,41.1
2,S003_normal_s,normal,1107,40.7
2,S003_normal_s,normal,1108,40.9
2,S003_normal_s,normal,1109,41.0
2,S003_normal_s,normal,1110,41.0
2,S003_normal_s,normal,1111,40.9
2,S003_normal_s,normal,1112,40.5
2,S003_normal_s,normal,1113,40.8
2,S003_normal_s,normal,1114,40.4
2,S003_normal_s,normal,1115,40.7
2,S003_normal_s,normal,1116,41.0
2,S003_normal_s,normal,1117,40.6
2,S003_normal_s,normal,1118,40.5
2,S003_normal_s,normal,1119,40.8
2,S003_normal_s,normal,1120,40.5
2,S003_normal_s,normal,1121,40.9
2,S003_normal_s,normal,1122,40.6
2,S003_normal_s,normal,1123,40.8
2,S003_normal_s,normal,1124,40.4
2,S003_normal_s,normal,1125,40.6
2,S003_normal_s,normal,1126,40.5
2,S003_normal_s,normal,1127,40.4
2,S003_normal_s,normal,1128,40.8
2,S003_normal_s,normal,1129,40.6
2,S003_normal_s,normal,1130,40.9
2,S003_normal_s,normal,1131,40.9
2,S003_normal_s,normal,1132,40.5
2,S003_normal_s,normal,1133,40.5
2,S003_normal_s,normal,1134,41.2
2,S003_normal_s,normal,1135,40.8
2,S003_normal_s,normal,1136,41.0
2,S003_normal_s,normal,1137,41.0
2,S003_normal_s,normal,1138,40.8
2,S003_normal_s,normal,1139,40.9
2,S003_normal_s,normal,1140,40.8
2,S003_normal_s,normal,1141,40.8
2,S003_normal_s,normal,1142,40.6
2,S003_normal_s,normal,1143,40.6
2,S003_normal_s,normal,1144,40.5
2,S003_normal_s,normal,1145,40.8
2,S003_normal_s,normal,1146,40.7
2,S003_normal_s,normal,1147,40.9
2,S003_normal_s,normal,1148,41.2
2,S003_normal_s,normal,1149,40.8
2,S003_normal_s,normal,1150,41.2
2,S003_normal_s,normal,1151,40.6
2,S003_normal_s,normal,1152,40.8
2,S003_normal_s,normal,1153,40.7
2,S003_normal_s,normal,1154,40.7
2,S003_normal_s,normal,1155,40.6
2,S003_normal_s,normal,1156,40.9
2,S003_normal_s,normal,1157,41.1
2,S003_normal_s,normal,1158,40.8
2,S003_normal_s,normal,1159,40.7
2,S003_normal_s,normal,1160,40.8
2,S003_normal_s,normal,1161,40.5
2,S003_normal_s,normal,1162,40.5
2,S003_normal_s,normal,1163,41.0
2,S003_normal_s,normal,1164,40.6
2,S003_normal_s,normal,1165,40.8
2,S003_normal_s,normal,1166,41.2
2,S003_normal_s,normal,1167,40.7
2,S003_normal_s,normal,1168,40.8
2,S003_normal_s,normal,1169,40.7
2,S003_normal_s,normal,1170,40.9
2,S003_normal_s,normal,1171,40.5
2,S003_normal_s,normal,1172,40.7
2,S003_normal_s,normal,1173,41.1
2,S003_normal_s,normal,1174,40.8
2,S003_normal_s,normal,1175,40.5
2,S003_normal_s,normal,1176,40.9
2,S003_normal_s,normal,1177,40.9
2,S003_normal_s,normal,1178,40.8
2,S003_normal_s,normal,1179,40.6
2,S003_normal_s,normal,1180,40.8
2,S003_normal_s,normal,1181,40.7
2,S003_normal_s,normal,1182,40.6
2,S003_normal_s,normal,1183,40.8
2,S003_normal_s,normal,1184,40.8
2,S003_normal_s,normal,1185,40.8
2,S003_normal_s,normal,1186,40.8
2,S003_normal_s,normal,1187,40.5
2,S003_normal_s,normal,1188,40.6
2,S003_normal_s,normal,1189,40.6
2,S003_normal_s,normal,1190,41.0
2,S003_normal_s,normal,1191,40.7
2,S003_normal_s,normal,1192,40.5
2,S003_normal_s,normal,1193,41.0
2,S003_normal_s,normal,1194,40.5
2,S003_normal_s,normal,1195,40.8
2,S003_normal_s,normal,1196,40.6
2,S003_normal_s,normal,1197,40.9
2,S003_normal_s,normal,1198,40.6
2,S003_normal_s,normal,1199,40.3
2,S003_normal_s,normal,1200,40.8
2,S003_normal_s,normal,1201,40.9
2,S003_normal_s,normal,1202,40.4
2,S003_normal_s,normal,1203,40.5
2,S003_normal_s,normal,1204,40.0
2,S003_normal_s,normal,1205,40.2
2,S003_normal_s,normal,1206,40.1
2,S003_normal_s,normal,1207,39.4
2,S003_normal_s,normal,1208,39.7
2,S003_normal_s,normal,1209,39.4
2,S003_normal_s,normal,1210,39.4
2,S003_normal_s,normal,1211,39.0
2,S003_normal_s,normal,1212,39.3
2,S003_normal_s,normal,1213,39.0
2,S003_normal_s,normal,1214,39.1
2,S003_normal_s,normal,1215,38.7
2,S003_normal_s,normal,1216,38.5
2,S003_normal_s,normal,1217,38.5
2,S003_normal_s,normal,1218,38.1
2,S003_normal_s,normal,1219,38.5
2,S003_normal_s,normal,1220,38.4
2,S003_normal_s,normal,1221,38.0
2,S003_normal_s,normal,1222,38.1
2,S003_normal_s,normal,1223,37.7
2,S003_normal_s,normal,1224,37.8
2,S003_normal_s,normal,1225,37.6
2,S003_normal_s,normal,1226,37.3
2,S003_normal_s,normal,1227,37.7
2,S003_normal_s,normal,1228,37.3
2,S003_normal_s,normal,1229,37.1
2,S003_normal_s,normal,1230,37.2
2,S003_normal_s,normal,1231,36.5
2,S003_normal_s,normal,1232,36.9
2,S003_normal_s,normal,1233,37.0
2,S003_normal_s,normal,1234,36.7
2,S003_normal_s,normal,1235,36.5
2,S003_normal_s,normal,1236,36.6
2,S003_normal_s,normal,1237,36.3
2,S003_normal_s,normal,1238,36.1
2,S003_normal_s,normal,1239,36.0
2,S003_normal_s,normal,1240,36.4
2,S003_normal_s,normal,1241,35.7
2,S003_normal_s,normal,1242,35.6
2,S003_normal_s,normal,1243,35.8
2,S003_normal_s,normal,1244,35.4
2,S003_normal_s,normal,1245,35.7
2,S003_normal_s,normal,1246,35.5
2,S003_normal_s,normal,1247,35.5
2,S003_normal_s,normal,1248,35.1
2,S003_normal_s,normal,1249,35.2
2,S003_normal_s,normal,1250,34.9
2,S003_normal_s,normal,1251,34.9
2,S003_normal_s,normal,1252,34.7
2,S003_normal_s,normal,1253,34.8
2,S003_normal_s,normal,1254,34.6
2,S003_normal_s,normal,1255,34.4
2,S003_normal_s,normal,1256,34.6
2,S003_normal_s,normal,1257,34.3
2,S003_normal_s,normal,1258,34.1
2,S003_normal_s,normal,1259,34.2
2,S003_normal_s,normal,1260,34.1
2,S003_normal_s,normal,1261,34.3
2,S003_normal_s,normal,1262,33.4
2,S003_normal_s,normal,1263,33.8
2,S003_normal_s,normal,1264,33.7
2,S003_normal_s,normal,1265,33.6
2,S003_normal_s,normal,1266,33.7
2,S003_normal_s,normal,1267,33.3
2,S003_normal_s,normal,1268,33.5
2,S003_normal_s,normal,1269,33.1
2,S003_normal_s,normal,1270,33.2
2,S003_normal_s,normal,1271,33.2
2,S003_normal_s,normal,1272,33.0
2,S003_normal_s,normal,1273,33.0
2,S003_normal_s,normal,1274,32.9
2,S003_normal_s,normal,1275,32.8
2,S003_normal_s,normal,1276,32.6
2,S003_normal_s,normal,1277,32.8
2,S003_normal_s,normal,1278,32.4
2,S003_normal_s,normal,1279,32.6
2,S003_normal_s,normal,1280,32.6
2,S003_normal_s,normal,1281,32.3
2,S003_normal_s,normal,1282,32.2
2,S003_normal_s,normal,1283,32.3
2,S003_normal_s,normal,1284,32.0
2,S003_normal_s,normal,1285,31.9
2,S003_normal_s,normal,1286,31.9
2,S003_normal_s,normal,1287,32.0
2,S003_normal_s,normal,1288,31.8
2,S003_normal_s,normal,1289,31.6
2,S003_normal_s,normal,1290,31.4
2,S003_normal_s,normal,1291,31.5
2,S003_normal_s,normal,1292,31.7
2,S003_normal_s,normal,1293,31.2
2,S003_normal_s,normal,1294,31.2
2,S003_normal_s,normal,1295,31.2
2,S003_normal_s,normal,1296,31.3
2,S003_normal_s,normal,1297,31.4
2,S003_normal_s,normal,1298,30.7
2,S003_normal_s,normal,1299,31.1
2,S003_normal_s,normal,1300,31.1
2,S003_normal_s,normal,1301,31.0
2,S003_normal_s,normal,1302,30.7
2,S003_normal_s,normal,1303,30.8
2,S003_normal_s,normal,1304,30.5
2,S003_normal_s,normal,1305,30.6
2,S003_normal_s,normal,1306,30.4
2,S003_normal_s,normal,1307,30.3
2,S003_normal_s,normal,1308,30.3
2,S003_normal_s,normal,1309,30.9
2,S003_normal_s,normal,1310,30.5
2,S003_normal_s,normal,1311,30.5
2,S003_normal_s,normal,1312,30.5
2,S003_normal_s,normal,1313,29.9
2,S003_normal_s,normal,1314,30.2
2,S003_normal_s,normal,1315,29.9
2,S003_normal_s,normal,1316,29.7
2,S003_normal_s,normal,1317,30.2
2,S003_normal_s,normal,1318,29.8
2,S003_normal_s,normal,1319,29.6
2,S003_normal_s,normal,1320,29.5
2,S003_normal_s,normal,1321,29.4
2,S003_normal_s,normal,1322,29.4
2,S003_normal_s,normal,1323,29.5
2,S003_normal_s,normal,1324,29.1
2,S003_normal_s,normal,1325,29.5
2,S003_normal_s,normal,1326,29.6
2,S003_normal_s,normal,1327,29.5
2,S003_normal_s,normal,1328,29.3
2,S003_normal_s,normal,1329,29.4
2,S003_normal_s,normal,1330,28.8
2,S003_normal_s,normal,1331,28.9
2,S003_normal_s,normal,1332,29.0
2,S003_normal_s,normal,1333,29.0
2,S003_normal_s,normal,1334,29.1
2,S003_normal_s,normal,1335,28.8
2,S003_normal_s,normal,1336,28.8
2,S003_normal_s,normal,1337,28.9
2,S003_normal_s,normal,1338,28.6
2,S003_normal_s,normal,1339,28.6
2,S003_normal_s,normal,1340,28.8
2,S003_normal_s,normal,1341,28.6
2,S003_normal_s,normal,1342,28.7
2,S003_normal_s,normal,1343,28.2
2,S003_normal_s,normal,1344,28.3
2,S003_normal_s,normal,1345,28.4
2,S003_normal_s,normal,1346,28.3
2,S003_normal_s,normal,1347,28.0
2,S003_normal_s,normal,1348,28.5
2,S003_normal_s,normal,1349,28.3
2,S003_normal_s,normal,1350,28.0
2,S003_normal_s,normal,1351,27.7
2,S003_normal_s,normal,1352,28.0
2,S003_normal_s,normal,1353,28.3
2,S003_normal_s,normal,1354,28.0
2,S003_normal_s,normal,1355,28.1
2,S003_normal_s,normal,1356,27.7
2,S003_normal_s,normal,1357,28.1
2,S003_normal_s,normal,1358,28.4
2,S003_normal_s,normal,1359,27.6
2,S003_normal_s,normal,1360,27.5
2,S003_normal_s,normal,1361,27.5
2,S003_normal_s,normal,1362,27.4
2,S003_normal_s,normal,1363,27.7
2,S003_normal_s,normal,1364,27.6
2,S003_normal_s,normal,1365,27.3
2,S003_normal_s,normal,1366,27.4
2,S003_normal_s,normal,1367,27.2
2,S003_normal_s,normal,1368,27.2
2,S003_normal_s,normal,1369,27.3
2,S003_normal_s,normal,1370,27.5
2,S003_normal_s,normal,1371,27.4
2,S003_normal_s,normal,1372,26.9
2,S003_normal_s,normal,1373,27.1
2,S003_normal_s,normal,1374,27.0
2,S003_normal_s,normal,1375,27.1
2,S003_normal_s,normal,1376,27.3
2,S003_normal_s,normal,1377,27.1
2,S003_normal_s,normal,1378,27.0
2,S003_normal_s,normal,1379,27.1
2,S003_normal_s,normal,1380,26.7
2,S003_normal_s,normal,1381,26.7
2,S003_normal_s,normal,1382,27.5
2,S003_normal_s,normal,1383,26.6
2,S003_normal_s,normal,1384,26.4
2,S003_normal_s,normal,1385,26.8
2,S003_normal_s,normal,1386,26.7
2,S003_normal_s,normal,1387,26.4
2,S003_normal_s,normal,1388,26.8
2,S003_normal_s,normal,1389,26.6
2,S003_normal_s,normal,1390,26.8
2,S003_normal_s,normal,1391,26.4
2,S003_normal_s,normal,1392,26.4
2,S003_normal_s,normal,1393,26.5
2,S003_normal_s,normal,1394,26.4
2,S003_normal_s,normal,1395,26.8
2,S003_normal_s,normal,1396,26.4
2,S003_normal_s,normal,1397,26.5
2,S003_normal_s,normal,1398,26.3
2,S003_normal_s,normal,1399,26.3
2,S003_normal_s,normal,1400,26.3
2,S003_normal_s,normal,1401,26.5
2,S003_normal_s,normal,1402,26.2
2,S003_normal_s,normal,1403,26.5
2,S003_normal_s,normal,1404,26.1
2,S003_normal_s,normal,1405,25.9
2,S003_normal_s,normal,1406,25.6
2,S003_normal_s,normal,1407,26.0
2,S003_normal_s,normal,1408,25.9
2,S003_normal_s,normal,1409,25.8
2,S003_normal_s,normal,1410,25.9
2,S003_normal_s,normal,1411,25.6
2,S003_normal_s,normal,1412,25.5
2,S003_normal_s,normal,1413,25.9
2,S003_normal_s,normal,1414,25.7
2,S003_normal_s,normal,1415,25.8
2,S003_normal_s,normal,1416,25.8
2,S003_normal_s,normal,1417,26.2
2,S003_normal_s,normal,1418,25.3
2,S003_normal_s,normal,1419,25.8
2,S003_normal_s,normal,1420,25.6
2,S003_normal_s,normal,1421,25.6
2,S003_normal_s,normal,1422,25.6
2,S003_normal_s,normal,1423,25.4
2,S003_normal_s,normal,1424,25.7
2,S003_normal_s,normal,1425,25.4
2,S003_normal_s,normal,1426,25.5
2,S003_normal_s,normal,1427,25.6
2,S003_normal_s,normal,1428,25.1
2,S003_normal_s,normal,1429,25.2
2,S003_normal_s,normal,1430,25.6
2,S003_normal_s,normal,1431,25.5
2,S003_normal_s,normal,1432,25.3
2,S003_normal_s,normal,1433,25.4
2,S003_normal_s,normal,1434,25.3
2,S003_normal_s,normal,1435,25.0
2,S003_normal_s,normal,1436,25.2
2,S003_normal_s,normal,1437,25.3
2,S003_normal_s,normal,1438,25.2
2,S003_normal_s,normal,1439,25.5
2,S003_normal_s,normal,1440,25.3
2,S003_normal_s,normal,1441,25.0
2,S003_normal_s,normal,1442,25.1
2,S003_normal_s,normal,1443,24.8
2,S003_normal_s,normal,1444,24.8
2,S003_normal_s,normal,1445,24.5
2,S003_normal_s,normal,1446,24.8
2,S003_normal_s,normal,1447,24.9
2,S003_normal_s,normal,1448,25.3
2,S003_normal_s,normal,1449,25.1
2,S003_normal_s,normal,1450,25.2
2,S003_normal_s,normal,1451,25.2
2,S003_normal_s,normal,1452,24.8
2,S003_normal_s,normal,1453,24.8
2,S003_normal_s,normal,1454,24.7
2,S003_normal_s,normal,1455,25.0
2,S003_normal_s,normal,1456,24.8
2,S003_normal_s,normal,1457,24.7
2,S003_normal_s,normal,1458,24.7
2,S003_normal_s,normal,1459,24.7
2,S003_normal_s,normal,1460,24.6
2,S003_normal_s,normal,1461,24.6
2,S003_normal_s,normal,1462,24.8
2,S003_normal_s,normal,1463,24.4
2,S003_normal_s,normal,1464,24.5
2,S003_normal_s,normal,1465,24.2
2,S003_normal_s,normal,1466,24.4
2,S003_normal_s,normal,1467,24.5
2,S003_normal_s,normal,1468,24.6
2,S003_normal_s,normal,1469,24.6
2,S003_normal_s,normal,1470,24.4
2,S003_normal_s,normal,1471,24.2
2,S003_normal_s,normal,1472,24.5
2,S003_normal_s,normal,1473,24.1
2,S003_normal_s,normal,1474,24.1
2,S003_normal_s,normal,1475,24.6
2,S003_normal_s,normal,1476,24.5
2,S003_normal_s,normal,1477,24.5
2,S003_normal_s,normal,1478,24.3
2,S003_normal_s,normal,1479,24.3
2,S003_normal_s,normal,1480,24.0
2,S003_normal_s,normal,1481,24.3
2,S003_normal_s,normal,1482,24.4
2,S003_normal_s,normal,1483,23.9
2,S003_normal_s,normal,1484,24.8
2,S003_normal_s,normal,1485,24.2
2,S003_normal_s,normal,1486,24.4
2,S003_normal_s,normal,1487,24.2
2,S003_normal_s,normal,1488,24.1
2,S003_normal_s,normal,1489,24.1
2,S003_normal_s,normal,1490,24.3
2,S003_normal_s,normal,1491,24.1
2,S003_normal_s,normal,1492,24.2
2,S003_normal_s,normal,1493,24.0
2,S003_normal_s,normal,1494,24.3
2,S003_normal_s,normal,1495,23.9
2,S003_normal_s,normal,1496,24.0
2,S003_normal_s,normal,1497,23.6
2,S003_normal_s,normal,1498,23.7
2,S003_normal_s,normal,1499,23.7
3,S004_normal_s,normal,0,25.5
3,S004_normal_s,normal,1,25.5
3,S004_normal_s,normal,2,25.4
3,S004_normal_s,normal,3,25.5
3,S004_normal_s,normal,4,25.5
3,S004_normal_s,normal,5,25.3
3,S004_normal_s,normal,6,25.6
3,S004_normal_s,normal,7,25.4
3,S004_normal_s,normal,8,25.5
3,S004_normal_s,normal,9,25.3
3,S004_normal_s,normal,10,25.4
3,S004_normal_s,normal,11,25.4
3,S004_normal_s,normal,12,25.5
3,S004_normal_s,normal,13,25.6
3,S004_normal_s,normal,14,25.5
3,S004_normal_s,normal,15,25.6
3,S004_normal_s,normal,16,25.4
3,S004_normal_s,normal,17,25.4
3,S004_normal_s,normal,18,25.4
3,S004_normal_s,normal,19,25.5
3,S004_normal_s,normal,20,25.5
3,S004_normal_s,normal,21,25.4
3,S004_normal_s,normal,22,25.4
3,S004_normal_s,normal,23,25.4
3,S004_normal_s,normal,24,25.4
3,S004_normal_s,normal,25,25.6
3,S004_normal_s,normal,26,25.5
3,S004_normal_s,normal,27,25.4
3,S004_normal_s,normal,28,25.3
3,S004_normal_s,normal,29,25.5
3,S004_normal_s,normal,30,25.6
3,S004_normal_s,normal,31,25.5
3,S004_normal_s,normal,32,25.6
3,S004_normal_s,normal,33,25.4
3,S004_normal_s,normal,34,25.5
3,S004_normal_s,normal,35,25.7
3,S004_normal_s,normal,36,25.1
3,S004_normal_s,normal,37,25.4
3,S004_normal_s,normal,38,25.3
3,S004_normal_s,normal,39,25.5
3,S004_normal_s,normal,40,25.3
3,S004_normal_s,normal,41,25.4
3,S004_normal_s,normal,42,25.5
3,S004_normal_s,normal,43,25.3
3,S004_normal_s,normal,44,25.2
3,S004_normal_s,normal,45,25.5
3,S004_normal_s,normal,46,25.5
3,S004_normal_s,normal,47,25.4
3,S004_normal_s,normal,48,25.5
3,S004_normal_s,normal,49,25.4
3,S004_normal_s,normal,50,25.3
3,S004_normal_s,normal,51,25.4
3,S004_normal_s,normal,52,25.2
3,S004_normal_s,normal,53,25.4
3,S004_normal_s,normal,54,25.3
3,S004_normal_s,normal,55,25.3
3,S004_normal_s,normal,56,25.5
3,S004_normal_s,normal,57,25.5
3,S004_normal_s,normal,58,25.5
3,S004_normal_s,normal,59,25.4
3,S004_normal_s,normal,60,25.5
3,S004_normal_s,normal,61,25.6
3,S004_normal_s,normal,62,25.4
3,S004_normal_s,normal,63,25.3
3,S004_normal_s,normal,64,25.5
3,S004_normal_s,normal,65,25.4
3,S004_normal_s,normal,66,25.5
3,S004_normal_s,normal,67,25.4
3,S004_normal_s,normal,68,25.5
3,S004_normal_s,normal,69,25.7
3,S004_normal_s,normal,70,25.5
3,S004_normal_s,normal,71,25.5
3,S004_normal_s,normal,72,25.4
3,S004_normal_s,normal,73,25.4
3,S004_normal_s,normal,74,25.6
3,S004_normal_s,normal,75,25.3
3,S004_normal_s,normal,76,25.4
3,S004_normal_s,normal,77,25.6
3,S004_normal_s,normal,78,25.5
3,S004_normal_s,normal,79,25.4
3,S004_normal_s,normal,80,25.5
3,S004_normal_s,normal,81,25.4
3,S004_normal_s,normal,82,25.6
3,S004_normal_s,normal,83,25.7
3,S004_normal_s,normal,84,25.4
3,S004_normal_s,normal,85,25.5
3,S004_normal_s,normal,86,25.2
3,S004_normal_s,normal,87,25.3
3,S004_normal_s,normal,88,25.4
3,S004_normal_s,normal,89,25.6
3,S004_normal_s,normal,90,25.4
3,S004_normal_s,normal,91,25.4
3,S004_normal_s,normal,92,25.4
3,S004_normal_s,normal,93,25.3
3,S004_normal_s,normal,94,25.4
3,S004_normal_s,normal,95,25.4
3,S004_normal_s,normal,96,25.5
3,S004_normal_s,normal,97,25.4
3,S004_normal_s,normal,98,25.5
3,S004_normal_s,normal,99,25.5
3,S004_normal_s,normal,100,25.4
3,S004_normal_s,normal,101,25.7
3,S004_normal_s,normal,102,25.5
3,S004_normal_s,normal,103,25.6
3,S004_normal_s,normal,104,25.4
3,S004_normal_s,normal,105,25.4
3,S004_normal_s,normal,106,25.4
3,S004_normal_s,normal,107,25.5
3,S004_normal_s,normal,108,25.5
3,S004_normal_s,normal,109,25.4
3,S004_normal_s,normal,110,25.2
3,S004_normal_s,normal,111,25.4
3,S004_normal_s,normal,112,25.3
3,S004_normal_s,normal,113,25.5
3,S004_normal_s,normal,114,25.3
3,S004_normal_s,normal,115,25.5
3,S004_normal_s,normal,116,25.5
3,S004_normal_s,normal,117,25.6
3,S004_normal_s,normal,118,25.4
3,S004_normal_s,normal,119,25.4
3,S004_normal_s,normal,120,25.3
3,S004_normal_s,normal,121,25.5
3,S004_normal_s,normal,122,25.5
3,S004_normal_s,normal,123,25.3
3,S004_normal_s,normal,124,25.5
3,S004_normal_s,normal,125,25.4
3,S004_normal_s,normal,126,25.4
3,S004_normal_s,normal,127,25.4
3,S004_normal_s,normal,128,25.5
3,S004_normal_s,normal,129,25.4
3,S004_normal_s,normal,130,25.5
3,S004_normal_s,normal,131,25.4
3,S004_normal_s,normal,132,25.4
3,S004_normal_s,normal,133,25.5
3,S004_normal_s,normal,134,25.6
3,S004_normal_s,normal,135,25.6
3,S004_normal_s,normal,136,25.4
3,S004_normal_s,normal,137,25.4
3,S004_normal_s,normal,138,25.5
3,S004_normal_s,normal,139,25.5
3,S004_normal_s,normal,140,25.4
3,S004_normal_s,normal,141,25.4
3,S004_normal_s,normal,142,25.4
3,S004_normal_s,normal,143,25.4
3,S004_normal_s,normal,144,25.5
3,S004_normal_s,normal,145,25.4
3,S004_normal_s,normal,146,25.4
3,S004_normal_s,normal,147,25.5
3,S004_normal_s,normal,148,25.5
3,S004_normal_s,normal,149,25.5
3,S004_normal_s,normal,150,25.5
3,S004_normal_s,normal,151,25.5
3,S004_normal_s,normal,152,25.7
3,S004_normal_s,normal,153,25.4
3,S004_normal_s,normal,154,25.4
3,S004_normal_s,normal,155,25.3
3,S004_normal_s,normal,156,25.4
3,S004_normal_s,normal,157,25.3
3,S004_normal_s,normal,158,25.3
3,S004_normal_s,normal,159,25.4
3,S004_normal_s,normal,160,25.5
3,S004_normal_s,normal,161,25.4
3,S004_normal_s,normal,162,25.5
3,S004_normal_s,normal,163,25.3
3,S004_normal_s,normal,164,25.1
3,S004_normal_s,normal,165,25.4
3,S004_normal_s,normal,166,25.4
3,S004_normal_s,normal,167,25.4
3,S004_normal_s,normal,168,25.5
3,S004_normal_s,normal,169,25.4
3,S004_normal_s,normal,170,25.4
3,S004_normal_s,normal,171,25.4
3,S004_normal_s,normal,172,25.2
3,S004_normal_s,normal,173,25.5
3,S004_normal_s,normal,174,25.4
3,S004_normal_s,normal,175,25.4
3,S004_normal_s,normal,176,25.5
3,S004_normal_s,normal,177,25.4
3,S004_normal_s,normal,178,25.5
3,S004_normal_s,normal,179,25.4
3,S004_normal_s,normal,180,25.4
3,S004_normal_s,normal,181,25.5
3,S004_normal_s,normal,182,25.3
3,S004_normal_s,normal,183,25.5
3,S004_normal_s,normal,184,25.6
3,S004_normal_s,normal,185,25.6
3,S004_normal_s,normal,186,25.4
3,S004_normal_s,normal,187,25.3
3,S004_normal_s,normal,188,25.5
3,S004_normal_s,normal,189,25.6
3,S004_normal_s,normal,190,25.5
3,S004_normal_s,normal,191,25.3
3,S004_normal_s,normal,192,25.5
3,S004_normal_s,normal,193,25.4
3,S004_normal_s,normal,194,25.4
3,S004_normal_s,normal,195,25.5
3,S004_normal_s,normal,196,25.1
3,S004_normal_s,normal,197,25.6
3,S004_normal_s,normal,198,25.2
3,S004_normal_s,normal,199,25.5
3,S004_normal_s,normal,200,25.4
3,S004_normal_s,normal,201,25.4
3,S004_normal_s,normal,202,25.2
3,S004_normal_s,normal,203,25.5
3,S004_normal_s,normal,204,25.5
3,S004_normal_s,normal,205,25.3
3,S004_normal_s,normal,206,25.4
3,S004_normal_s,normal,207,25.4
3,S004_normal_s,normal,208,25.4
3,S004_normal_s,normal,209,25.4
3,S004_normal_s,normal,210,25.4
3,S004_normal_s,normal,211,25.4
3,S004_normal_s,normal,212,25.5
3,S004_normal_s,normal,213,25.3
3,S004_normal_s,normal,214,25.4
3,S004_normal_s,normal,215,25.5
3,S004_normal_s,normal,216,25.3
3,S004_normal_s,normal,217,25.5
3,S004_normal_s,normal,218,25.5
3,S004_normal_s,normal,219,25.4
3,S004_normal_s,normal,220,25.4
3,S004_normal_s,normal,221,25.5
3,S004_normal_s,normal,222,25.4
3,S004_normal_s,normal,223,25.4
3,S004_normal_s,normal,224,25.4
3,S004_normal_s,normal,225,25.6
3,S004_normal_s,normal,226,25.4
3,S004_normal_s,normal,227,25.5
3,S004_normal_s,normal,228,25.3
3,S004_normal_s,normal,229,25.4
3,S004_normal_s,normal,230,25.6
3,S004_normal_s,normal,231,25.4
3,S004_normal_s,normal,232,25.4
3,S004_normal_s,normal,233,25.5
3,S004_normal_s,normal,234,25.4
3,S004_normal_s,normal,235,25.4
3,S004_normal_s,normal,236,25.5
3,S004_normal_s,normal,237,25.4
3,S004_normal_s,normal,238,25.4
3,S004_normal_s,normal,239,25.6
3,S004_normal_s,normal,240,25.8
3,S004_normal_s,normal,241,25.6
3,S004_normal_s,normal,242,25.5
3,S004_normal_s,normal,243,25.5
3,S004_normal_s,normal,244,25.4
3,S004_normal_s,normal,245,25.4
3,S004_normal_s,normal,246,25.7
3,S004_normal_s,normal,247,25.3
3,S004_normal_s,normal,248,25.2
3,S004_normal_s,normal,249,25.3
3,S004_normal_s,normal,250,25.5
3,S004_normal_s,normal,251,25.5
3,S004_normal_s,normal,252,25.4
3,S004_normal_s,normal,253,25.5
3,S004_normal_s,normal,254,25.5
3,S004_normal_s,normal,255,25.5
3,S004_normal_s,normal,256,25.6
3,S004_normal_s,normal,257,25.5
3,S004_normal_s,normal,258,25.4
3,S004_normal_s,normal,259,25.3
3,S004_normal_s,normal,260,25.6
3,S004_normal_s,normal,261,25.2
3,S004_normal_s,normal,262,25.5
3,S004_normal_s,normal,263,25.6
3,S004_normal_s,normal,264,25.6
3,S004_normal_s,normal,265,25.5
3,S004_normal_s,normal,266,25.4
3,S004_normal_s,normal,267,25.4
3,S004_normal_s,normal,268,25.6
3,S004_normal_s,normal,269,25.6
3,S004_normal_s,normal,270,25.5
3,S004_normal_s,normal,271,25.5
3,S004_normal_s,normal,272,25.5
3,S004_normal_s,normal,273,25.6
3,S004_normal_s,normal,274,25.5
3,S004_normal_s,normal,275,25.6
3,S004_normal_s,normal,276,25.6
3,S004_normal_s,normal,277,25.6
3,S004_normal_s,normal,278,25.4
3,S004_normal_s,normal,279,25.6
3,S004_normal_s,normal,280,25.4
3,S004_normal_s,normal,281,25.5
3,S004_normal_s,normal,282,25.3
3,S004_normal_s,normal,283,25.6
3,S004_normal_s,normal,284,25.4
3,S004_normal_s,normal,285,25.4
3,S004_normal_s,normal,286,25.4
3,S004_normal_s,normal,287,25.5
3,S004_normal_s,normal,288,25.5
3,S004_normal_s,normal,289,25.4
3,S004_normal_s,normal,290,25.4
3,S004_normal_s,normal,291,25.4
3,S004_normal_s,normal,292,25.5
3,S004_normal_s,normal,293,25.5
3,S004_normal_s,normal,294,25.5
3,S004_normal_s,normal,295,25.4
3,S004_normal_s,normal,296,25.4
3,S004_normal_s,normal,297,25.5
3,S004_normal_s,normal,298,25.5
3,S004_normal_s,normal,299,25.4
3,S004_normal_s,normal,300,25.4
3,S004_normal_s,normal,301,25.5
3,S004_normal_s,normal,302,25.5
3,S004_normal_s,normal,303,25.6
3,S004_normal_s,normal,304,25.8
3,S004_normal_s,normal,305,25.6
3,S004_normal_s,normal,306,25.6
3,S004_normal_s,normal,307,25.8
3,S004_normal_s,normal,308,25.8
3,S004_normal_s,normal,309,26.0
3,S004_normal_s,normal,310,25.9
3,S004_normal_s,normal,311,26.2
3,S004_normal_s,normal,312,26.1
3,S004_normal_s,normal,313,26.1
3,S004_normal_s,normal,314,26.3
3,S004_normal_s,normal,315,26.3
3,S004_normal_s,normal,316,26.5
3,S004_normal_s,normal,317,26.4
3,S004_normal_s,normal,318,26.5
3,S004_normal_s,normal,319,26.5
3,S004_normal_s,normal,320,26.7
3,S004_normal_s,normal,321,26.6
3,S004_normal_s,normal,322,26.6
3,S004_normal_s,normal,323,26.7
3,S004_normal_s,normal,324,26.8
3,S004_normal_s,normal,325,26.8
3,S004_normal_s,normal,326,26.8
3,S004_normal_s,normal,327,27.1
3,S004_normal_s,normal,328,27.1
3,S004_normal_s,normal,329,27.2
3,S004_normal_s,normal,330,27.2
3,S004_normal_s,normal,331,27.3
3,S004_normal_s,normal,332,27.4
3,S004_normal_s,normal,333,27.3
3,S004_normal_s,normal,334,27.3
3,S004_normal_s,normal,335,27.4
3,S004_normal_s,normal,336,27.5
3,S004_normal_s,normal,337,27.7
3,S004_normal_s,normal,338,27.6
3,S004_normal_s,normal,339,27.6
3,S004_normal_s,normal,340,27.7
3,S004_normal_s,normal,341,27.6
3,S004_normal_s,normal,342,27.7
3,S004_normal_s,normal,343,28.0
3,S004_normal_s,normal,344,27.8
3,S004_normal_s,normal,345,28.1
3,S004_normal_s,normal,346,28.0
3,S004_normal_s,normal,347,27.9
3,S004_normal_s,normal,348,28.3
3,S004_normal_s,normal,349,28.4
3,S004_normal_s,normal,350,28.4
3,S004_normal_s,normal,351,28.3
3,S004_normal_s,normal,352,28.4
3,S004_normal_s,normal,353,28.4
3,S004_normal_s,normal,354,28.6
3,S004_normal_s,normal,355,28.9
3,S004_normal_s,normal,356,28.5
3,S004_normal_s,normal,357,28.5
3,S004_normal_s,normal,358,28.6
3,S004_normal_s,normal,359,28.7
3,S004_normal_s,normal,360,28.8
3,S004_normal_s,normal,361,28.9
3,S004_normal_s,normal,362,28.8
3,S004_normal_s,normal,363,29.1
3,S004_normal_s,normal,364,28.9
3,S004_normal_s,normal,365,28.8
3,S004_normal_s,normal,366,29.0
3,S004_normal_s,normal,367,29.1
3,S004_normal_s,normal,368,29.1
3,S004_normal_s,normal,369,29.2
3,S004_normal_s,normal,370,29.4
3,S004_normal_s,normal,371,29.2
3,S004_normal_s,normal,372,29.3
3,S004_normal_s,normal,373,29.4
3,S004_normal_s,normal,374,29.6
3,S004_normal_s,normal,375,29.6
3,S004_normal_s,normal,376,29.5
3,S004_normal_s,normal,377,29.6
3,S004_normal_s,normal,378,29.5
3,S004_normal_s,normal,379,29.6
3,S004_normal_s,normal,380,29.7
3,S004_normal_s,normal,381,29.9
3,S004_normal_s,normal,382,29.7
3,S004_normal_s,normal,383,30.0
3,S004_normal_s,normal,384,29.7
3,S004_normal_s,normal,385,29.8
3,S004_normal_s,normal,386,29.8
3,S004_normal_s,normal,387,30.1
3,S004_normal_s,normal,388,30.0
3,S004_normal_s,normal,389,30.0
3,S004_normal_s,normal,390,30.1
3,S004_normal_s,normal,391,30.2
3,S004_normal_s,normal,392,30.2
3,S004_normal_s,normal,393,30.1
3,S004_normal_s,normal,394,30.3
3,S004_normal_s,normal,395,30.4
3,S004_normal_s,normal,396,30.4
3,S004_normal_s,normal,397,30.2
3,S004_normal_s,normal,398,30.3
3,S004_normal_s,normal,399,30.5
3,S004_normal_s,normal,400,30.6
3,S004_normal_s,normal,401,30.6
3,S004_normal_s,normal,402,30.7
3,S004_normal_s,normal,403,30.9
3,S004_normal_s,normal,404,30.7
3,S004_normal_s,normal,405,30.9
3,S004_normal_s,normal,406,30.8
3,S004_normal_s,normal,407,30.7
3,S004_normal_s,normal,408,31.0
3,S004_normal_s,normal,409,31.0
3,S004_normal_s,normal,410,30.8
3,S004_normal_s,normal,411,31.1
3,S004_normal_s,normal,412,30.9
3,S004_normal_s,normal,413,31.2
3,S004_normal_s,normal,414,31.0
3,S004_normal_s,normal,415,31.0
3,S004_normal_s,normal,416,31.3
3,S004_normal_s,normal,417,31.2
3,S004_normal_s,normal,418,31.3
3,S004_normal_s,normal,419,31.3
3,S004_normal_s,normal,420,31.2
3,S004_normal_s,normal,421,31.2
3,S004_normal_s,normal,422,31.4
3,S004_normal_s,normal,423,31.3
3,S004_normal_s,normal,424,31.5
3,S004_normal_s,normal,425,31.5
3,S004_normal_s,normal,426,31.5
3,S004_normal_s,normal,427,31.5
3,S004_normal_s,normal,428,31.8
3,S004_normal_s,normal,429,31.5
3,S004_normal_s,normal,430,31.6
3,S004_normal_s,normal,431,31.8
3,S004_normal_s,normal,432,31.8
3,S004_normal_s,normal,433,31.7
3,S004_normal_s,normal,434,31.8
3,S004_normal_s,normal,435,31.8
3,S004_normal_s,normal,436,31.9
3,S004_normal_s,normal,437,31.8
3,S004_normal_s,normal,438,32.1
3,S004_normal_s,normal,439,31.8
3,S004_normal_s,normal,440,32.2
3,S004_normal_s,normal,441,32.0
3,S004_normal_s,normal,442,32.0
3,S004_normal_s,normal,443,32.1
3,S004_normal_s,normal,444,32.2
3,S004_normal_s,normal,445,32.1
3,S004_normal_s,normal,446,32.2
3,S004_normal_s,normal,447,32.3
3,S004_normal_s,normal,448,32.3
3,S004_normal_s,normal,449,32.3
3,S004_normal_s,normal,450,32.4
3,S004_normal_s,normal,451,32.5
3,S004_normal_s,normal,452,32.4
3,S004_normal_s,normal,453,32.5
3,S004_normal_s,normal,454,32.5
3,S004_normal_s,normal,455,32.5
3,S004_normal_s,normal,456,32.5
3,S004_normal_s,normal,457,32.6
3,S004_normal_s,normal,458,32.6
3,S004_normal_s,normal,459,32.7
3,S004_normal_s,normal,460,32.9
3,S004_normal_s,normal,461,32.6
3,S004_normal_s,normal,462,32.8
3,S004_normal_s,normal,463,32.7
3,S004_normal_s,normal,464,32.9
3,S004_normal_s,normal,465,32.8
3,S004_normal_s,normal,466,32.9
3,S004_normal_s,normal,467,33.0
3,S004_normal_s,normal,468,32.9
3,S004_normal_s,normal,469,32.9
3,S004_normal_s,normal,470,32.9
3,S004_normal_s,normal,471,33.1
3,S004_normal_s,normal,472,33.1
3,S004_normal_s,normal,473,33.0
3,S004_normal_s,normal,474,33.3
3,S004_normal_s,normal,475,33.2
3,S004_normal_s,normal,476,33.2
3,S004_normal_s,normal,477,33.2
3,S004_normal_s,normal,478,33.3
3,S004_normal_s,normal,479,33.3
3,S004_normal_s,normal,480,33.5
3,S004_normal_s,normal,481,33.5
3,S004_normal_s,normal,482,33.4
3,S004_normal_s,normal,483,33.5
3,S004_normal_s,normal,484,33.5
3,S004_normal_s,normal,485,33.4
3,S004_normal_s,normal,486,33.4
3,S004_normal_s,normal,487,33.6
3,S004_normal_s,normal,488,33.6
3,S004_normal_s,normal,489,33.5
3,S004_normal_s,normal,490,33.8
3,S004_normal_s,normal,491,33.8
3,S004_normal_s,normal,492,33.6
3,S004_normal_s,normal,493,33.6
3,S004_normal_s,normal,494,33.6
3,S004_normal_s,normal,495,33.7
3,S004_normal_s,normal,496,33.8
3,S004_normal_s,normal,497,34.0
3,S004_normal_s,normal,498,33.8
3,S004_normal_s,normal,499,33.8
3,S004_normal_s,normal,500,33.9
3,S004_normal_s,normal,501,33.8
3,S004_normal_s,normal,502,33.9
3,S004_normal_s,normal,503,34.2
3,S004_normal_s,normal,504,33.8
3,S004_normal_s,normal,505,33.9
3,S004_normal_s,normal,506,34.0
3,S004_normal_s,normal,507,34.0
3,S004_normal_s,normal,508,34.1
3,S004_normal_s,normal,509,34.2
3,S004_normal_s,normal,510,34.2
3,S004_normal_s,normal,511,34.3
3,S004_normal_s,normal,512,34.2
3,S004_normal_s,normal,513,34.1
3,S004_normal_s,normal,514,34.2
3,S004_normal_s,normal,515,34.1
3,S004_normal_s,normal,516,34.2
3,S004_normal_s,normal,517,34.2
3,S004_normal_s,normal,518,34.7
3,S004_normal_s,normal,519,34.4
3,S004_normal_s,normal,520,34.4
3,S004_normal_s,normal,521,34.5
3,S004_normal_s,normal,522,34.3
3,S004_normal_s,normal,523,34.4
3,S004_normal_s,normal,524,34.6
3,S004_normal_s,normal,525,34.5
3,S004_normal_s,normal,526,34.5
3,S004_normal_s,normal,527,34.6
3,S004_normal_s,normal,528,34.5
3,S004_normal_s,normal,529,34.7
3,S004_normal_s,normal,530,34.7
3,S004_normal_s,normal,531,34.7
3,S004_normal_s,normal,532,34.7
3,S004_normal_s,normal,533,34.7
3,S004_normal_s,normal,534,34.8
3,S004_normal_s,normal,535,34.6
3,S004_normal_s,normal,536,34.9
3,S004_normal_s,normal,537,34.6
3,S004_normal_s,normal,538,34.8
3,S004_normal_s,normal,539,34.9
3,S004_normal_s,normal,540,34.8
3,S004_normal_s,normal,541,34.8
3,S004_normal_s,normal,542,34.9
3,S004_normal_s,normal,543,35.0
3,S004_normal_s,normal,544,35.1
3,S004_normal_s,normal,545,35.1
3,S004_normal_s,normal,546,35.1
3,S004_normal_s,normal,547,35.0
3,S004_normal_s,normal,548,35.1
3,S004_normal_s,normal,549,35.0
3,S004_normal_s,normal,550,35.0
3,S004_normal_s,normal,551,35.2
3,S004_normal_s,normal,552,35.2
3,S004_normal_s,normal,553,35.2
3,S004_normal_s,normal,554,35.2
3,S004_normal_s,normal,555,35.3
3,S004_normal_s,normal,556,35.2
3,S004_normal_s,normal,557,35.2
3,S004_normal_s,normal,558,35.3
3,S004_normal_s,normal,559,35.4
3,S004_normal_s,normal,560,35.3
3,S004_normal_s,normal,561,35.1
3,S004_normal_s,normal,562,35.3
3,S004_normal_s,normal,563,35.2
3,S004_normal_s,normal,564,35.4
3,S004_normal_s,normal,565,35.3
3,S004_normal_s,normal,566,35.5
3,S004_normal_s,normal,567,35.4
3,S004_normal_s,normal,568,35.7
3,S004_normal_s,normal,569,35.6
3,S004_normal_s,normal,570,35.5
3,S004_normal_s,normal,571,35.7
3,S004_normal_s,normal,572,35.7
3,S004_normal_s,normal,573,35.7
3,S004_normal_s,normal,574,35.7
3,S004_normal_s,normal,575,35.8
3,S004_normal_s,normal,576,35.7
3,S004_normal_s,normal,577,35.7
3,S004_normal_s,normal,578,35.6
3,S004_normal_s,normal,579,35.8
3,S004_normal_s,normal,580,35.8
3,S004_normal_s,normal,581,35.8
3,S004_normal_s,normal,582,35.9
3,S004_normal_s,normal,583,35.8
3,S004_normal_s,normal,584,35.8
3,S004_normal_s,normal,585,35.6
3,S004_normal_s,normal,586,35.9
3,S004_normal_s,normal,587,35.9
3,S004_normal_s,normal,588,35.9
3,S004_normal_s,normal,589,35.9
3,S004_normal_s,normal,590,35.8
3,S004_normal_s,normal,591,35.6
3,S004_normal_s,normal,592,35.9
3,S004_normal_s,normal,593,36.1
3,S004_normal_s,normal,594,36.0
3,S004_normal_s,normal,595,36.1
3,S004_normal_s,normal,596,36.0
3,S004_normal_s,normal,597,35.9
3,S004_normal_s,normal,598,36.0
3,S004_normal_s,normal,599,36.3
3,S004_normal_s,normal,600,36.3
3,S004_normal_s,normal,601,36.1
3,S004_normal_s,normal,602,36.1
3,S004_normal_s,normal,603,36.0
3,S004_normal_s,normal,604,36.2
3,S004_normal_s,normal,605,36.1
3,S004_normal_s,normal,606,36.3
3,S004_normal_s,normal,607,36.2
3,S004_normal_s,normal,608,36.3
3,S004_normal_s,normal,609,36.3
3,S004_normal_s,normal,610,36.4
3,S004_normal_s,normal,611,36.2
3,S004_normal_s,normal,612,36.2
3,S004_normal_s,normal,613,36.4
3,S004_normal_s,normal,614,36.4
3,S004_normal_s,normal,615,36.6
3,S004_normal_s,normal,616,36.4
3,S004_normal_s,normal,617,36.4
3,S004_normal_s,normal,618,36.4
3,S004_normal_s,normal,619,36.4
3,S004_normal_s,normal,620,36.5
3,S004_normal_s,normal,621,36.6
3,S004_normal_s,normal,622,36.4
3,S004_normal_s,normal,623,36.5
3,S004_normal_s,normal,624,36.2
3,S004_normal_s,normal,625,36.6
3,S004_normal_s,normal,626,36.4
3,S004_normal_s,normal,627,36.5
3,S004_normal_s,normal,628,36.6
3,S004_normal_s,normal,629,36.6
3,S004_normal_s,normal,630,36.5
3,S004_normal_s,normal,631,36.5
3,S004_normal_s,normal,632,36.6
3,S004_normal_s,normal,633,36.7
3,S004_normal_s,normal,634,36.7
3,S004_normal_s,normal,635,36.7
3,S004_normal_s,normal,636,36.7
3,S004_normal_s,normal,637,36.5
3,S004_normal_s,normal,638,36.8
3,S004_normal_s,normal,639,36.7
3,S004_normal_s,normal,640,36.7
3,S004_normal_s,normal,641,36.8
3,S004_normal_s,normal,642,36.9
3,S004_normal_s,normal,643,36.9
3,S004_normal_s,normal,644,36.8
3,S004_normal_s,normal,645,36.6
3,S004_normal_s,normal,646,36.8
3,S004_normal_s,normal,647,36.8
3,S004_normal_s,normal,648,37.0
3,S004_normal_s,normal,649,36.9
3,S004_normal_s,normal,650,37.0
3,S004_normal_s,normal,651,36.9
3,S004_normal_s,normal,652,37.0
3,S004_normal_s,normal,653,37.0
3,S004_normal_s,normal,654,36.9
3,S004_normal_s,normal,655,37.1
3,S004_normal_s,normal,656,37.0
3,S004_normal_s,normal,657,36.9
3,S004_normal_s,normal,658,37.0
3,S004_normal_s,normal,659,37.0
3,S004_normal_s,normal,660,37.0
3,S004_normal_s,normal,661,37.1
3,S004_normal_s,normal,662,37.2
3,S004_normal_s,normal,663,37.0
3,S004_normal_s,normal,664,37.0
3,S004_normal_s,normal,665,37.1
3,S004_normal_s,normal,666,37.1
3,S004_normal_s,normal,667,37.3
3,S004_normal_s,normal,668,37.2
3,S004_normal_s,normal,669,37.2
3,S004_normal_s,normal,670,37.1
3,S004_normal_s,normal,671,37.4
3,S004_normal_s,normal,672,37.3
3,S004_normal_s,normal,673,37.0
3,S004_normal_s,normal,674,37.2
3,S004_normal_s,normal,675,37.1
3,S004_normal_s,normal,676,37.2
3,S004_normal_s,normal,677,37.3
3,S004_normal_s,normal,678,37.4
3,S004_normal_s,normal,679,37.4
3,S004_normal_s,normal,680,37.3
3,S004_normal_s,normal,681,37.2
3,S004_normal_s,normal,682,37.2
3,S004_normal_s,normal,683,37.4
3,S004_normal_s,normal,684,37.4
3,S004_normal_s,normal,685,37.3
3,S004_normal_s,normal,686,37.3
3,S004_normal_s,normal,687,37.5
3,S004_normal_s,normal,688,37.3
3,S004_normal_s,normal,689,37.4
3,S004_normal_s,normal,690,37.2
3,S004_normal_s,normal,691,37.3
3,S004_normal_s,normal,692,37.3
3,S004_normal_s,normal,693,37.4
3,S004_normal_s,normal,694,37.5
3,S004_normal_s,normal,695,37.4
3,S004_normal_s,normal,696,37.5
3,S004_normal_s,normal,697,37.6
3,S004_normal_s,normal,698,37.5
3,S004_normal_s,normal,699,37.6
3,S004_normal_s,normal,700,37.4
3,S004_normal_s,normal,701,37.5
3,S004_normal_s,normal,702,37.6
3,S004_normal_s,normal,703,37.5
3,S004_normal_s,normal,704,37.7
3,S004_normal_s,normal,705,37.5
3,S004_normal_s,normal,706,37.7
3,S004_normal_s,normal,707,37.6
3,S004_normal_s,normal,708,37.7
3,S004_normal_s,normal,709,37.5
3,S004_normal_s,normal,710,37.7
3,S004_normal_s,normal,711,37.7
3,S004_normal_s,normal,712,37.6
3,S004_normal_s,normal,713,37.8
3,S004_normal_s,normal,714,37.6
3,S004_normal_s,normal,715,37.7
3,S004_normal_s,normal,716,37.7
3,S004_normal_s,normal,717,37.7
3,S004_normal_s,normal,718,37.8
3,S004_normal_s,normal,719,37.7
3,S004_normal_s,normal,720,37.5
3,S004_normal_s,normal,721,37.7
3,S004_normal_s,normal,722,37.6
3,S004_normal_s,normal,723,37.7
3,S004_normal_s,normal,724,37.8
3,S004_normal_s,normal,725,37.7
3,S004_normal_s,normal,726,37.6
3,S004_normal_s,normal,727,37.7
3,S004_normal_s,normal,728,37.9
3,S004_normal_s,normal,729,37.9
3,S004_normal_s,normal,730,37.8
3,S004_normal_s,normal,731,37.9
3,S004_normal_s,normal,732,37.8
3,S004_normal_s,normal,733,38.1
3,S004_normal_s,normal,734,38.0
3,S004_normal_s,normal,735,37.9
3,S004_normal_s,normal,736,38.0
3,S004_normal_s,normal,737,37.9
3,S004_normal_s,normal,738,37.9
3,S004_normal_s,normal,739,38.1
3,S004_normal_s,normal,740,38.0
3,S004_normal_s,normal,741,37.9
3,S004_normal_s,normal,742,37.9
3,S004_normal_s,normal,743,38.0
3,S004_normal_s,normal,744,37.9
3,S004_normal_s,normal,745,37.8
3,S004_normal_s,normal,746,37.9
3,S004_normal_s,normal,747,37.9
3,S004_normal_s,normal,748,38.2
3,S004_normal_s,normal,749,38.1
3,S004_normal_s,normal,750,38.1
3,S004_normal_s,normal,751,38.0
3,S004_normal_s,normal,752,38.0
3,S004_normal_s,normal,753,37.9
3,S004_normal_s,normal,754,38.1
3,S004_normal_s,normal,755,38.1
3,S004_normal_s,normal,756,37.9
3,S004_normal_s,normal,757,38.0
3,S004_normal_s,normal,758,38.1
3,S004_normal_s,normal,759,38.2
3,S004_normal_s,normal,760,38.3
3,S004_normal_s,normal,761,38.2
3,S004_normal_s,normal,762,38.0
3,S004_normal_s,normal,763,38.2
3,S004_normal_s,normal,764,38.4
3,S004_normal_s,normal,765,38.4
3,S004_normal_s,normal,766,38.3
3,S004_normal_s,normal,767,38.3
3,S004_normal_s,normal,768,38.3
3,S004_normal_s,normal,769,38.3
3,S004_normal_s,normal,770,38.3
3,S004_normal_s,normal,771,38.1
3,S004_normal_s,normal,772,38.4
3,S004_normal_s,normal,773,38.3
3,S004_normal_s,normal,774,38.3
3,S004_normal_s,normal,775,38.3
3,S004_normal_s,normal,776,38.4
3,S004_normal_s,normal,777,38.3
3,S004_normal_s,normal,778,38.1
3,S004_normal_s,normal,779,38.2
3,S004_normal_s,normal,780,38.4
3,S004_normal_s,normal,781,38.3
3,S004_normal_s,normal,782,38.6
3,S004_normal_s,normal,783,38.3
3,S004_normal_s,normal,784,38.4
3,S004_normal_s,normal,785,38.4
3,S004_normal_s,normal,786,38.4
3,S004_normal_s,normal,787,38.4
3,S004_normal_s,normal,788,38.5
3,S004_normal_s,normal,789,38.4
3,S004_normal_s,normal,790,38.3
3,S004_normal_s,normal,791,38.4
3,S004_normal_s,normal,792,38.4
3,S004_normal_s,normal,793,38.5
3,S004_normal_s,normal,794,38.4
3,S004_normal_s,normal,795,38.6
3,S004_normal_s,normal,796,38.6
3,S004_normal_s,normal,797,38.4
3,S004_normal_s,normal,798,38.5
3,S004_normal_s,normal,799,38.3
3,S004_normal_s,normal,800,38.5
3,S004_normal_s,normal,801,38.6
3,S004_normal_s,normal,802,38.6
3,S004_normal_s,normal,803,38.4
3,S004_normal_s,normal,804,38.5
3,S004_normal_s,normal,805,38.4
3,S004_normal_s,normal,806,38.6
3,S004_normal_s,normal,807,38.6
3,S004_normal_s,normal,808,38.5
3,S004_normal_s,normal,809,38.5
3,S004_normal_s,normal,810,38.6
3,S004_normal_s,normal,811,38.5
3,S004_normal_s,normal,812,38.6
3,S004_normal_s,normal,813,38.6
3,S004_normal_s,normal,814,38.6
3,S004_normal_s,normal,815,38.6
3,S004_normal_s,normal,816,38.6
3,S004_normal_s,normal,817,38.5
3,S004_normal_s,normal,818,38.5
3,S004_normal_s,normal,819,38.7
3,S004_normal_s,normal,820,38.8
3,S004_normal_s,normal,821,38.6
3,S004_normal_s,normal,822,38.6
3,S004_normal_s,normal,823,38.7
3,S004_normal_s,normal,824,38.7
3,S004_normal_s,normal,825,38.5
3,S004_normal_s,normal,826,38.8
3,S004_normal_s,normal,827,38.5
3,S004_normal_s,normal,828,38.6
3,S004_normal_s,normal,829,38.7
3,S004_normal_s,normal,830,38.6
3,S004_normal_s,normal,831,38.7
3,S004_normal_s,normal,832,38.4
3,S004_normal_s,normal,833,38.7
3,S004_normal_s,normal,834,38.8
3,S004_normal_s,normal,835,38.6
3,S004_normal_s,normal,836,38.9
3,S004_normal_s,normal,837,38.8
3,S004_normal_s,normal,838,38.8
3,S004_normal_s,normal,839,38.8
3,S004_normal_s,normal,840,38.7
3,S004_normal_s,normal,841,38.7
3,S004_normal_s,normal,842,38.8
3,S004_normal_s,normal,843,38.8
3,S004_normal_s,normal,844,38.7
3,S004_normal_s,normal,845,38.9
3,S004_normal_s,normal,846,38.9
3,S004_normal_s,normal,847,38.7
3,S004_normal_s,normal,848,38.9
3,S004_normal_s,normal,849,38.9
3,S004_normal_s,normal,850,38.7
3,S004_normal_s,normal,851,39.0
3,S004_normal_s,normal,852,39.0
3,S004_normal_s,normal,853,38.8
3,S004_normal_s,normal,854,38.9
3,S004_normal_s,normal,855,38.8
3,S004_normal_s,normal,856,38.9
3,S004_normal_s,normal,857,38.9
3,S004_normal_s,normal,858,38.7
3,S004_normal_s,normal,859,39.0
3,S004_normal_s,normal,860,38.9
3,S004_normal_s,normal,861,38.9
3,S004_normal_s,normal,862,39.0
3,S004_normal_s,normal,863,38.9
3,S004_normal_s,normal,864,39.0
3,S004_normal_s,normal,865,39.0
3,S004_normal_s,normal,866,38.9
3,S004_normal_s,normal,867,38.9
3,S004_normal_s,normal,868,38.9
3,S004_normal_s,normal,869,39.0
3,S004_normal_s,normal,870,39.0
3,S004_normal_s,normal,871,38.9
3,S004_normal_s,normal,872,39.1
3,S004_normal_s,normal,873,39.1
3,S004_normal_s,normal,874,39.0
3,S004_normal_s,normal,875,38.9
3,S004_normal_s,normal,876,38.9
3,S004_normal_s,normal,877,38.9
3,S004_normal_s,normal,878,39.1
3,S004_normal_s,normal,879,39.2
3,S004_normal_s,normal,880,39.2
3,S004_normal_s,normal,881,39.0
3,S004_normal_s,normal,882,39.2
3,S004_normal_s,normal,883,39.1
3,S004_normal_s,normal,884,39.0
3,S004_normal_s,normal,885,39.0
3,S004_normal_s,normal,886,39.0
3,S004_normal_s,normal,887,39.1
3,S004_normal_s,normal,888,39.1
3,S004_normal_s,normal,889,39.1
3,S004_normal_s,normal,890,39.0
3,S004_normal_s,normal,891,39.2
3,S004_normal_s,normal,892,38.9
3,S004_normal_s,normal,893,39.1
3,S004_normal_s,normal,894,39.2
3,S004_normal_s,normal,895,38.9
3,S004_normal_s,normal,896,39.1
3,S004_normal_s,normal,897,39.0
3,S004_normal_s,normal,898,39.2
3,S004_normal_s,normal,899,39.2
3,S004_normal_s,normal,900,39.2
3,S004_normal_s,normal,901,39.3
3,S004_normal_s,normal,902,39.3
3,S004_normal_s,normal,903,39.3
3,S004_normal_s,normal,904,39.2
3,S004_normal_s,normal,905,39.1
3,S004_normal_s,normal,906,39.2
3,S004_normal_s,normal,907,39.3
3,S004_normal_s,normal,908,39.3
3,S004_normal_s,normal,909,39.2
3,S004_normal_s,normal,910,39.3
3,S004_normal_s,normal,911,39.1
3,S004_normal_s,normal,912,39.1
3,S004_normal_s,normal,913,39.2
3,S004_normal_s,normal,914,39.1
3,S004_normal_s,normal,915,39.2
3,S004_normal_s,normal,916,39.0
3,S004_normal_s,normal,917,39.2
3,S004_normal_s,normal,918,39.3
3,S004_normal_s,normal,919,39.2
3,S004_normal_s,normal,920,39.3
3,S004_normal_s,normal,921,39.2
3,S004_normal_s,normal,922,39.1
3,S004_normal_s,normal,923,39.2
3,S004_normal_s,normal,924,39.2
3,S004_normal_s,normal,925,39.1
3,S004_normal_s,normal,926,39.2
3,S004_normal_s,normal,927,39.2
3,S004_normal_s,normal,928,39.1
3,S004_normal_s,normal,929,39.2
3,S004_normal_s,normal,930,39.4
3,S004_normal_s,normal,931,39.2
3,S004_normal_s,normal,932,39.0
3,S004_normal_s,normal,933,39.3
3,S004_normal_s,normal,934,39.5
3,S004_normal_s,normal,935,39.4
3,S004_normal_s,normal,936,39.2
3,S004_normal_s,normal,937,39.5
3,S004_normal_s,normal,938,39.3
3,S004_normal_s,normal,939,39.3
3,S004_normal_s,normal,940,39.2
3,S004_normal_s,normal,941,39.2
3,S004_normal_s,normal,942,39.2
3,S004_normal_s,normal,943,39.2
3,S004_normal_s,normal,944,39.3
3,S004_normal_s,normal,945,39.4
3,S004_normal_s,normal,946,39.5
3,S004_normal_s,normal,947,39.4
3,S004_normal_s,normal,948,39.3
3,S004_normal_s,normal,949,39.2
3,S004_normal_s,normal,950,39.2
3,S004_normal_s,normal,951,39.3
3,S004_normal_s,normal,952,39.3
3,S004_normal_s,normal,953,39.4
3,S004_normal_s,normal,954,39.3
3,S004_normal_s,normal,955,39.4
3,S004_normal_s,normal,956,39.3
3,S004_normal_s,normal,957,39.3
3,S004_normal_s,normal,958,39.4
3,S004_normal_s,normal,959,39.3
3,S004_normal_s,normal,960,39.5
3,S004_normal_s,normal,961,39.4
3,S004_normal_s,normal,962,39.5
3,S004_normal_s,normal,963,39.3
3,S004_normal_s,normal,964,39.5
3,S004_normal_s,normal,965,39.4
3,S004_normal_s,normal,966,39.4
3,S004_normal_s,normal,967,39.6
3,S004_normal_s,normal,968,39.5
3,S004_normal_s,normal,969,39.6
3,S004_normal_s,normal,970,39.5
3,S004_normal_s,normal,971,39.4
3,S004_normal_s,normal,972,39.6
3,S004_normal_s,normal,973,39.3
3,S004_normal_s,normal,974,39.6
3,S004_normal_s,normal,975,39.6
3,S004_normal_s,normal,976,39.4
3,S004_normal_s,normal,977,39.5
3,S004_normal_s,normal,978,39.4
3,S004_normal_s,normal,979,39.3
3,S004_normal_s,normal,980,39.5
3,S004_normal_s,normal,981,39.5
3,S004_normal_s,normal,982,39.4
3,S004_normal_s,normal,983,39.4
3,S004_normal_s,normal,984,39.6
3,S004_normal_s,normal,985,39.6
3,S004_normal_s,normal,986,39.4
3,S004_normal_s,normal,987,39.4
3,S004_normal_s,normal,988,39.4
3,S004_normal_s,normal,989,39.5
3,S004_normal_s,normal,990,39.6
3,S004_normal_s,normal,991,39.5
3,S004_normal_s,normal,992,39.4
3,S004_normal_s,normal,993,39.6
3,S004_normal_s,normal,994,39.5
3,S004_normal_s,normal,995,39.4
3,S004_normal_s,normal,996,39.5
3,S004_normal_s,normal,997,39.6
3,S004_normal_s,normal,998,39.7
3,S004_normal_s,normal,999,39.5
3,S004_normal_s,normal,1000,39.5
3,S004_normal_s,normal,1001,39.5
3,S004_normal_s,normal,1002,39.6
3,S004_normal_s,normal,1003,39.7
3,S004_normal_s,normal,1004,39.6
3,S004_normal_s,normal,1005,39.5
3,S004_normal_s,normal,1006,39.6
3,S004_normal_s,normal,1007,39.5
3,S004_normal_s,normal,1008,39.5
3,S004_normal_s,normal,1009,39.8
3,S004_normal_s,normal,1010,39.3
3,S004_normal_s,normal,1011,39.4
3,S004_normal_s,normal,1012,39.6
3,S004_normal_s,normal,1013,39.6
3,S004_normal_s,normal,1014,39.7
3,S004_normal_s,normal,1015,39.7
3,S004_normal_s,normal,1016,39.5
3,S004_normal_s,normal,1017,39.7
3,S004_normal_s,normal,1018,39.8
3,S004_normal_s,normal,1019,39.6
3,S004_normal_s,normal,1020,39.6
3,S004_normal_s,normal,1021,39.8
3,S004_normal_s,normal,1022,39.4
3,S004_normal_s,normal,1023,39.5
3,S004_normal_s,normal,1024,39.7
3,S004_normal_s,normal,1025,39.5
3,S004_normal_s,normal,1026,39.5
3,S004_normal_s,normal,1027,39.4
3,S004_normal_s,normal,1028,39.7
3,S004_normal_s,normal,1029,39.6
3,S004_normal_s,normal,1030,39.6
3,S004_normal_s,normal,1031,39.6
3,S004_normal_s,normal,1032,39.7
3,S004_normal_s,normal,1033,39.6
3,S004_normal_s,normal,1034,39.6
3,S004_normal_s,normal,1035,39.7
3,S004_normal_s,normal,1036,39.5
3,S004_normal_s,normal,1037,39.6
3,S004_normal_s,normal,1038,39.5
3,S004_normal_s,normal,1039,39.7
3,S004_normal_s,normal,1040,39.7
3,S004_normal_s,normal,1041,39.9
3,S004_normal_s,normal,1042,39.5
3,S004_normal_s,normal,1043,39.7
3,S004_normal_s,normal,1044,39.9
3,S004_normal_s,normal,1045,39.7
3,S004_normal_s,normal,1046,39.7
3,S004_normal_s,normal,1047,39.6
3,S004_normal_s,normal,1048,39.9
3,S004_normal_s,normal,1049,39.6
3,S004_normal_s,normal,1050,39.6
3,S004_normal_s,normal,1051,39.9
3,S004_normal_s,normal,1052,39.6
3,S004_normal_s,normal,1053,39.6
3,S004_normal_s,normal,1054,39.5
3,S004_normal_s,normal,1055,39.7
3,S004_normal_s,normal,1056,39.6
3,S004_normal_s,normal,1057,39.9
3,S004_normal_s,normal,1058,39.9
3,S004_normal_s,normal,1059,39.6
3,S004_normal_s,normal,1060,39.7
3,S004_normal_s,normal,1061,39.9
3,S004_normal_s,normal,1062,39.7
3,S004_normal_s,normal,1063,39.7
3,S004_normal_s,normal,1064,39.8
3,S004_normal_s,normal,1065,39.7
3,S004_normal_s,normal,1066,39.6
3,S004_normal_s,normal,1067,39.6
3,S004_normal_s,normal,1068,39.8
3,S004_normal_s,normal,1069,39.8
3,S004_normal_s,normal,1070,39.9
3,S004_normal_s,normal,1071,39.5
3,S004_normal_s,normal,1072,39.6
3,S004_normal_s,normal,1073,39.9
3,S004_normal_s,normal,1074,39.8
3,S004_normal_s,normal,1075,39.9
3,S004_normal_s,normal,1076,39.8
3,S004_normal_s,normal,1077,39.8
3,S004_normal_s,normal,1078,40.0
3,S004_normal_s,normal,1079,39.7
3,S004_normal_s,normal,1080,39.8
3,S004_normal_s,normal,1081,39.7
3,S004_normal_s,normal,1082,39.8
3,S004_normal_s,normal,1083,39.8
3,S004_normal_s,normal,1084,39.7
3,S004_normal_s,normal,1085,39.8
3,S004_normal_s,normal,1086,39.6
3,S004_normal_s,normal,1087,39.8
3,S004_normal_s,normal,1088,39.9
3,S004_normal_s,normal,1089,39.8
3,S004_normal_s,normal,1090,39.7
3,S004_normal_s,normal,1091,39.9
3,S004_normal_s,normal,1092,39.8
3,S004_normal_s,normal,1093,39.9
3,S004_normal_s,normal,1094,39.7
3,S004_normal_s,normal,1095,39.8
3,S004_normal_s,normal,1096,39.8
3,S004_normal_s,normal,1097,39.7
3,S004_normal_s,normal,1098,39.8
3,S004_normal_s,normal,1099,39.9
3,S004_normal_s,normal,1100,39.5
3,S004_normal_s,normal,1101,39.8
3,S004_normal_s,normal,1102,39.8
3,S004_normal_s,normal,1103,39.9
3,S004_normal_s,normal,1104,39.7
3,S004_normal_s,normal,1105,39.9
3,S004_normal_s,normal,1106,40.0
3,S004_normal_s,normal,1107,40.1
3,S004_normal_s,normal,1108,39.8
3,S004_normal_s,normal,1109,39.9
3,S004_normal_s,normal,1110,39.7
3,S004_normal_s,normal,1111,39.8
3,S004_normal_s,normal,1112,39.8
3,S004_normal_s,normal,1113,39.8
3,S004_normal_s,normal,1114,39.9
3,S004_normal_s,normal,1115,39.8
3,S004_normal_s,normal,1116,39.9
3,S004_normal_s,normal,1117,39.9
3,S004_normal_s,normal,1118,40.0
3,S004_normal_s,normal,1119,39.8
3,S004_normal_s,normal,1120,39.9
3,S004_normal_s,normal,1121,39.7
3,S004_normal_s,normal,1122,39.9
3,S004_normal_s,normal,1123,39.9
3,S004_normal_s,normal,1124,39.8
3,S004_normal_s,normal,1125,39.9
3,S004_normal_s,normal,1126,39.9
3,S004_normal_s,normal,1127,39.8
3,S004_normal_s,normal,1128,39.6
3,S004_normal_s,normal,1129,39.8
3,S004_normal_s,normal,1130,40.0
3,S004_normal_s,normal,1131,39.8
3,S004_normal_s,normal,1132,40.0
3,S004_normal_s,normal,1133,39.8
3,S004_normal_s,normal,1134,39.9
3,S004_normal_s,normal,1135,39.9
3,S004_normal_s,normal,1136,39.8
3,S004_normal_s,normal,1137,40.1
3,S004_normal_s,normal,1138,39.9
3,S004_normal_s,normal,1139,39.9
3,S004_normal_s,normal,1140,40.0
3,S004_normal_s,normal,1141,40.0
3,S004_normal_s,normal,1142,39.9
3,S004_normal_s,normal,1143,40.0
3,S004_normal_s,normal,1144,40.0
3,S004_normal_s,normal,1145,39.9
3,S004_normal_s,normal,1146,39.9
3,S004_normal_s,normal,1147,40.0
3,S004_normal_s,normal,1148,39.8
3,S004_normal_s,normal,1149,39.9
3,S004_normal_s,normal,1150,39.7
3,S004_normal_s,normal,1151,40.0
3,S004_normal_s,normal,1152,39.9
3,S004_normal_s,normal,1153,39.8
3,S004_normal_s,normal,1154,39.9
3,S004_normal_s,normal,1155,40.0
3,S004_normal_s,normal,1156,40.0
3,S004_normal_s,normal,1157,39.7
3,S004_normal_s,normal,1158,40.0
3,S004_normal_s,normal,1159,40.0
3,S004_normal_s,normal,1160,39.8
3,S004_normal_s,normal,1161,40.1
3,S004_normal_s,normal,1162,40.0
3,S004_normal_s,normal,1163,39.8
3,S004_normal_s,normal,1164,40.0
3,S004_normal_s,normal,1165,39.8
3,S004_normal_s,normal,1166,40.0
3,S004_normal_s,normal,1167,40.0
3,S004_normal_s,normal,1168,40.0
3,S004_normal_s,normal,1169,39.9
3,S004_normal_s,normal,1170,40.0
3,S004_normal_s,normal,1171,40.1
3,S004_normal_s,normal,1172,39.8
3,S004_normal_s,normal,1173,40.0
3,S004_normal_s,normal,1174,40.0
3,S004_normal_s,normal,1175,39.9
3,S004_normal_s,normal,1176,40.0
3,S004_normal_s,normal,1177,40.0
3,S004_normal_s,normal,1178,40.1
3,S004_normal_s,normal,1179,39.9
3,S004_normal_s,normal,1180,39.8
3,S004_normal_s,normal,1181,39.9
3,S004_normal_s,normal,1182,39.9
3,S004_normal_s,normal,1183,40.0
3,S004_normal_s,normal,1184,40.0
3,S004_normal_s,normal,1185,39.8
3,S004_normal_s,normal,1186,39.9
3,S004_normal_s,normal,1187,39.9
3,S004_normal_s,normal,1188,39.8
3,S004_normal_s,normal,1189,39.9
3,S004_normal_s,normal,1190,39.8
3,S004_normal_s,normal,1191,39.8
3,S004_normal_s,normal,1192,39.9
3,S004_normal_s,normal,1193,40.1
3,S004_normal_s,normal,1194,40.1
3,S004_normal_s,normal,1195,39.9
3,S004_normal_s,normal,1196,40.0
3,S004_normal_s,normal,1197,40.1
3,S004_normal_s,normal,1198,39.8
3,S004_normal_s,normal,1199,39.8
3,S004_normal_s,normal,1200,39.9
3,S004_normal_s,normal,1201,40.0
3,S004_normal_s,normal,1202,39.9
3,S004_normal_s,normal,1203,39.8
3,S004_normal_s,normal,1204,39.6
3,S004_normal_s,normal,1205,39.7
3,S004_normal_s,normal,1206,39.7
3,S004_normal_s,normal,1207,39.5
3,S004_normal_s,normal,1208,39.4
3,S004_normal_s,normal,1209,39.4
3,S004_normal_s,normal,1210,39.4
3,S004_normal_s,normal,1211,39.4
3,S004_normal_s,normal,1212,39.2
3,S004_normal_s,normal,1213,39.3
3,S004_normal_s,normal,1214,39.0
3,S004_normal_s,normal,1215,39.0
3,S004_normal_s,normal,1216,38.9
3,S004_normal_s,normal,1217,39.0
3,S004_normal_s,normal,1218,39.0
3,S004_normal_s,normal,1219,39.0
3,S004_normal_s,normal,1220,38.8
3,S004_normal_s,normal,1221,38.9
3,S004_normal_s,normal,1222,38.8
3,S004_normal_s,normal,1223,38.5
3,S004_normal_s,normal,1224,38.7
3,S004_normal_s,normal,1225,38.5
3,S004_normal_s,normal,1226,38.4
3,S004_normal_s,normal,1227,38.6
3,S004_normal_s,normal,1228,38.2
3,S004_normal_s,normal,1229,38.3
3,S004_normal_s,normal,1230,38.3
3,S004_normal_s,normal,1231,38.2
3,S004_normal_s,normal,1232,38.4
3,S004_normal_s,normal,1233,38.1
3,S004_normal_s,normal,1234,38.0
3,S004_normal_s,normal,1235,37.9
3,S004_normal_s,normal,1236,37.9
3,S004_normal_s,normal,1237,37.9
3,S004_normal_s,normal,1238,37.8
3,S004_normal_s,normal,1239,37.7
3,S004_normal_s,normal,1240,37.6
3,S004_normal_s,normal,1241,37.8
3,S004_normal_s,normal,1242,37.6
3,S004_normal_s,normal,1243,37.4
3,S004_normal_s,normal,1244,37.5
3,S004_normal_s,normal,1245,37.5
3,S004_normal_s,normal,1246,37.4
3,S004_normal_s,normal,1247,37.6
3,S004_normal_s,normal,1248,37.3
3,S004_normal_s,normal,1249,37.2
3,S004_normal_s,normal,1250,37.3
3,S004_normal_s,normal,1251,37.3
3,S004_normal_s,normal,1252,37.2
3,S004_normal_s,normal,1253,37.1
3,S004_normal_s,normal,1254,37.1
3,S004_normal_s,normal,1255,36.9
3,S004_normal_s,normal,1256,36.9
3,S004_normal_s,normal,1257,36.8
3,S004_normal_s,normal,1258,36.7
3,S004_normal_s,normal,1259,36.7
3,S004_normal_s,normal,1260,36.6
3,S004_normal_s,normal,1261,36.7
3,S004_normal_s,normal,1262,36.8
3,S004_normal_s,normal,1263,36.7
3,S004_normal_s,normal,1264,36.8
3,S004_normal_s,normal,1265,36.5
3,S004_normal_s,normal,1266,36.5
3,S004_normal_s,normal,1267,36.2
3,S004_normal_s,normal,1268,36.4
3,S004_normal_s,normal,1269,36.3
3,S004_normal_s,normal,1270,36.4
3,S004_normal_s,normal,1271,36.2
3,S004_normal_s,normal,1272,36.4
3,S004_normal_s,normal,1273,36.2
3,S004_normal_s,normal,1274,36.2
3,S004_normal_s,normal,1275,36.3
3,S004_normal_s,normal,1276,36.0
3,S004_normal_s,normal,1277,35.9
3,S004_normal_s,normal,1278,35.8
3,S004_normal_s,normal,1279,36.1
3,S004_normal_s,normal,1280,35.9
3,S004_normal_s,normal,1281,35.9
3,S004_normal_s,normal,1282,35.7
3,S004_normal_s,normal,1283,35.8
3,S004_normal_s,normal,1284,35.5
3,S004_normal_s,normal,1285,35.7
3,S004_normal_s,normal,1286,35.6
3,S004_normal_s,normal,1287,35.7
3,S004_normal_s,normal,1288,35.6
3,S004_normal_s,normal,1289,35.4
3,S004_normal_s,normal,1290,35.3
3,S004_normal_s,normal,1291,35.6
3,S004_normal_s,normal,1292,35.5
3,S004_normal_s,normal,1293,35.2
3,S004_normal_s,normal,1294,35.3
3,S004_normal_s,normal,1295,35.2
3,S004_normal_s,normal,1296,35.1
3,S004_normal_s,normal,1297,35.1
3,S004_normal_s,normal,1298,35.1
3,S004_normal_s,normal,1299,35.2
3,S004_normal_s,normal,1300,35.0
3,S004_normal_s,normal,1301,34.9
3,S004_normal_s,normal,1302,34.9
3,S004_normal_s,normal,1303,35.0
3,S004_normal_s,normal,1304,34.8
3,S004_normal_s,normal,1305,34.7
3,S004_normal_s,normal,1306,34.6
3,S004_normal_s,normal,1307,34.8
3,S004_normal_s,normal,1308,34.7
3,S004_normal_s,normal,1309,34.7
3,S004_normal_s,normal,1310,34.5
3,S004_normal_s,normal,1311,34.7
3,S004_normal_s,normal,1312,34.5
3,S004_normal_s,normal,1313,34.6
3,S004_normal_s,normal,1314,34.3
3,S004_normal_s,normal,1315,34.5
3,S004_normal_s,normal,1316,34.4
3,S004_normal_s,normal,1317,34.3
3,S004_normal_s,normal,1318,34.4
3,S004_normal_s,normal,1319,34.1
3,S004_normal_s,normal,1320,34.0
3,S004_normal_s,normal,1321,34.2
3,S004_normal_s,normal,1322,34.0
3,S004_normal_s,normal,1323,34.2
3,S004_normal_s,normal,1324,34.3
3,S004_normal_s,normal,1325,34.0
3,S004_normal_s,normal,1326,34.1
3,S004_normal_s,normal,1327,34.0
3,S004_normal_s,normal,1328,33.9
3,S004_normal_s,normal,1329,33.8
3,S004_normal_s,normal,1330,33.9
3,S004_normal_s,normal,1331,33.8
3,S004_normal_s,normal,1332,33.8
3,S004_normal_s,normal,1333,33.8
3,S004_normal_s,normal,1334,33.6
3,S004_normal_s,normal,1335,33.6
3,S004_normal_s,normal,1336,33.7
3,S004_normal_s,normal,1337,33.6
3,S004_normal_s,normal,1338,33.6
3,S004_normal_s,normal,1339,33.3
3,S004_normal_s,normal,1340,33.6
3,S004_normal_s,normal,1341,33.5
3,S004_normal_s,normal,1342,33.6
3,S004_normal_s,normal,1343,33.6
3,S004_normal_s,normal,1344,33.4
3,S004_normal_s,normal,1345,33.3
3,S004_normal_s,normal,1346,33.3
3,S004_normal_s,normal,1347,33.0
3,S004_normal_s,normal,1348,33.2
3,S004_normal_s,normal,1349,33.0
3,S004_normal_s,normal,1350,33.1
3,S004_normal_s,normal,1351,33.2
3,S004_normal_s,normal,1352,33.1
3,S004_normal_s,normal,1353,33.2
3,S004_normal_s,normal,1354,32.9
3,S004_normal_s,normal,1355,33.1
3,S004_normal_s,normal,1356,32.8
3,S004_normal_s,normal,1357,33.1
3,S004_normal_s,normal,1358,32.9
3,S004_normal_s,normal,1359,32.9
3,S004_normal_s,normal,1360,33.0
3,S004_normal_s,normal,1361,32.8
3,S004_normal_s,normal,1362,32.9
3,S004_normal_s,normal,1363,32.6
3,S004_normal_s,normal,1364,32.7
3,S004_normal_s,normal,1365,32.9
3,S004_normal_s,normal,1366,32.4
3,S004_normal_s,normal,1367,32.7
3,S004_normal_s,normal,1368,32.5
3,S004_normal_s,normal,1369,32.6
3,S004_normal_s,normal,1370,32.6
3,S004_normal_s,normal,1371,32.4
3,S004_normal_s,normal,1372,32.6
3,S004_normal_s,normal,1373,32.6
3,S004_normal_s,normal,1374,32.3
3,S004_normal_s,normal,1375,32.3
3,S004_normal_s,normal,1376,32.4
3,S004_normal_s,normal,1377,32.3
3,S004_normal_s,normal,1378,32.3
3,S004_normal_s,normal,1379,32.3
3,S004_normal_s,normal,1380,32.4
3,S004_normal_s,normal,1381,32.3
3,S004_normal_s,normal,1382,32.1
3,S004_normal_s,normal,1383,32.2
3,S004_normal_s,normal,1384,32.1
3,S004_normal_s,normal,1385,32.1
3,S004_normal_s,normal,1386,32.0
3,S004_normal_s,normal,1387,32.1
3,S004_normal_s,normal,1388,32.0
3,S004_normal_s,normal,1389,32.3
3,S004_normal_s,normal,1390,32.1
3,S004_normal_s,normal,1391,32.0
3,S004_normal_s,normal,1392,32.0
3,S004_normal_s,normal,1393,31.8
3,S004_normal_s,normal,1394,32.0
3,S004_normal_s,normal,1395,31.9
3,S004_normal_s,normal,1396,31.8
3,S004_normal_s,normal,1397,31.8
3,S004_normal_s,normal,1398,31.9
3,S004_normal_s,normal,1399,31.8
3,S004_normal_s,normal,1400,31.7
3,S004_normal_s,normal,1401,31.7
3,S004_normal_s,normal,1402,31.7
3,S004_normal_s,normal,1403,31.5
3,S004_normal_s,normal,1404,31.7
3,S004_normal_s,normal,1405,31.4
3,S004_normal_s,normal,1406,31.6
3,S004_normal_s,normal,1407,31.6
3,S004_normal_s,normal,1408,31.5
3,S004_normal_s,normal,1409,31.5
3,S004_normal_s,normal,1410,31.5
3,S004_normal_s,normal,1411,31.5
3,S004_normal_s,normal,1412,31.5
3,S004_normal_s,normal,1413,31.4
3,S004_normal_s,normal,1414,31.5
3,S004_normal_s,normal,1415,31.2
3,S004_normal_s,normal,1416,31.2
3,S004_normal_s,normal,1417,31.3
3,S004_normal_s,normal,1418,31.0
3,S004_normal_s,normal,1419,31.2
3,S004_normal_s,normal,1420,31.2
3,S004_normal_s,normal,1421,31.2
3,S004_normal_s,normal,1422,31.1
3,S004_normal_s,normal,1423,31.2
3,S004_normal_s,normal,1424,31.0
3,S004_normal_s,normal,1425,31.0
3,S004_normal_s,normal,1426,31.1
3,S004_normal_s,normal,1427,31.1
3,S004_normal_s,normal,1428,31.0
3,S004_normal_s,normal,1429,31.1
3,S004_normal_s,normal,1430,30.9
3,S004_normal_s,normal,1431,31.0
3,S004_normal_s,normal,1432,31.0
3,S004_normal_s,normal,1433,30.8
3,S004_normal_s,normal,1434,30.9
3,S004_normal_s,normal,1435,30.7
3,S004_normal_s,normal,1436,30.8
3,S004_normal_s,normal,1437,30.8
3,S004_normal_s,normal,1438,30.6
3,S004_normal_s,normal,1439,30.9
3,S004_normal_s,normal,1440,30.8
3,S004_normal_s,normal,1441,30.6
3,S004_normal_s,normal,1442,30.7
3,S004_normal_s,normal,1443,30.7
3,S004_normal_s,normal,1444,30.6
3,S004_normal_s,normal,1445,30.6
3,S004_normal_s,normal,1446,30.7
3,S004_normal_s,normal,1447,30.7
3,S004_normal_s,normal,1448,30.6
3,S004_normal_s,normal,1449,30.4
3,S004_normal_s,normal,1450,30.6
3,S004_normal_s,normal,1451,30.4
3,S004_normal_s,normal,1452,30.5
3,S004_normal_s,normal,1453,30.5
3,S004_normal_s,normal,1454,30.6
3,S004_normal_s,normal,1455,30.3
3,S004_normal_s,normal,1456,30.4
3,S004_normal_s,normal,1457,30.5
3,S004_normal_s,normal,1458,30.2
3,S004_normal_s,normal,1459,30.4
3,S004_normal_s,normal,1460,30.2
3,S004_normal_s,normal,1461,30.2
3,S004_normal_s,normal,1462,30.3
3,S004_normal_s,normal,1463,30.1
3,S004_normal_s,normal,1464,30.1
3,S004_normal_s,normal,1465,30.1
3,S004_normal_s,normal,1466,30.2
3,S004_normal_s,normal,1467,30.1
3,S004_normal_s,normal,1468,30.2
3,S004_normal_s,normal,1469,30.1
3,S004_normal_s,normal,1470,30.0
3,S004_normal_s,normal,1471,30.2
3,S004_normal_s,normal,1472,30.1
3,S004_normal_s,normal,1473,29.9
3,S004_normal_s,normal,1474,30.2
3,S004_normal_s,normal,1475,29.9
3,S004_normal_s,normal,1476,30.1
3,S004_normal_s,normal,1477,30.0
3,S004_normal_s,normal,1478,30.0
3,S004_normal_s,normal,1479,29.9
3,S004_normal_s,normal,1480,30.2
3,S004_normal_s,normal,1481,29.8
3,S004_normal_s,normal,1482,29.9
3,S004_normal_s,normal,1483,29.9
3,S004_normal_s,normal,1484,30.0
3,S004_normal_s,normal,1485,29.8
3,S004_normal_s,normal,1486,29.8
3,S004_normal_s,normal,1487,29.8
3,S004_normal_s,normal,1488,29.9
3,S004_normal_s,normal,1489,29.9
3,S004_normal_s,normal,1490,29.7
3,S004_normal_s,normal,1491,29.9
3,S004_normal_s,normal,1492,29.7
3,S004_normal_s,normal,1493,29.7
3,S004_normal_s,normal,1494,29.7
3,S004_normal_s,normal,1495,29.6
3,S004_normal_s,normal,1496,29.6
3,S004_normal_s,normal,1497,29.5
3,S004_normal_s,normal,1498,29.5
3,S004_normal_s,normal,1499,29.6
4,S005_blocked_s,blocked,0,22.3
4,S005_blocked_s,blocked,1,22.4
4,S005_blocked_s,blocked,2,22.3
4,S005_blocked_s,blocked,3,22.5
4,S005_blocked_s,blocked,4,22.4
4,S005_blocked_s,blocked,5,22.0
4,S005_blocked_s,blocked,6,22.2
4,S005_blocked_s,blocked,7,22.5
4,S005_blocked_s,blocked,8,22.5
4,S005_blocked_s,blocked,9,22.6
4,S005_blocked_s,blocked,10,22.3
4,S005_blocked_s,blocked,11,22.4
4,S005_blocked_s,blocked,12,22.3
4,S005_blocked_s,blocked,13,22.4
4,S005_blocked_s,blocked,14,22.3
4,S005_blocked_s,blocked,15,22.4
4,S005_blocked_s,blocked,16,22.6
4,S005_blocked_s,blocked,17,22.3
4,S005_blocked_s,blocked,18,22.5
4,S005_blocked_s,blocked,19,22.4
4,S005_blocked_s,blocked,20,22.2
4,S005_blocked_s,blocked,21,22.4
4,S005_blocked_s,blocked,22,22.2
4,S005_blocked_s,blocked,23,22.4
4,S005_blocked_s,blocked,24,22.3
4,S005_blocked_s,blocked,25,22.5
4,S005_blocked_s,blocked,26,22.5
4,S005_blocked_s,blocked,27,22.5
4,S005_blocked_s,blocked,28,22.3
4,S005_blocked_s,blocked,29,22.2
4,S005_blocked_s,blocked,30,22.3
4,S005_blocked_s,blocked,31,22.0
4,S005_blocked_s,blocked,32,22.5
4,S005_blocked_s,blocked,33,22.5
4,S005_blocked_s,blocked,34,22.1
4,S005_blocked_s,blocked,35,22.4
4,S005_blocked_s,blocked,36,22.7
4,S005_blocked_s,blocked,37,22.4
4,S005_blocked_s,blocked,38,22.2
4,S005_blocked_s,blocked,39,22.2
4,S005_blocked_s,blocked,40,22.7
4,S005_blocked_s,blocked,41,22.4
4,S005_blocked_s,blocked,42,22.4
4,S005_blocked_s,blocked,43,22.3
4,S005_blocked_s,blocked,44,22.2
4,S005_blocked_s,blocked,45,22.3
4,S005_blocked_s,blocked,46,22.2
4,S005_blocked_s,blocked,47,22.4
4,S005_blocked_s,blocked,48,22.4
4,S005_blocked_s,blocked,49,22.4
4,S005_blocked_s,blocked,50,22.5
4,S005_blocked_s,blocked,51,22.2
4,S005_blocked_s,blocked,52,22.2
4,S005_blocked_s,blocked,53,22.1
4,S005_blocked_s,blocked,54,22.3
4,S005_blocked_s,blocked,55,22.2
4,S005_blocked_s,blocked,56,22.2
4,S005_blocked_s,blocked,57,22.3
4,S005_blocked_s,blocked,58,22.4
4,S005_blocked_s,blocked,59,22.2
4,S005_blocked_s,blocked,60,22.3
4,S005_blocked_s,blocked,61,22.3
4,S005_blocked_s,blocked,62,22.1
4,S005_blocked_s,blocked,63,22.3
4,S005_blocked_s,blocked,64,22.5
4,S005_blocked_s,blocked,65,22.3
4,S005_blocked_s,blocked,66,22.1
4,S005_blocked_s,blocked,67,22.3
4,S005_blocked_s,blocked,68,22.5
4,S005_blocked_s,blocked,69,22.4
4,S005_blocked_s,blocked,70,22.0
4,S005_blocked_s,blocked,71,22.3
4,S005_blocked_s,blocked,72,22.5
4,S005_blocked_s,blocked,73,22.6
4,S005_blocked_s,blocked,74,22.4
4,S005_blocked_s,blocked,75,22.2
4,S005_blocked_s,blocked,76,22.2
4,S005_blocked_s,blocked,77,22.3
4,S005_blocked_s,blocked,78,22.2
4,S005_blocked_s,blocked,79,22.3
4,S005_blocked_s,blocked,80,22.3
4,S005_blocked_s,blocked,81,22.1
4,S005_blocked_s,blocked,82,22.4
4,S005_blocked_s,blocked,83,22.3
4,S005_blocked_s,blocked,84,22.3
4,S005_blocked_s,blocked,85,22.2
4,S005_blocked_s,blocked,86,22.2
4,S005_blocked_s,blocked,87,22.3
4,S005_blocked_s,blocked,88,22.5
4,S005_blocked_s,blocked,89,22.2
4,S005_blocked_s,blocked,90,22.4
4,S005_blocked_s,blocked,91,22.3
4,S005_blocked_s,blocked,92,22.6
4,S005_blocked_s,blocked,93,22.1
4,S005_blocked_s,blocked,94,22.2
4,S005_blocked_s,blocked,95,22.4
4,S005_blocked_s,blocked,96,22.4
4,S005_blocked_s,blocked,97,22.2
4,S005_blocked_s,blocked,98,22.4
4,S005_blocked_s,blocked,99,22.1
4,S005_blocked_s,blocked,100,22.1
4,S005_blocked_s,blocked,101,22.3
4,S005_blocked_s,blocked,102,22.4
4,S005_blocked_s,blocked,103,22.4
4,S005_blocked_s,blocked,104,22.2
4,S005_blocked_s,blocked,105,22.4
4,S005_blocked_s,blocked,106,22.7
4,S005_blocked_s,blocked,107,22.1
4,S005_blocked_s,blocked,108,22.4
4,S005_blocked_s,blocked,109,22.4
4,S005_blocked_s,blocked,110,22.3
4,S005_blocked_s,blocked,111,22.2
4,S005_blocked_s,blocked,112,22.6
4,S005_blocked_s,blocked,113,22.4
4,S005_blocked_s,blocked,114,22.3
4,S005_blocked_s,blocked,115,22.4
4,S005_blocked_s,blocked,116,22.4
4,S005_blocked_s,blocked,117,22.3
4,S005_blocked_s,blocked,118,22.3
4,S005_blocked_s,blocked,119,22.6
4,S005_blocked_s,blocked,120,22.3
4,S005_blocked_s,blocked,121,22.3
4,S005_blocked_s,blocked,122,22.3
4,S005_blocked_s,blocked,123,22.5
4,S005_blocked_s,blocked,124,22.3
4,S005_blocked_s,blocked,125,22.4
4,S005_blocked_s,blocked,126,22.6
4,S005_blocked_s,blocked,127,22.2
4,S005_blocked_s,blocked,128,22.3
4,S005_blocked_s,blocked,129,22.2
4,S005_blocked_s,blocked,130,22.3
4,S005_blocked_s,blocked,131,22.4
4,S005_blocked_s,blocked,132,22.4
4,S005_blocked_s,blocked,133,22.4
4,S005_blocked_s,blocked,134,22.6
4,S005_blocked_s,blocked,135,22.3
4,S005_blocked_s,blocked,136,22.2
4,S005_blocked_s,blocked,137,22.4
4,S005_blocked_s,blocked,138,22.5
4,S005_blocked_s,blocked,139,22.4
4,S005_blocked_s,blocked,140,22.4
4,S005_blocked_s,blocked,141,22.4
4,S005_blocked_s,blocked,142,22.2
4,S005_blocked_s,blocked,143,22.2
4,S005_blocked_s,blocked,144,22.3
4,S005_blocked_s,blocked,145,22.4
4,S005_blocked_s,blocked,146,22.3
4,S005_blocked_s,blocked,147,22.2
4,S005_blocked_s,blocked,148,22.3
4,S005_blocked_s,blocked,149,22.1
4,S005_blocked_s,blocked,150,22.5
4,S005_blocked_s,blocked,151,22.4
4,S005_blocked_s,blocked,152,22.5
4,S005_blocked_s,blocked,153,22.5
4,S005_blocked_s,blocked,154,22.3
4,S005_blocked_s,blocked,155,22.2
4,S005_blocked_s,blocked,156,22.2
4,S005_blocked_s,blocked,157,22.1
4,S005_blocked_s,blocked,158,22.4
4,S005_blocked_s,blocked,159,22.3
4,S005_blocked_s,blocked,160,22.5
4,S005_blocked_s,blocked,161,22.5
4,S005_blocked_s,blocked,162,22.4
4,S005_blocked_s,blocked,163,22.2
4,S005_blocked_s,blocked,164,22.3
4,S005_blocked_s,blocked,165,22.6
4,S005_blocked_s,blocked,166,22.5
4,S005_blocked_s,blocked,167,22.5
4,S005_blocked_s,blocked,168,22.4
4,S005_blocked_s,blocked,169,22.2
4,S005_blocked_s,blocked,170,22.3
4,S005_blocked_s,blocked,171,22.2
4,S005_blocked_s,blocked,172,22.4
4,S005_blocked_s,blocked,173,22.4
4,S005_blocked_s,blocked,174,22.4
4,S005_blocked_s,blocked,175,22.5
4,S005_blocked_s,blocked,176,22.5
4,S005_blocked_s,blocked,177,22.4
4,S005_blocked_s,blocked,178,22.2
4,S005_blocked_s,blocked,179,22.2
4,S005_blocked_s,blocked,180,22.4
4,S005_blocked_s,blocked,181,22.4
4,S005_blocked_s,blocked,182,22.3
4,S005_blocked_s,blocked,183,22.4
4,S005_blocked_s,blocked,184,22.5
4,S005_blocked_s,blocked,185,22.0
4,S005_blocked_s,blocked,186,22.3
4,S005_blocked_s,blocked,187,22.3
4,S005_blocked_s,blocked,188,22.4
4,S005_blocked_s,blocked,189,22.2
4,S005_blocked_s,blocked,190,22.2
4,S005_blocked_s,blocked,191,22.3
4,S005_blocked_s,blocked,192,22.1
4,S005_blocked_s,blocked,193,22.5
4,S005_blocked_s,blocked,194,22.4
4,S005_blocked_s,blocked,195,22.3
4,S005_blocked_s,blocked,196,22.2
4,S005_blocked_s,blocked,197,22.4
4,S005_blocked_s,blocked,198,22.3
4,S005_blocked_s,blocked,199,22.1
4,S005_blocked_s,blocked,200,22.3
4,S005_blocked_s,blocked,201,22.3
4,S005_blocked_s,blocked,202,22.2
4,S005_blocked_s,blocked,203,22.3
4,S005_blocked_s,blocked,204,22.5
4,S005_blocked_s,blocked,205,22.4
4,S005_blocked_s,blocked,206,22.2
4,S005_blocked_s,blocked,207,22.5
4,S005_blocked_s,blocked,208,22.2
4,S005_blocked_s,blocked,209,22.4
4,S005_blocked_s,blocked,210,22.3
4,S005_blocked_s,blocked,211,22.5
4,S005_blocked_s,blocked,212,22.4
4,S005_blocked_s,blocked,213,22.3
4,S005_blocked_s,blocked,214,22.4
4,S005_blocked_s,blocked,215,22.4
4,S005_blocked_s,blocked,216,22.4
4,S005_blocked_s,blocked,217,22.3
4,S005_blocked_s,blocked,218,22.4
4,S005_blocked_s,blocked,219,22.3
4,S005_blocked_s,blocked,220,22.3
4,S005_blocked_s,blocked,221,22.5
4,S005_blocked_s,blocked,222,22.2
4,S005_blocked_s,blocked,223,22.3
4,S005_blocked_s,blocked,224,22.3
4,S005_blocked_s,blocked,225,22.3
4,S005_blocked_s,blocked,226,22.3
4,S005_blocked_s,blocked,227,22.5
4,S005_blocked_s,blocked,228,22.2
4,S005_blocked_s,blocked,229,22.1
4,S005_blocked_s,blocked,230,22.2
4,S005_blocked_s,blocked,231,22.3
4,S005_blocked_s,blocked,232,22.2
4,S005_blocked_s,blocked,233,22.6
4,S005_blocked_s,blocked,234,22.2
4,S005_blocked_s,blocked,235,22.3
4,S005_blocked_s,blocked,236,22.3
4,S005_blocked_s,blocked,237,22.3
4,S005_blocked_s,blocked,238,22.3
4,S005_blocked_s,blocked,239,22.7
4,S005_blocked_s,blocked,240,22.2
4,S005_blocked_s,blocked,241,22.4
4,S005_blocked_s,blocked,242,22.5
4,S005_blocked_s,blocked,243,22.2
4,S005_blocked_s,blocked,244,22.3
4,S005_blocked_s,blocked,245,22.4
4,S005_blocked_s,blocked,246,22.3
4,S005_blocked_s,blocked,247,22.3
4,S005_blocked_s,blocked,248,22.4
4,S005_blocked_s,blocked,249,22.4
4,S005_blocked_s,blocked,250,22.5
4,S005_blocked_s,blocked,251,22.6
4,S005_blocked_s,blocked,252,22.4
4,S005_blocked_s,blocked,253,22.4
4,S005_blocked_s,blocked,254,22.2
4,S005_blocked_s,blocked,255,22.1
4,S005_blocked_s,blocked,256,22.0
4,S005_blocked_s,blocked,257,22.3
4,S005_blocked_s,blocked,258,22.4
4,S005_blocked_s,blocked,259,22.4
4,S005_blocked_s,blocked,260,22.4
4,S005_blocked_s,blocked,261,22.4
4,S005_blocked_s,blocked,262,22.1
4,S005_blocked_s,blocked,263,22.2
4,S005_blocked_s,blocked,264,22.3
4,S005_blocked_s,blocked,265,22.5
4,S005_blocked_s,blocked,266,22.3
4,S005_blocked_s,blocked,267,22.2
4,S005_blocked_s,blocked,268,22.2
4,S005_blocked_s,blocked,269,22.4
4,S005_blocked_s,blocked,270,22.5
4,S005_blocked_s,blocked,271,22.5
4,S005_blocked_s,blocked,272,22.4
4,S005_blocked_s,blocked,273,22.2
4,S005_blocked_s,blocked,274,22.3
4,S005_blocked_s,blocked,275,22.4
4,S005_blocked_s,blocked,276,22.6
4,S005_blocked_s,blocked,277,22.3
4,S005_blocked_s,blocked,278,22.3
4,S005_blocked_s,blocked,279,22.5
4,S005_blocked_s,blocked,280,22.3
4,S005_blocked_s,blocked,281,22.2
4,S005_blocked_s,blocked,282,22.5
4,S005_blocked_s,blocked,283,22.5
4,S005_blocked_s,blocked,284,22.6
4,S005_blocked_s,blocked,285,22.3
4,S005_blocked_s,blocked,286,22.5
4,S005_blocked_s,blocked,287,22.5
4,S005_blocked_s,blocked,288,22.3
4,S005_blocked_s,blocked,289,22.2
4,S005_blocked_s,blocked,290,22.2
4,S005_blocked_s,blocked,291,22.4
4,S005_blocked_s,blocked,292,22.5
4,S005_blocked_s,blocked,293,22.3
4,S005_blocked_s,blocked,294,22.4
4,S005_blocked_s,blocked,295,22.2
4,S005_blocked_s,blocked,296,22.3
4,S005_blocked_s,blocked,297,22.3
4,S005_blocked_s,blocked,298,22.5
4,S005_blocked_s,blocked,299,22.3
4,S005_blocked_s,blocked,300,22.3
4,S005_blocked_s,blocked,301,22.5
4,S005_blocked_s,blocked,302,22.6
4,S005_blocked_s,blocked,303,22.5
4,S005_blocked_s,blocked,304,22.6
4,S005_blocked_s,blocked,305,22.9
4,S005_blocked_s,blocked,306,22.7
4,S005_blocked_s,blocked,307,22.9
4,S005_blocked_s,blocked,308,22.9
4,S005_blocked_s,blocked,309,22.9
4,S005_blocked_s,blocked,310,22.8
4,S005_blocked_s,blocked,311,23.1
4,S005_blocked_s,blocked,312,22.9
4,S005_blocked_s,blocked,313,23.4
4,S005_blocked_s,blocked,314,23.3
4,S005_blocked_s,blocked,315,23.4
4,S005_blocked_s,blocked,316,23.6
4,S005_blocked_s,blocked,317,23.5
4,S005_blocked_s,blocked,318,23.7
4,S005_blocked_s,blocked,319,23.7
4,S005_blocked_s,blocked,320,23.6
4,S005_blocked_s,blocked,321,23.7
4,S005_blocked_s,blocked,322,23.9
4,S005_blocked_s,blocked,323,23.9
4,S005_blocked_s,blocked,324,24.1
4,S005_blocked_s,blocked,325,23.9
4,S005_blocked_s,blocked,326,24.2
4,S005_blocked_s,blocked,327,24.0
4,S005_blocked_s,blocked,328,24.2
4,S005_blocked_s,blocked,329,24.4
4,S005_blocked_s,blocked,330,24.5
4,S005_blocked_s,blocked,331,24.4
4,S005_blocked_s,blocked,332,24.7
4,S005_blocked_s,blocked,333,24.7
4,S005_blocked_s,blocked,334,25.0
4,S005_blocked_s,blocked,335,25.0
4,S005_blocked_s,blocked,336,25.0
4,S005_blocked_s,blocked,337,24.7
4,S005_blocked_s,blocked,338,24.9
4,S005_blocked_s,blocked,339,24.9
4,S005_blocked_s,blocked,340,25.2
4,S005_blocked_s,blocked,341,25.1
4,S005_blocked_s,blocked,342,24.9
4,S005_blocked_s,blocked,343,25.1
4,S005_blocked_s,blocked,344,25.3
4,S005_blocked_s,blocked,345,25.6
4,S005_blocked_s,blocked,346,25.4
4,S005_blocked_s,blocked,347,25.9
4,S005_blocked_s,blocked,348,25.5
4,S005_blocked_s,blocked,349,25.6
4,S005_blocked_s,blocked,350,25.7
4,S005_blocked_s,blocked,351,25.8
4,S005_blocked_s,blocked,352,25.9
4,S005_blocked_s,blocked,353,26.1
4,S005_blocked_s,blocked,354,26.0
4,S005_blocked_s,blocked,355,26.0
4,S005_blocked_s,blocked,356,26.3
4,S005_blocked_s,blocked,357,26.3
4,S005_blocked_s,blocked,358,26.2
4,S005_blocked_s,blocked,359,26.5
4,S005_blocked_s,blocked,360,26.6
4,S005_blocked_s,blocked,361,26.4
4,S005_blocked_s,blocked,362,26.5
4,S005_blocked_s,blocked,363,26.9
4,S005_blocked_s,blocked,364,26.7
4,S005_blocked_s,blocked,365,26.8
4,S005_blocked_s,blocked,366,26.8
4,S005_blocked_s,blocked,367,27.1
4,S005_blocked_s,blocked,368,26.8
4,S005_blocked_s,blocked,369,26.9
4,S005_blocked_s,blocked,370,26.9
4,S005_blocked_s,blocked,371,27.1
4,S005_blocked_s,blocked,372,26.9
4,S005_blocked_s,blocked,373,27.1
4,S005_blocked_s,blocked,374,27.3
4,S005_blocked_s,blocked,375,27.4
4,S005_blocked_s,blocked,376,27.4
4,S005_blocked_s,blocked,377,27.3
4,S005_blocked_s,blocked,378,27.5
4,S005_blocked_s,blocked,379,27.5
4,S005_blocked_s,blocked,380,27.8
4,S005_blocked_s,blocked,381,27.6
4,S005_blocked_s,blocked,382,27.7
4,S005_blocked_s,blocked,383,27.8
4,S005_blocked_s,blocked,384,28.0
4,S005_blocked_s,blocked,385,28.0
4,S005_blocked_s,blocked,386,27.8
4,S005_blocked_s,blocked,387,27.9
4,S005_blocked_s,blocked,388,28.2
4,S005_blocked_s,blocked,389,28.1
4,S005_blocked_s,blocked,390,28.1
4,S005_blocked_s,blocked,391,28.1
4,S005_blocked_s,blocked,392,28.5
4,S005_blocked_s,blocked,393,28.5
4,S005_blocked_s,blocked,394,28.3
4,S005_blocked_s,blocked,395,28.3
4,S005_blocked_s,blocked,396,28.3
4,S005_blocked_s,blocked,397,28.6
4,S005_blocked_s,blocked,398,28.7
4,S005_blocked_s,blocked,399,28.7
4,S005_blocked_s,blocked,400,28.8
4,S005_blocked_s,blocked,401,28.9
4,S005_blocked_s,blocked,402,28.8
4,S005_blocked_s,blocked,403,28.8
4,S005_blocked_s,blocked,404,29.1
4,S005_blocked_s,blocked,405,29.1
4,S005_blocked_s,blocked,406,29.2
4,S005_blocked_s,blocked,407,29.1
4,S005_blocked_s,blocked,408,29.0
4,S005_blocked_s,blocked,409,29.4
4,S005_blocked_s,blocked,410,29.6
4,S005_blocked_s,blocked,411,29.3
4,S005_blocked_s,blocked,412,29.4
4,S005_blocked_s,blocked,413,29.6
4,S005_blocked_s,blocked,414,29.6
4,S005_blocked_s,blocked,415,29.8
4,S005_blocked_s,blocked,416,29.6
4,S005_blocked_s,blocked,417,29.7
4,S005_blocked_s,blocked,418,29.7
4,S005_blocked_s,blocked,419,29.8
4,S005_blocked_s,blocked,420,30.1
4,S005_blocked_s,blocked,421,30.0
4,S005_blocked_s,blocked,422,29.9
4,S005_blocked_s,blocked,423,29.9
4,S005_blocked_s,blocked,424,30.1
4,S005_blocked_s,blocked,425,30.1
4,S005_blocked_s,blocked,426,30.3
4,S005_blocked_s,blocked,427,30.5
4,S005_blocked_s,blocked,428,30.4
4,S005_blocked_s,blocked,429,30.4
4,S005_blocked_s,blocked,430,30.4
4,S005_blocked_s,blocked,431,30.3
4,S005_blocked_s,blocked,432,30.3
4,S005_blocked_s,blocked,433,30.3
4,S005_blocked_s,blocked,434,30.8
4,S005_blocked_s,blocked,435,30.7
4,S005_blocked_s,blocked,436,30.6
4,S005_blocked_s,blocked,437,30.7
4,S005_blocked_s,blocked,438,30.7
4,S005_blocked_s,blocked,439,30.9
4,S005_blocked_s,blocked,440,30.8
4,S005_blocked_s,blocked,441,31.1
4,S005_blocked_s,blocked,442,31.1
4,S005_blocked_s,blocked,443,31.1
4,S005_blocked_s,blocked,444,31.1
4,S005_blocked_s,blocked,445,31.0
4,S005_blocked_s,blocked,446,31.1
4,S005_blocked_s,blocked,447,31.4
4,S005_blocked_s,blocked,448,31.5
4,S005_blocked_s,blocked,449,31.2
4,S005_blocked_s,blocked,450,31.5
4,S005_blocked_s,blocked,451,31.5
4,S005_blocked_s,blocked,452,31.3
4,S005_blocked_s,blocked,453,31.5
4,S005_blocked_s,blocked,454,31.6
4,S005_blocked_s,blocked,455,31.8
4,S005_blocked_s,blocked,456,31.8
4,S005_blocked_s,blocked,457,31.7
4,S005_blocked_s,blocked,458,32.0
4,S005_blocked_s,blocked,459,32.0
4,S005_blocked_s,blocked,460,31.9
4,S005_blocked_s,blocked,461,31.9
4,S005_blocked_s,blocked,462,32.1
4,S005_blocked_s,blocked,463,32.0
4,S005_blocked_s,blocked,464,32.0
4,S005_blocked_s,blocked,465,32.1
4,S005_blocked_s,blocked,466,32.3
4,S005_blocked_s,blocked,467,32.3
4,S005_blocked_s,blocked,468,32.3
4,S005_blocked_s,blocked,469,32.5
4,S005_blocked_s,blocked,470,32.3
4,S005_blocked_s,blocked,471,32.4
4,S005_blocked_s,blocked,472,32.6
4,S005_blocked_s,blocked,473,32.6
4,S005_blocked_s,blocked,474,32.6
4,S005_blocked_s,blocked,475,32.6
4,S005_blocked_s,blocked,476,32.7
4,S005_blocked_s,blocked,477,32.6
4,S005_blocked_s,blocked,478,32.7
4,S005_blocked_s,blocked,479,32.7
4,S005_blocked_s,blocked,480,32.6
4,S005_blocked_s,blocked,481,32.9
4,S005_blocked_s,blocked,482,33.0
4,S005_blocked_s,blocked,483,32.8
4,S005_blocked_s,blocked,484,32.7
4,S005_blocked_s,blocked,485,33.0
4,S005_blocked_s,blocked,486,33.1
4,S005_blocked_s,blocked,487,33.0
4,S005_blocked_s,blocked,488,33.1
4,S005_blocked_s,blocked,489,33.4
4,S005_blocked_s,blocked,490,33.2
4,S005_blocked_s,blocked,491,33.4
4,S005_blocked_s,blocked,492,33.3
4,S005_blocked_s,blocked,493,33.3
4,S005_blocked_s,blocked,494,33.5
4,S005_blocked_s,blocked,495,33.6
4,S005_blocked_s,blocked,496,33.6
4,S005_blocked_s,blocked,497,33.7
4,S005_blocked_s,blocked,498,33.7
4,S005_blocked_s,blocked,499,33.6
4,S005_blocked_s,blocked,500,33.6
4,S005_blocked_s,blocked,501,33.8
4,S005_blocked_s,blocked,502,33.8
4,S005_blocked_s,blocked,503,34.1
4,S005_blocked_s,blocked,504,33.7
4,S005_blocked_s,blocked,505,33.9
4,S005_blocked_s,blocked,506,34.1
4,S005_blocked_s,blocked,507,34.2
4,S005_blocked_s,blocked,508,33.9
4,S005_blocked_s,blocked,509,34.2
4,S005_blocked_s,blocked,510,34.1
4,S005_blocked_s,blocked,511,34.3
4,S005_blocked_s,blocked,512,34.4
4,S005_blocked_s,blocked,513,34.4
4,S005_blocked_s,blocked,514,34.3
4,S005_blocked_s,blocked,515,34.4
4,S005_blocked_s,blocked,516,34.3
4,S005_blocked_s,blocked,517,34.5
4,S005_blocked_s,blocked,518,34.4
4,S005_blocked_s,blocked,519,34.2
4,S005_blocked_s,blocked,520,34.5
4,S005_blocked_s,blocked,521,34.7
4,S005_blocked_s,blocked,522,34.6
4,S005_blocked_s,blocked,523,34.5
4,S005_blocked_s,blocked,524,34.9
4,S005_blocked_s,blocked,525,34.8
4,S005_blocked_s,blocked,526,35.0
4,S005_blocked_s,blocked,527,34.8
4,S005_blocked_s,blocked,528,35.1
4,S005_blocked_s,blocked,529,35.0
4,S005_blocked_s,blocked,530,35.0
4,S005_blocked_s,blocked,531,35.1
4,S005_blocked_s,blocked,532,35.0
4,S005_blocked_s,blocked,533,35.3
4,S005_blocked_s,blocked,534,35.2
4,S005_blocked_s,blocked,535,35.1
4,S005_blocked_s,blocked,536,35.4
4,S005_blocked_s,blocked,537,35.2
4,S005_blocked_s,blocked,538,35.4
4,S005_blocked_s,blocked,539,35.5
4,S005_blocked_s,blocked,540,35.5
4,S005_blocked_s,blocked,541,35.4
4,S005_blocked_s,blocked,542,35.4
4,S005_blocked_s,blocked,543,35.4
4,S005_blocked_s,blocked,544,35.3
4,S005_blocked_s,blocked,545,35.7
4,S005_blocked_s,blocked,546,35.8
4,S005_blocked_s,blocked,547,35.6
4,S005_blocked_s,blocked,548,35.8
4,S005_blocked_s,blocked,549,35.8
4,S005_blocked_s,blocked,550,35.7
4,S005_blocked_s,blocked,551,35.7
4,S005_blocked_s,blocked,552,35.9
4,S005_blocked_s,blocked,553,35.8
4,S005_blocked_s,blocked,554,36.0
4,S005_blocked_s,blocked,555,36.0
4,S005_blocked_s,blocked,556,35.9
4,S005_blocked_s,blocked,557,36.3
4,S005_blocked_s,blocked,558,36.0
4,S005_blocked_s,blocked,559,36.1
4,S005_blocked_s,blocked,560,36.1
4,S005_blocked_s,blocked,561,36.2
4,S005_blocked_s,blocked,562,36.2
4,S005_blocked_s,blocked,563,36.3
4,S005_blocked_s,blocked,564,36.3
4,S005_blocked_s,blocked,565,36.3
4,S005_blocked_s,blocked,566,36.1
4,S005_blocked_s,blocked,567,36.5
4,S005_blocked_s,blocked,568,36.6
4,S005_blocked_s,blocked,569,36.4
4,S005_blocked_s,blocked,570,36.5
4,S005_blocked_s,blocked,571,36.6
4,S005_blocked_s,blocked,572,36.6
4,S005_blocked_s,blocked,573,36.6
4,S005_blocked_s,blocked,574,36.4
4,S005_blocked_s,blocked,575,36.7
4,S005_blocked_s,blocked,576,36.6
4,S005_blocked_s,blocked,577,36.8
4,S005_blocked_s,blocked,578,36.9
4,S005_blocked_s,blocked,579,36.7
4,S005_blocked_s,blocked,580,36.8
4,S005_blocked_s,blocked,581,36.7
4,S005_blocked_s,blocked,582,36.8
4,S005_blocked_s,blocked,583,36.8
4,S005_blocked_s,blocked,584,36.9
4,S005_blocked_s,blocked,585,37.2
4,S005_blocked_s,blocked,586,37.1
4,S005_blocked_s,blocked,587,37.1
4,S005_blocked_s,blocked,588,37.1
4,S005_blocked_s,blocked,589,37.1
4,S005_blocked_s,blocked,590,37.2
4,S005_blocked_s,blocked,591,37.2
4,S005_blocked_s,blocked,592,36.9
4,S005_blocked_s,blocked,593,37.0
4,S005_blocked_s,blocked,594,37.5
4,S005_blocked_s,blocked,595,37.5
4,S005_blocked_s,blocked,596,37.3
4,S005_blocked_s,blocked,597,37.3
4,S005_blocked_s,blocked,598,37.5
4,S005_blocked_s,blocked,599,37.2
4,S005_blocked_s,blocked,600,37.6
4,S005_blocked_s,blocked,601,37.5
4,S005_blocked_s,blocked,602,37.5
4,S005_blocked_s,blocked,603,37.5
4,S005_blocked_s,blocked,604,37.7
4,S005_blocked_s,blocked,605,37.9
4,S005_blocked_s,blocked,606,37.6
4,S005_blocked_s,blocked,607,37.7
4,S005_blocked_s,blocked,608,37.6
4,S005_blocked_s,blocked,609,38.1
4,S005_blocked_s,blocked,610,37.8
4,S005_blocked_s,blocked,611,37.8
4,S005_blocked_s,blocked,612,38.0
4,S005_blocked_s,blocked,613,37.9
4,S005_blocked_s,blocked,614,37.9
4,S005_blocked_s,blocked,615,38.0
4,S005_blocked_s,blocked,616,38.1
4,S005_blocked_s,blocked,617,38.0
4,S005_blocked_s,blocked,618,38.1
4,S005_blocked_s,blocked,619,37.9
4,S005_blocked_s,blocked,620,38.1
4,S005_blocked_s,blocked,621,38.0
4,S005_blocked_s,blocked,622,38.1
4,S005_blocked_s,blocked,623,38.3
4,S005_blocked_s,blocked,624,38.2
4,S005_blocked_s,blocked,625,38.3
4,S005_blocked_s,blocked,626,38.5
4,S005_blocked_s,blocked,627,38.5
4,S005_blocked_s,blocked,628,38.4
4,S005_blocked_s,blocked,629,38.3
4,S005_blocked_s,blocked,630,38.6
4,S005_blocked_s,blocked,631,38.5
4,S005_blocked_s,blocked,632,38.6
4,S005_blocked_s,blocked,633,38.6
4,S005_blocked_s,blocked,634,38.4
4,S005_blocked_s,blocked,635,38.6
4,S005_blocked_s,blocked,636,39.0
4,S005_blocked_s,blocked,637,38.6
4,S005_blocked_s,blocked,638,38.9
4,S005_blocked_s,blocked,639,38.7
4,S005_blocked_s,blocked,640,38.9
4,S005_blocked_s,blocked,641,38.8
4,S005_blocked_s,blocked,642,38.9
4,S005_blocked_s,blocked,643,38.7
4,S005_blocked_s,blocked,644,39.1
4,S005_blocked_s,blocked,645,38.9
4,S005_blocked_s,blocked,646,38.9
4,S005_blocked_s,blocked,647,39.0
4,S005_blocked_s,blocked,648,39.0
4,S005_blocked_s,blocked,649,39.2
4,S005_blocked_s,blocked,650,38.9
4,S005_blocked_s,blocked,651,39.1
4,S005_blocked_s,blocked,652,38.9
4,S005_blocked_s,blocked,653,39.2
4,S005_blocked_s,blocked,654,39.0
4,S005_blocked_s,blocked,655,39.4
4,S005_blocked_s,blocked,656,39.5
4,S005_blocked_s,blocked,657,39.2
4,S005_blocked_s,blocked,658,39.3
4,S005_blocked_s,blocked,659,39.3
4,S005_blocked_s,blocked,660,39.4
4,S005_blocked_s,blocked,661,39.2
4,S005_blocked_s,blocked,662,39.3
4,S005_blocked_s,blocked,663,39.3
4,S005_blocked_s,blocked,664,39.3
4,S005_blocked_s,blocked,665,39.2
4,S005_blocked_s,blocked,666,39.5
4,S005_blocked_s,blocked,667,39.6
4,S005_blocked_s,blocked,668,39.5
4,S005_blocked_s,blocked,669,39.5
4,S005_blocked_s,blocked,670,39.8
4,S005_blocked_s,blocked,671,39.6
4,S005_blocked_s,blocked,672,39.7
4,S005_blocked_s,blocked,673,39.5
4,S005_blocked_s,blocked,674,39.7
4,S005_blocked_s,blocked,675,39.8
4,S005_blocked_s,blocked,676,39.5
4,S005_blocked_s,blocked,677,39.9
4,S005_blocked_s,blocked,678,39.9
4,S005_blocked_s,blocked,679,39.7
4,S005_blocked_s,blocked,680,40.0
4,S005_blocked_s,blocked,681,40.1
4,S005_blocked_s,blocked,682,40.0
4,S005_blocked_s,blocked,683,39.8
4,S005_blocked_s,blocked,684,40.1
4,S005_blocked_s,blocked,685,40.2
4,S005_blocked_s,blocked,686,40.1
4,S005_blocked_s,blocked,687,39.8
4,S005_blocked_s,blocked,688,40.1
4,S005_blocked_s,blocked,689,40.0
4,S005_blocked_s,blocked,690,40.2
4,S005_blocked_s,blocked,691,40.3
4,S005_blocked_s,blocked,692,40.4
4,S005_blocked_s,blocked,693,40.2
4,S005_blocked_s,blocked,694,40.3
4,S005_blocked_s,blocked,695,40.1
4,S005_blocked_s,blocked,696,40.6
4,S005_blocked_s,blocked,697,40.6
4,S005_blocked_s,blocked,698,40.2
4,S005_blocked_s,blocked,699,40.1
4,S005_blocked_s,blocked,700,40.3
4,S005_blocked_s,blocked,701,40.6
4,S005_blocked_s,blocked,702,40.6
4,S005_blocked_s,blocked,703,40.3
4,S005_blocked_s,blocked,704,40.6
4,S005_blocked_s,blocked,705,40.5
4,S005_blocked_s,blocked,706,40.6
4,S005_blocked_s,blocked,707,40.6
4,S005_blocked_s,blocked,708,40.4
4,S005_blocked_s,blocked,709,40.5
4,S005_blocked_s,blocked,710,40.7
4,S005_blocked_s,blocked,711,40.8
4,S005_blocked_s,blocked,712,40.7
4,S005_blocked_s,blocked,713,40.8
4,S005_blocked_s,blocked,714,40.8
4,S005_blocked_s,blocked,715,40.9
4,S005_blocked_s,blocked,716,40.8
4,S005_blocked_s,blocked,717,41.2
4,S005_blocked_s,blocked,718,41.1
4,S005_blocked_s,blocked,719,41.0
4,S005_blocked_s,blocked,720,41.1
4,S005_blocked_s,blocked,721,41.0
4,S005_blocked_s,blocked,722,41.0
4,S005_blocked_s,blocked,723,41.2
4,S005_blocked_s,blocked,724,40.8
4,S005_blocked_s,blocked,725,40.9
4,S005_blocked_s,blocked,726,41.1
4,S005_blocked_s,blocked,727,41.0
4,S005_blocked_s,blocked,728,41.2
4,S005_blocked_s,blocked,729,41.1
4,S005_blocked_s,blocked,730,41.1
4,S005_blocked_s,blocked,731,41.3
4,S005_blocked_s,blocked,732,41.3
4,S005_blocked_s,blocked,733,41.3
4,S005_blocked_s,blocked,734,41.4
4,S005_blocked_s,blocked,735,41.2
4,S005_blocked_s,blocked,736,41.5
4,S005_blocked_s,blocked,737,41.4
4,S005_blocked_s,blocked,738,41.5
4,S005_blocked_s,blocked,739,41.4
4,S005_blocked_s,blocked,740,41.1
4,S005_blocked_s,blocked,741,41.4
4,S005_blocked_s,blocked,742,41.6
4,S005_blocked_s,blocked,743,41.6
4,S005_blocked_s,blocked,744,41.5
4,S005_blocked_s,blocked,745,41.7
4,S005_blocked_s,blocked,746,41.5
4,S005_blocked_s,blocked,747,41.7
4,S005_blocked_s,blocked,748,41.7
4,S005_blocked_s,blocked,749,41.6
4,S005_blocked_s,blocked,750,41.6
4,S005_blocked_s,blocked,751,41.8
4,S005_blocked_s,blocked,752,41.8
4,S005_blocked_s,blocked,753,41.9
4,S005_blocked_s,blocked,754,41.8
4,S005_blocked_s,blocked,755,41.8
4,S005_blocked_s,blocked,756,41.9
4,S005_blocked_s,blocked,757,41.6
4,S005_blocked_s,blocked,758,41.6
4,S005_blocked_s,blocked,759,41.5
4,S005_blocked_s,blocked,760,41.6
4,S005_blocked_s,blocked,761,41.8
4,S005_blocked_s,blocked,762,41.8
4,S005_blocked_s,blocked,763,41.9
4,S005_blocked_s,blocked,764,41.8
4,S005_blocked_s,blocked,765,42.0
4,S005_blocked_s,blocked,766,41.9
4,S005_blocked_s,blocked,767,42.1
4,S005_blocked_s,blocked,768,41.9
4,S005_blocked_s,blocked,769,42.2
4,S005_blocked_s,blocked,770,42.1
4,S005_blocked_s,blocked,771,42.0
4,S005_blocked_s,blocked,772,42.3
4,S005_blocked_s,blocked,773,42.1
4,S005_blocked_s,blocked,774,42.2
4,S005_blocked_s,blocked,775,42.3
4,S005_blocked_s,blocked,776,42.4
4,S005_blocked_s,blocked,777,42.3
4,S005_blocked_s,blocked,778,42.1
4,S005_blocked_s,blocked,779,42.2
4,S005_blocked_s,blocked,780,42.3
4,S005_blocked_s,blocked,781,42.2
4,S005_blocked_s,blocked,782,42.1
4,S005_blocked_s,blocked,783,42.2
4,S005_blocked_s,blocked,784,42.6
4,S005_blocked_s,blocked,785,42.5
4,S005_blocked_s,blocked,786,42.4
4,S005_blocked_s,blocked,787,42.4
4,S005_blocked_s,blocked,788,42.5
4,S005_blocked_s,blocked,789,42.6
4,S005_blocked_s,blocked,790,42.7
4,S005_blocked_s,blocked,791,42.4
4,S005_blocked_s,blocked,792,42.6
4,S005_blocked_s,blocked,793,42.5
4,S005_blocked_s,blocked,794,42.7
4,S005_blocked_s,blocked,795,42.6
4,S005_blocked_s,blocked,796,42.7
4,S005_blocked_s,blocked,797,42.6
4,S005_blocked_s,blocked,798,42.8
4,S005_blocked_s,blocked,799,42.7
4,S005_blocked_s,blocked,800,42.8
4,S005_blocked_s,blocked,801,42.8
4,S005_blocked_s,blocked,802,42.5
4,S005_blocked_s,blocked,803,42.7
4,S005_blocked_s,blocked,804,42.9
4,S005_blocked_s,blocked,805,43.0
4,S005_blocked_s,blocked,806,42.9
4,S005_blocked_s,blocked,807,42.9
4,S005_blocked_s,blocked,808,43.1
4,S005_blocked_s,blocked,809,42.9
4,S005_blocked_s,blocked,810,43.2
4,S005_blocked_s,blocked,811,42.9
4,S005_blocked_s,blocked,812,42.8
4,S005_blocked_s,blocked,813,42.7
4,S005_blocked_s,blocked,814,42.9
4,S005_blocked_s,blocked,815,42.9
4,S005_blocked_s,blocked,816,42.9
4,S005_blocked_s,blocked,817,43.1
4,S005_blocked_s,blocked,818,43.0
4,S005_blocked_s,blocked,819,43.2
4,S005_blocked_s,blocked,820,43.2
4,S005_blocked_s,blocked,821,43.2
4,S005_blocked_s,blocked,822,43.2
4,S005_blocked_s,blocked,823,43.3
4,S005_blocked_s,blocked,824,42.9
4,S005_blocked_s,blocked,825,43.0
4,S005_blocked_s,blocked,826,43.3
4,S005_blocked_s,blocked,827,43.1
4,S005_blocked_s,blocked,828,43.3
4,S005_blocked_s,blocked,829,43.2
4,S005_blocked_s,blocked,830,43.5
4,S005_blocked_s,blocked,831,43.3
4,S005_blocked_s,blocked,832,43.3
4,S005_blocked_s,blocked,833,43.4
4,S005_blocked_s,blocked,834,43.4
4,S005_blocked_s,blocked,835,43.3
4,S005_blocked_s,blocked,836,43.0
4,S005_blocked_s,blocked,837,43.5
4,S005_blocked_s,blocked,838,43.7
4,S005_blocked_s,blocked,839,43.6
4,S005_blocked_s,blocked,840,43.3
4,S005_blocked_s,blocked,841,43.6
4,S005_blocked_s,blocked,842,43.2
4,S005_blocked_s,blocked,843,43.4
4,S005_blocked_s,blocked,844,43.4
4,S005_blocked_s,blocked,845,43.6
4,S005_blocked_s,blocked,846,43.5
4,S005_blocked_s,blocked,847,43.5
4,S005_blocked_s,blocked,848,43.6
4,S005_blocked_s,blocked,849,43.5
4,S005_blocked_s,blocked,850,43.5
4,S005_blocked_s,blocked,851,43.9
4,S005_blocked_s,blocked,852,43.8
4,S005_blocked_s,blocked,853,43.6
4,S005_blocked_s,blocked,854,43.6
4,S005_blocked_s,blocked,855,43.9
4,S005_blocked_s,blocked,856,43.9
4,S005_blocked_s,blocked,857,43.8
4,S005_blocked_s,blocked,858,43.7
4,S005_blocked_s,blocked,859,43.8
4,S005_blocked_s,blocked,860,43.6
4,S005_blocked_s,blocked,861,43.9
4,S005_blocked_s,blocked,862,43.9
4,S005_blocked_s,blocked,863,43.8
4,S005_blocked_s,blocked,864,43.8
4,S005_blocked_s,blocked,865,44.2
4,S005_blocked_s,blocked,866,43.9
4,S005_blocked_s,blocked,867,43.9
4,S005_blocked_s,blocked,868,44.1
4,S005_blocked_s,blocked,869,43.9
4,S005_blocked_s,blocked,870,44.1
4,S005_blocked_s,blocked,871,43.9
4,S005_blocked_s,blocked,872,44.1
4,S005_blocked_s,blocked,873,44.1
4,S005_blocked_s,blocked,874,44.1
4,S005_blocked_s,blocked,875,44.3
4,S005_blocked_s,blocked,876,44.1
4,S005_blocked_s,blocked,877,44.6
4,S005_blocked_s,blocked,878,44.3
4,S005_blocked_s,blocked,879,44.1
4,S005_blocked_s,blocked,880,44.1
4,S005_blocked_s,blocked,881,44.0
4,S005_blocked_s,blocked,882,44.0
4,S005_blocked_s,blocked,883,44.1
4,S005_blocked_s,blocked,884,44.1
4,S005_blocked_s,blocked,885,44.0
4,S005_blocked_s,blocked,886,44.0
4,S005_blocked_s,blocked,887,44.3
4,S005_blocked_s,blocked,888,44.2
4,S005_blocked_s,blocked,889,44.3
4,S005_blocked_s,blocked,890,44.3
4,S005_blocked_s,blocked,891,44.5
4,S005_blocked_s,blocked,892,44.2
4,S005_blocked_s,blocked,893,44.2
4,S005_blocked_s,blocked,894,44.3
4,S005_blocked_s,blocked,895,44.5
4,S005_blocked_s,blocked,896,44.4
4,S005_blocked_s,blocked,897,44.3
4,S005_blocked_s,blocked,898,44.4
4,S005_blocked_s,blocked,899,44.5
4,S005_blocked_s,blocked,900,44.3
4,S005_blocked_s,blocked,901,44.4
4,S005_blocked_s,blocked,902,44.3
4,S005_blocked_s,blocked,903,44.5
4,S005_blocked_s,blocked,904,44.6
4,S005_blocked_s,blocked,905,44.6
4,S005_blocked_s,blocked,906,44.7
4,S005_blocked_s,blocked,907,44.5
4,S005_blocked_s,blocked,908,44.5
4,S005_blocked_s,blocked,909,44.5
4,S005_blocked_s,blocked,910,44.6
4,S005_blocked_s,blocked,911,44.7
4,S005_blocked_s,blocked,912,44.7
4,S005_blocked_s,blocked,913,44.7
4,S005_blocked_s,blocked,914,44.9
4,S005_blocked_s,blocked,915,44.8
4,S005_blocked_s,blocked,916,44.7
4,S005_blocked_s,blocked,917,44.8
4,S005_blocked_s,blocked,918,44.8
4,S005_blocked_s,blocked,919,44.8
4,S005_blocked_s,blocked,920,44.6
4,S005_blocked_s,blocked,921,44.9
4,S005_blocked_s,blocked,922,45.0
4,S005_blocked_s,blocked,923,44.6
4,S005_blocked_s,blocked,924,44.7
4,S005_blocked_s,blocked,925,44.7
4,S005_blocked_s,blocked,926,44.8
4,S005_blocked_s,blocked,927,44.7
4,S005_blocked_s,blocked,928,44.7
4,S005_blocked_s,blocked,929,44.8
4,S005_blocked_s,blocked,930,44.9
4,S005_blocked_s,blocked,931,44.8
4,S005_blocked_s,blocked,932,44.9
4,S005_blocked_s,blocked,933,44.9
4,S005_blocked_s,blocked,934,44.9
4,S005_blocked_s,blocked,935,45.0
4,S005_blocked_s,blocked,936,45.0
4,S005_blocked_s,blocked,937,45.1
4,S005_blocked_s,blocked,938,45.2
4,S005_blocked_s,blocked,939,45.1
4,S005_blocked_s,blocked,940,45.0
4,S005_blocked_s,blocked,941,45.2
4,S005_blocked_s,blocked,942,45.1
4,S005_blocked_s,blocked,943,45.0
4,S005_blocked_s,blocked,944,44.9
4,S005_blocked_s,blocked,945,45.0
4,S005_blocked_s,blocked,946,45.1
4,S005_blocked_s,blocked,947,45.2
4,S005_blocked_s,blocked,948,45.1
4,S005_blocked_s,blocked,949,45.0
4,S005_blocked_s,blocked,950,45.0
4,S005_blocked_s,blocked,951,45.3
4,S005_blocked_s,blocked,952,45.1
4,S005_blocked_s,blocked,953,44.9
4,S005_blocked_s,blocked,954,45.1
4,S005_blocked_s,blocked,955,45.4
4,S005_blocked_s,blocked,956,45.1
4,S005_blocked_s,blocked,957,45.1
4,S005_blocked_s,blocked,958,45.5
4,S005_blocked_s,blocked,959,45.2
4,S005_blocked_s,blocked,960,45.3
4,S005_blocked_s,blocked,961,45.3
4,S005_blocked_s,blocked,962,45.6
4,S005_blocked_s,blocked,963,45.4
4,S005_blocked_s,blocked,964,45.1
4,S005_blocked_s,blocked,965,45.5
4,S005_blocked_s,blocked,966,45.2
4,S005_blocked_s,blocked,967,45.2
4,S005_blocked_s,blocked,968,45.2
4,S005_blocked_s,blocked,969,45.7
4,S005_blocked_s,blocked,970,45.7
4,S005_blocked_s,blocked,971,45.5
4,S005_blocked_s,blocked,972,45.4
4,S005_blocked_s,blocked,973,45.3
4,S005_blocked_s,blocked,974,45.4
4,S005_blocked_s,blocked,975,45.3
4,S005_blocked_s,blocked,976,45.6
4,S005_blocked_s,blocked,977,45.3
4,S005_blocked_s,blocked,978,45.7
4,S005_blocked_s,blocked,979,45.7
4,S005_blocked_s,blocked,980,45.4
4,S005_blocked_s,blocked,981,45.5
4,S005_blocked_s,blocked,982,45.5
4,S005_blocked_s,blocked,983,45.6
4,S005_blocked_s,blocked,984,45.4
4,S005_blocked_s,blocked,985,45.6
4,S005_blocked_s,blocked,986,45.8
4,S005_blocked_s,blocked,987,45.7
4,S005_blocked_s,blocked,988,45.6
4,S005_blocked_s,blocked,989,45.6
4,S005_blocked_s,blocked,990,45.5
4,S005_blocked_s,blocked,991,45.6
4,S005_blocked_s,blocked,992,45.7
4,S005_blocked_s,blocked,993,45.7
4,S005_blocked_s,blocked,994,45.8
4,S005_blocked_s,blocked,995,45.7
4,S005_blocked_s,blocked,996,45.9
4,S005_blocked_s,blocked,997,45.8
4,S005_blocked_s,blocked,998,45.9
4,S005_blocked_s,blocked,999,45.8
4,S005_blocked_s,blocked,1000,45.5
4,S005_blocked_s,blocked,1001,45.7
4,S005_blocked_s,blocked,1002,45.8
4,S005_blocked_s,blocked,1003,45.5
4,S005_blocked_s,blocked,1004,45.7
4,S005_blocked_s,blocked,1005,45.6
4,S005_blocked_s,blocked,1006,45.6
4,S005_blocked_s,blocked,1007,45.9
4,S005_blocked_s,blocked,1008,45.9
4,S005_blocked_s,blocked,1009,45.8
4,S005_blocked_s,blocked,1010,45.8
4,S005_blocked_s,blocked,1011,46.1
4,S005_blocked_s,blocked,1012,46.0
4,S005_blocked_s,blocked,1013,45.8
4,S005_blocked_s,blocked,1014,45.8
4,S005_blocked_s,blocked,1015,46.2
4,S005_blocked_s,blocked,1016,45.9
4,S005_blocked_s,blocked,1017,46.0
4,S005_blocked_s,blocked,1018,45.9
4,S005_blocked_s,blocked,1019,45.9
4,S005_blocked_s,blocked,1020,46.1
4,S005_blocked_s,blocked,1021,46.2
4,S005_blocked_s,blocked,1022,45.8
4,S005_blocked_s,blocked,1023,45.9
4,S005_blocked_s,blocked,1024,45.9
4,S005_blocked_s,blocked,1025,46.1
4,S005_blocked_s,blocked,1026,46.1
4,S005_blocked_s,blocked,1027,46.1
4,S005_blocked_s,blocked,1028,46.0
4,S005_blocked_s,blocked,1029,46.2
4,S005_blocked_s,blocked,1030,45.8
4,S005_blocked_s,blocked,1031,46.3
4,S005_blocked_s,blocked,1032,45.9
4,S005_blocked_s,blocked,1033,46.1
4,S005_blocked_s,blocked,1034,46.0
4,S005_blocked_s,blocked,1035,46.1
4,S005_blocked_s,blocked,1036,45.9
4,S005_blocked_s,blocked,1037,46.3
4,S005_blocked_s,blocked,1038,46.3
4,S005_blocked_s,blocked,1039,46.0
4,S005_blocked_s,blocked,1040,46.1
4,S005_blocked_s,blocked,1041,46.2
4,S005_blocked_s,blocked,1042,46.3
4,S005_blocked_s,blocked,1043,46.1
4,S005_blocked_s,blocked,1044,46.1
4,S005_blocked_s,blocked,1045,45.8
4,S005_blocked_s,blocked,1046,46.4
4,S005_blocked_s,blocked,1047,46.1
4,S005_blocked_s,blocked,1048,46.5
4,S005_blocked_s,blocked,1049,46.2
4,S005_blocked_s,blocked,1050,46.4
4,S005_blocked_s,blocked,1051,46.4
4,S005_blocked_s,blocked,1052,46.3
4,S005_blocked_s,blocked,1053,46.3
4,S005_blocked_s,blocked,1054,46.5
4,S005_blocked_s,blocked,1055,46.2
4,S005_blocked_s,blocked,1056,46.1
4,S005_blocked_s,blocked,1057,46.5
4,S005_blocked_s,blocked,1058,46.3
4,S005_blocked_s,blocked,1059,46.3
4,S005_blocked_s,blocked,1060,46.3
4,S005_blocked_s,blocked,1061,46.4
4,S005_blocked_s,blocked,1062,46.5
4,S005_blocked_s,blocked,1063,46.5
4,S005_blocked_s,blocked,1064,46.5
4,S005_blocked_s,blocked,1065,46.4
4,S005_blocked_s,blocked,1066,46.5
4,S005_blocked_s,blocked,1067,46.3
4,S005_blocked_s,blocked,1068,46.4
4,S005_blocked_s,blocked,1069,46.4
4,S005_blocked_s,blocked,1070,46.3
4,S005_blocked_s,blocked,1071,46.5
4,S005_blocked_s,blocked,1072,46.5
4,S005_blocked_s,blocked,1073,46.6
4,S005_blocked_s,blocked,1074,46.3
4,S005_blocked_s,blocked,1075,46.6
4,S005_blocked_s,blocked,1076,46.3
4,S005_blocked_s,blocked,1077,46.5
4,S005_blocked_s,blocked,1078,46.6
4,S005_blocked_s,blocked,1079,46.6
4,S005_blocked_s,blocked,1080,46.6
4,S005_blocked_s,blocked,1081,46.5
4,S005_blocked_s,blocked,1082,46.8
4,S005_blocked_s,blocked,1083,46.4
4,S005_blocked_s,blocked,1084,46.4
4,S005_blocked_s,blocked,1085,46.8
4,S005_blocked_s,blocked,1086,46.7
4,S005_blocked_s,blocked,1087,46.8
4,S005_blocked_s,blocked,1088,46.6
4,S005_blocked_s,blocked,1089,46.6
4,S005_blocked_s,blocked,1090,47.0
4,S005_blocked_s,blocked,1091,46.6
4,S005_blocked_s,blocked,1092,46.8
4,S005_blocked_s,blocked,1093,46.6
4,S005_blocked_s,blocked,1094,46.5
4,S005_blocked_s,blocked,1095,46.8
4,S005_blocked_s,blocked,1096,46.6
4,S005_blocked_s,blocked,1097,46.5
4,S005_blocked_s,blocked,1098,46.8
4,S005_blocked_s,blocked,1099,46.7
4,S005_blocked_s,blocked,1100,46.6
4,S005_blocked_s,blocked,1101,46.9
4,S005_blocked_s,blocked,1102,46.8
4,S005_blocked_s,blocked,1103,46.8
4,S005_blocked_s,blocked,1104,46.7
4,S005_blocked_s,blocked,1105,46.8
4,S005_blocked_s,blocked,1106,46.9
4,S005_blocked_s,blocked,1107,47.0
4,S005_blocked_s,blocked,1108,47.0
4,S005_blocked_s,blocked,1109,46.9
4,S005_blocked_s,blocked,1110,46.8
4,S005_blocked_s,blocked,1111,46.9
4,S005_blocked_s,blocked,1112,46.9
4,S005_blocked_s,blocked,1113,46.9
4,S005_blocked_s,blocked,1114,47.0
4,S005_blocked_s,blocked,1115,46.8
4,S005_blocked_s,blocked,1116,47.0
4,S005_blocked_s,blocked,1117,46.8
4,S005_blocked_s,blocked,1118,46.7
4,S005_blocked_s,blocked,1119,46.9
4,S005_blocked_s,blocked,1120,47.2
4,S005_blocked_s,blocked,1121,46.9
4,S005_blocked_s,blocked,1122,47.0
4,S005_blocked_s,blocked,1123,47.0
4,S005_blocked_s,blocked,1124,47.1
4,S005_blocked_s,blocked,1125,47.0
4,S005_blocked_s,blocked,1126,47.1
4,S005_blocked_s,blocked,1127,47.0
4,S005_blocked_s,blocked,1128,47.1
4,S005_blocked_s,blocked,1129,47.1
4,S005_blocked_s,blocked,1130,47.0
4,S005_blocked_s,blocked,1131,46.9
4,S005_blocked_s,blocked,1132,47.0
4,S005_blocked_s,blocked,1133,46.9
4,S005_blocked_s,blocked,1134,47.2
4,S005_blocked_s,blocked,1135,47.1
4,S005_blocked_s,blocked,1136,47.0
4,S005_blocked_s,blocked,1137,47.3
4,S005_blocked_s,blocked,1138,47.2
4,S005_blocked_s,blocked,1139,47.1
4,S005_blocked_s,blocked,1140,47.2
4,S005_blocked_s,blocked,1141,47.3
4,S005_blocked_s,blocked,1142,47.3
4,S005_blocked_s,blocked,1143,47.1
4,S005_blocked_s,blocked,1144,47.1
4,S005_blocked_s,blocked,1145,47.0
4,S005_blocked_s,blocked,1146,47.1
4,S005_blocked_s,blocked,1147,47.3
4,S005_blocked_s,blocked,1148,47.2
4,S005_blocked_s,blocked,1149,47.4
4,S005_blocked_s,blocked,1150,47.3
4,S005_blocked_s,blocked,1151,47.2
4,S005_blocked_s,blocked,1152,47.2
4,S005_blocked_s,blocked,1153,47.3
4,S005_blocked_s,blocked,1154,47.3
4,S005_blocked_s,blocked,1155,47.4
4,S005_blocked_s,blocked,1156,47.0
4,S005_blocked_s,blocked,1157,47.3
4,S005_blocked_s,blocked,1158,47.1
4,S005_blocked_s,blocked,1159,47.5
4,S005_blocked_s,blocked,1160,46.9
4,S005_blocked_s,blocked,1161,47.3
4,S005_blocked_s,blocked,1162,47.1
4,S005_blocked_s,blocked,1163,47.3
4,S005_blocked_s,blocked,1164,47.3
4,S005_blocked_s,blocked,1165,47.2
4,S005_blocked_s,blocked,1166,47.5
4,S005_blocked_s,blocked,1167,47.3
4,S005_blocked_s,blocked,1168,47.3
4,S005_blocked_s,blocked,1169,47.4
4,S005_blocked_s,blocked,1170,47.4
4,S005_blocked_s,blocked,1171,47.4
4,S005_blocked_s,blocked,1172,47.3
4,S005_blocked_s,blocked,1173,47.5
4,S005_blocked_s,blocked,1174,47.2
4,S005_blocked_s,blocked,1175,47.4
4,S005_blocked_s,blocked,1176,47.3
4,S005_blocked_s,blocked,1177,47.2
4,S005_blocked_s,blocked,1178,47.6
4,S005_blocked_s,blocked,1179,47.5
4,S005_blocked_s,blocked,1180,47.5
4,S005_blocked_s,blocked,1181,47.5
4,S005_blocked_s,blocked,1182,47.5
4,S005_blocked_s,blocked,1183,47.3
4,S005_blocked_s,blocked,1184,47.5
4,S005_blocked_s,blocked,1185,47.5
4,S005_blocked_s,blocked,1186,47.4
4,S005_blocked_s,blocked,1187,47.4
4,S005_blocked_s,blocked,1188,47.4
4,S005_blocked_s,blocked,1189,47.5
4,S005_blocked_s,blocked,1190,47.9
4,S005_blocked_s,blocked,1191,47.3
4,S005_blocked_s,blocked,1192,47.5
4,S005_blocked_s,blocked,1193,47.6
4,S005_blocked_s,blocked,1194,47.4
4,S005_blocked_s,blocked,1195,47.5
4,S005_blocked_s,blocked,1196,47.5
4,S005_blocked_s,blocked,1197,47.6
4,S005_blocked_s,blocked,1198,47.5
4,S005_blocked_s,blocked,1199,47.4
4,S005_blocked_s,blocked,1200,47.7
4,S005_blocked_s,blocked,1201,47.5
4,S005_blocked_s,blocked,1202,47.4
4,S005_blocked_s,blocked,1203,47.5
4,S005_blocked_s,blocked,1204,47.3
4,S005_blocked_s,blocked,1205,47.3
4,S005_blocked_s,blocked,1206,47.3
4,S005_blocked_s,blocked,1207,47.3
4,S005_blocked_s,blocked,1208,47.1
4,S005_blocked_s,blocked,1209,47.4
4,S005_blocked_s,blocked,1210,47.2
4,S005_blocked_s,blocked,1211,47.1
4,S005_blocked_s,blocked,1212,47.1
4,S005_blocked_s,blocked,1213,47.0
4,S005_blocked_s,blocked,1214,46.9
4,S005_blocked_s,blocked,1215,46.9
4,S005_blocked_s,blocked,1216,47.0
4,S005_blocked_s,blocked,1217,46.9
4,S005_blocked_s,blocked,1218,46.9
4,S005_blocked_s,blocked,1219,46.8
4,S005_blocked_s,blocked,1220,46.6
4,S005_blocked_s,blocked,1221,46.9
4,S005_blocked_s,blocked,1222,46.7
4,S005_blocked_s,blocked,1223,46.9
4,S005_blocked_s,blocked,1224,46.6
4,S005_blocked_s,blocked,1225,46.6
4,S005_blocked_s,blocked,1226,46.7
4,S005_blocked_s,blocked,1227,46.7
4,S005_blocked_s,blocked,1228,46.5
4,S005_blocked_s,blocked,1229,46.4
4,S005_blocked_s,blocked,1230,46.2
4,S005_blocked_s,blocked,1231,46.6
4,S005_blocked_s,blocked,1232,46.2
4,S005_blocked_s,blocked,1233,46.3
4,S005_blocked_s,blocked,1234,46.4
4,S005_blocked_s,blocked,1235,46.2
4,S005_blocked_s,blocked,1236,46.4
4,S005_blocked_s,blocked,1237,46.2
4,S005_blocked_s,blocked,1238,46.1
4,S005_blocked_s,blocked,1239,46.2
4,S005_blocked_s,blocked,1240,46.1
4,S005_blocked_s,blocked,1241,46.0
4,S005_blocked_s,blocked,1242,46.1
4,S005_blocked_s,blocked,1243,45.9
4,S005_blocked_s,blocked,1244,45.9
4,S005_blocked_s,blocked,1245,46.2
4,S005_blocked_s,blocked,1246,45.8
4,S005_blocked_s,blocked,1247,45.9
4,S005_blocked_s,blocked,1248,45.9
4,S005_blocked_s,blocked,1249,45.7
4,S005_blocked_s,blocked,1250,45.9
4,S005_blocked_s,blocked,1251,45.6
4,S005_blocked_s,blocked,1252,45.7
4,S005_blocked_s,blocked,1253,45.7
4,S005_blocked_s,blocked,1254,45.7
4,S005_blocked_s,blocked,1255,45.9
4,S005_blocked_s,blocked,1256,45.9
4,S005_blocked_s,blocked,1257,45.6
4,S005_blocked_s,blocked,1258,45.3
4,S005_blocked_s,blocked,1259,45.6
4,S005_blocked_s,blocked,1260,45.2
4,S005_blocked_s,blocked,1261,45.3
4,S005_blocked_s,blocked,1262,45.4
4,S005_blocked_s,blocked,1263,45.5
4,S005_blocked_s,blocked,1264,45.3
4,S005_blocked_s,blocked,1265,45.0
4,S005_blocked_s,blocked,1266,45.3
4,S005_blocked_s,blocked,1267,45.3
4,S005_blocked_s,blocked,1268,45.2
4,S005_blocked_s,blocked,1269,45.2
4,S005_blocked_s,blocked,1270,45.0
4,S005_blocked_s,blocked,1271,45.0
4,S005_blocked_s,blocked,1272,45.3
4,S005_blocked_s,blocked,1273,45.0
4,S005_blocked_s,blocked,1274,45.0
4,S005_blocked_s,blocked,1275,44.9
4,S005_blocked_s,blocked,1276,44.9
4,S005_blocked_s,blocked,1277,45.0
4,S005_blocked_s,blocked,1278,44.9
4,S005_blocked_s,blocked,1279,44.9
4,S005_blocked_s,blocked,1280,44.7
4,S005_blocked_s,blocked,1281,44.9
4,S005_blocked_s,blocked,1282,44.8
4,S005_blocked_s,blocked,1283,44.8
4,S005_blocked_s,blocked,1284,44.6
4,S005_blocked_s,blocked,1285,44.6
4,S005_blocked_s,blocked,1286,44.6
4,S005_blocked_s,blocked,1287,44.4
4,S005_blocked_s,blocked,1288,44.7
4,S005_blocked_s,blocked,1289,44.6
4,S005_blocked_s,blocked,1290,44.5
4,S005_blocked_s,blocked,1291,44.6
4,S005_blocked_s,blocked,1292,44.3
4,S005_blocked_s,blocked,1293,44.5
4,S005_blocked_s,blocked,1294,44.4
4,S005_blocked_s,blocked,1295,44.1
4,S005_blocked_s,blocked,1296,44.3
4,S005_blocked_s,blocked,1297,44.2
4,S005_blocked_s,blocked,1298,44.2
4,S005_blocked_s,blocked,1299,44.1
4,S005_blocked_s,blocked,1300,44.2
4,S005_blocked_s,blocked,1301,44.4
4,S005_blocked_s,blocked,1302,44.2
4,S005_blocked_s,blocked,1303,44.1
4,S005_blocked_s,blocked,1304,43.9
4,S005_blocked_s,blocked,1305,44.1
4,S005_blocked_s,blocked,1306,44.0
4,S005_blocked_s,blocked,1307,43.9
4,S005_blocked_s,blocked,1308,43.8
4,S005_blocked_s,blocked,1309,44.0
4,S005_blocked_s,blocked,1310,44.0
4,S005_blocked_s,blocked,1311,43.7
4,S005_blocked_s,blocked,1312,43.9
4,S005_blocked_s,blocked,1313,43.6
4,S005_blocked_s,blocked,1314,43.7
4,S005_blocked_s,blocked,1315,43.8
4,S005_blocked_s,blocked,1316,43.7
4,S005_blocked_s,blocked,1317,43.5
4,S005_blocked_s,blocked,1318,43.4
4,S005_blocked_s,blocked,1319,43.6
4,S005_blocked_s,blocked,1320,43.3
4,S005_blocked_s,blocked,1321,43.4
4,S005_blocked_s,blocked,1322,43.6
4,S005_blocked_s,blocked,1323,43.2
4,S005_blocked_s,blocked,1324,43.4
4,S005_blocked_s,blocked,1325,43.3
4,S005_blocked_s,blocked,1326,43.4
4,S005_blocked_s,blocked,1327,43.5
4,S005_blocked_s,blocked,1328,43.2
4,S005_blocked_s,blocked,1329,43.2
4,S005_blocked_s,blocked,1330,43.1
4,S005_blocked_s,blocked,1331,43.3
4,S005_blocked_s,blocked,1332,43.0
4,S005_blocked_s,blocked,1333,43.2
4,S005_blocked_s,blocked,1334,43.2
4,S005_blocked_s,blocked,1335,42.9
4,S005_blocked_s,blocked,1336,42.9
4,S005_blocked_s,blocked,1337,42.8
4,S005_blocked_s,blocked,1338,43.1
4,S005_blocked_s,blocked,1339,42.9
4,S005_blocked_s,blocked,1340,43.0
4,S005_blocked_s,blocked,1341,42.9
4,S005_blocked_s,blocked,1342,42.8
4,S005_blocked_s,blocked,1343,42.8
4,S005_blocked_s,blocked,1344,42.9
4,S005_blocked_s,blocked,1345,42.8
4,S005_blocked_s,blocked,1346,42.6
4,S005_blocked_s,blocked,1347,42.7
4,S005_blocked_s,blocked,1348,42.5
4,S005_blocked_s,blocked,1349,42.4
4,S005_blocked_s,blocked,1350,42.7
4,S005_blocked_s,blocked,1351,42.8
4,S005_blocked_s,blocked,1352,42.5
4,S005_blocked_s,blocked,1353,42.5
4,S005_blocked_s,blocked,1354,42.5
4,S005_blocked_s,blocked,1355,42.4
4,S005_blocked_s,blocked,1356,42.7
4,S005_blocked_s,blocked,1357,42.4
4,S005_blocked_s,blocked,1358,42.6
4,S005_blocked_s,blocked,1359,42.0
4,S005_blocked_s,blocked,1360,42.3
4,S005_blocked_s,blocked,1361,42.3
4,S005_blocked_s,blocked,1362,42.2
4,S005_blocked_s,blocked,1363,42.2
4,S005_blocked_s,blocked,1364,42.3
4,S005_blocked_s,blocked,1365,42.2
4,S005_blocked_s,blocked,1366,42.1
4,S005_blocked_s,blocked,1367,42.1
4,S005_blocked_s,blocked,1368,42.3
4,S005_blocked_s,blocked,1369,42.1
4,S005_blocked_s,blocked,1370,41.9
4,S005_blocked_s,blocked,1371,42.1
4,S005_blocked_s,blocked,1372,41.7
4,S005_blocked_s,blocked,1373,42.2
4,S005_blocked_s,blocked,1374,42.0
4,S005_blocked_s,blocked,1375,41.8
4,S005_blocked_s,blocked,1376,41.8
4,S005_blocked_s,blocked,1377,41.8
4,S005_blocked_s,blocked,1378,41.6
4,S005_blocked_s,blocked,1379,41.6
4,S005_blocked_s,blocked,1380,41.9
4,S005_blocked_s,blocked,1381,41.8
4,S005_blocked_s,blocked,1382,41.7
4,S005_blocked_s,blocked,1383,41.7
4,S005_blocked_s,blocked,1384,41.7
4,S005_blocked_s,blocked,1385,41.4
4,S005_blocked_s,blocked,1386,41.4
4,S005_blocked_s,blocked,1387,41.5
4,S005_blocked_s,blocked,1388,41.5
4,S005_blocked_s,blocked,1389,41.5
4,S005_blocked_s,blocked,1390,41.3
4,S005_blocked_s,blocked,1391,41.3
4,S005_blocked_s,blocked,1392,41.1
4,S005_blocked_s,blocked,1393,41.7
4,S005_blocked_s,blocked,1394,41.2
4,S005_blocked_s,blocked,1395,41.4
4,S005_blocked_s,blocked,1396,41.2
4,S005_blocked_s,blocked,1397,41.0
4,S005_blocked_s,blocked,1398,41.5
4,S005_blocked_s,blocked,1399,41.1
4,S005_blocked_s,blocked,1400,41.2
4,S005_blocked_s,blocked,1401,41.2
4,S005_blocked_s,blocked,1402,41.0
4,S005_blocked_s,blocked,1403,41.3
4,S005_blocked_s,blocked,1404,41.0
4,S005_blocked_s,blocked,1405,40.8
4,S005_blocked_s,blocked,1406,40.9
4,S005_blocked_s,blocked,1407,40.9
4,S005_blocked_s,blocked,1408,41.2
4,S005_blocked_s,blocked,1409,40.9
4,S005_blocked_s,blocked,1410,41.0
4,S005_blocked_s,blocked,1411,41.0
4,S005_blocked_s,blocked,1412,41.0
4,S005_blocked_s,blocked,1413,40.9
4,S005_blocked_s,blocked,1414,40.8
4,S005_blocked_s,blocked,1415,40.7
4,S005_blocked_s,blocked,1416,40.9
4,S005_blocked_s,blocked,1417,40.6
4,S005_blocked_s,blocked,1418,40.6
4,S005_blocked_s,blocked,1419,40.9
4,S005_blocked_s,blocked,1420,40.5
4,S005_blocked_s,blocked,1421,40.5
4,S005_blocked_s,blocked,1422,40.6
4,S005_blocked_s,blocked,1423,40.7
4,S005_blocked_s,blocked,1424,40.6
4,S005_blocked_s,blocked,1425,40.6
4,S005_blocked_s,blocked,1426,40.3
4,S005_blocked_s,blocked,1427,40.6
4,S005_blocked_s,blocked,1428,40.6
4,S005_blocked_s,blocked,1429,40.4
4,S005_blocked_s,blocked,1430,40.4
4,S005_blocked_s,blocked,1431,40.0
4,S005_blocked_s,blocked,1432,40.4
4,S005_blocked_s,blocked,1433,40.3
4,S005_blocked_s,blocked,1434,40.5
4,S005_blocked_s,blocked,1435,40.3
4,S005_blocked_s,blocked,1436,40.2
4,S005_blocked_s,blocked,1437,40.1
4,S005_blocked_s,blocked,1438,40.4
4,S005_blocked_s,blocked,1439,40.2
4,S005_blocked_s,blocked,1440,40.3
4,S005_blocked_s,blocked,1441,40.3
4,S005_blocked_s,blocked,1442,40.1
4,S005_blocked_s,blocked,1443,39.9
4,S005_blocked_s,blocked,1444,40.0
4,S005_blocked_s,blocked,1445,40.0
4,S005_blocked_s,blocked,1446,40.1
4,S005_blocked_s,blocked,1447,40.0
4,S005_blocked_s,blocked,1448,39.8
4,S005_blocked_s,blocked,1449,40.0
4,S005_blocked_s,blocked,1450,39.9
4,S005_blocked_s,blocked,1451,39.8
4,S005_blocked_s,blocked,1452,39.6
4,S005_blocked_s,blocked,1453,39.7
4,S005_blocked_s,blocked,1454,40.0
4,S005_blocked_s,blocked,1455,39.5
4,S005_blocked_s,blocked,1456,39.7
4,S005_blocked_s,blocked,1457,39.8
4,S005_blocked_s,blocked,1458,39.6
4,S005_blocked_s,blocked,1459,39.7
4,S005_blocked_s,blocked,1460,39.6
4,S005_blocked_s,blocked,1461,39.5
4,S005_blocked_s,blocked,1462,39.4
4,S005_blocked_s,blocked,1463,39.3
4,S005_blocked_s,blocked,1464,39.3
4,S005_blocked_s,blocked,1465,39.6
4,S005_blocked_s,blocked,1466,39.6
4,S005_blocked_s,blocked,1467,39.5
4,S005_blocked_s,blocked,1468,39.6
4,S005_blocked_s,blocked,1469,39.4
4,S005_blocked_s,blocked,1470,39.4
4,S005_blocked_s,blocked,1471,39.5
4,S005_blocked_s,blocked,1472,39.2
4,S005_blocked_s,blocked,1473,39.3
4,S005_blocked_s,blocked,1474,39.4
4,S005_blocked_s,blocked,1475,39.2
4,S005_blocked_s,blocked,1476,39.1
4,S005_blocked_s,blocked,1477,39.1
4,S005_blocked_s,blocked,1478,39.0
4,S005_blocked_s,blocked,1479,39.1
4,S005_blocked_s,blocked,1480,39.0
4,S005_blocked_s,blocked,1481,39.1
4,S005_blocked_s,blocked,1482,39.1
4,S005_blocked_s,blocked,1483,38.9
4,S005_blocked_s,blocked,1484,39.3
4,S005_blocked_s,blocked,1485,38.9
4,S005_blocked_s,blocked,1486,38.9
4,S005_blocked_s,blocked,1487,39.0
4,S005_blocked_s,blocked,1488,38.8
4,S005_blocked_s,blocked,1489,38.8
4,S005_blocked_s,blocked,1490,38.6
4,S005_blocked_s,blocked,1491,38.9
4,S005_blocked_s,blocked,1492,38.7
4,S005_blocked_s,blocked,1493,38.7
4,S005_blocked_s,blocked,1494,39.0
4,S005_blocked_s,blocked,1495,38.6
4,S005_blocked_s,blocked,1496,38.6
4,S005_blocked_s,blocked,1497,38.9
4,S005_blocked_s,blocked,1498,38.7
4,S005_blocked_s,blocked,1499,38.8
5,S006_blocked_s,blocked,0,20.8
5,S006_blocked_s,blocked,1,20.5
5,S006_blocked_s,blocked,2,20.6
5,S006_blocked_s,blocked,3,20.3
5,S006_blocked_s,blocked,4,20.3
5,S006_blocked_s,blocked,5,20.5
5,S006_blocked_s,blocked,6,20.3
5,S006_blocked_s,blocked,7,20.7
5,S006_blocked_s,blocked,8,20.6
5,S006_blocked_s,blocked,9,20.6
5,S006_blocked_s,blocked,10,21.0
5,S006_blocked_s,blocked,11,20.5
5,S006_blocked_s,blocked,12,20.3
5,S006_blocked_s,blocked,13,20.8
5,S006_blocked_s,blocked,14,20.4
5,S006_blocked_s,blocked,15,20.4
5,S006_blocked_s,blocked,16,20.9
5,S006_blocked_s,blocked,17,20.5
5,S006_blocked_s,blocked,18,20.7
5,S006_blocked_s,blocked,19,20.4
5,S006_blocked_s,blocked,20,20.5
5,S006_blocked_s,blocked,21,20.6
5,S006_blocked_s,blocked,22,20.7
5,S006_blocked_s,blocked,23,20.4
5,S006_blocked_s,blocked,24,20.8
5,S006_blocked_s,blocked,25,21.2
5,S006_blocked_s,blocked,26,20.7
5,S006_blocked_s,blocked,27,20.4
5,S006_blocked_s,blocked,28,20.8
5,S006_blocked_s,blocked,29,20.6
5,S006_blocked_s,blocked,30,20.8
5,S006_blocked_s,blocked,31,21.0
5,S006_blocked_s,blocked,32,20.7
5,S006_blocked_s,blocked,33,20.9
5,S006_blocked_s,blocked,34,20.6
5,S006_blocked_s,blocked,35,20.3
5,S006_blocked_s,blocked,36,20.5
5,S006_blocked_s,blocked,37,20.6
5,S006_blocked_s,blocked,38,21.0
5,S006_blocked_s,blocked,39,20.6
5,S006_blocked_s,blocked,40,20.3
5,S006_blocked_s,blocked,41,20.2
5,S006_blocked_s,blocked,42,20.8
5,S006_blocked_s,blocked,43,20.7
5,S006_blocked_s,blocked,44,21.0
5,S006_blocked_s,blocked,45,20.5
5,S006_blocked_s,blocked,46,20.8
5,S006_blocked_s,blocked,47,20.5
5,S006_blocked_s,blocked,48,20.7
5,S006_blocked_s,blocked,49,20.7
5,S006_blocked_s,blocked,50,20.7
5,S006_blocked_s,blocked,51,20.4
5,S006_blocked_s,blocked,52,20.4
5,S006_blocked_s,blocked,53,20.9
5,S006_blocked_s,blocked,54,20.8
5,S006_blocked_s,blocked,55,20.7
5,S006_blocked_s,blocked,56,20.5
5,S006_blocked_s,blocked,57,20.3
5,S006_blocked_s,blocked,58,20.5
5,S006_blocked_s,blocked,59,20.8
5,S006_blocked_s,blocked,60,19.9
5,S006_blocked_s,blocked,61,20.8
5,S006_blocked_s,blocked,62,20.3
5,S006_blocked_s,blocked,63,20.4
5,S006_blocked_s,blocked,64,20.5
5,S006_blocked_s,blocked,65,20.3
5,S006_blocked_s,blocked,66,20.9
5,S006_blocked_s,blocked,67,20.5
5,S006_blocked_s,blocked,68,20.9
5,S006_blocked_s,blocked,69,20.4
5,S006_blocked_s,blocked,70,20.8
5,S006_blocked_s,blocked,71,20.4
5,S006_blocked_s,blocked,72,20.4
5,S006_blocked_s,blocked,73,20.9
5,S006_blocked_s,blocked,74,20.6
5,S006_blocked_s,blocked,75,21.0
5,S006_blocked_s,blocked,76,20.9
5,S006_blocked_s,blocked,77,20.9
5,S006_blocked_s,blocked,78,20.9
5,S006_blocked_s,blocked,79,20.6
5,S006_blocked_s,blocked,80,20.5
5,S006_blocked_s,blocked,81,20.7
5,S006_blocked_s,blocked,82,20.8
5,S006_blocked_s,blocked,83,20.7
5,S006_blocked_s,blocked,84,20.7
5,S006_blocked_s,blocked,85,20.6
5,S006_blocked_s,blocked,86,19.8
5,S006_blocked_s,blocked,87,21.0
5,S006_blocked_s,blocked,88,20.3
5,S006_blocked_s,blocked,89,20.5
5,S006_blocked_s,blocked,90,20.5
5,S006_blocked_s,blocked,91,20.6
5,S006_blocked_s,blocked,92,20.6
5,S006_blocked_s,blocked,93,20.9
5,S006_blocked_s,blocked,94,20.1
5,S006_blocked_s,blocked,95,21.0
5,S006_blocked_s,blocked,96,20.2
5,S006_blocked_s,blocked,97,20.5
5,S006_blocked_s,blocked,98,20.0
5,S006_blocked_s,blocked,99,20.7
5,S006_blocked_s,blocked,100,20.5
5,S006_blocked_s,blocked,101,20.4
5,S006_blocked_s,blocked,102,20.4
5,S006_blocked_s,blocked,103,20.6
5,S006_blocked_s,blocked,104,20.2
5,S006_blocked_s,blocked,105,20.6
5,S006_blocked_s,blocked,106,21.2
5,S006_blocked_s,blocked,107,20.7
5,S006_blocked_s,blocked,108,20.8
5,S006_blocked_s,blocked,109,20.8
5,S006_blocked_s,blocked,110,20.5
5,S006_blocked_s,blocked,111,20.4
5,S006_blocked_s,blocked,112,20.5
5,S006_blocked_s,blocked,113,20.7
5,S006_blocked_s,blocked,114,21.1
5,S006_blocked_s,blocked,115,20.8
5,S006_blocked_s,blocked,116,20.9
5,S006_blocked_s,blocked,117,20.7
5,S006_blocked_s,blocked,118,20.5
5,S006_blocked_s,blocked,119,20.4
5,S006_blocked_s,blocked,120,20.7
5,S006_blocked_s,blocked,121,20.9
5,S006_blocked_s,blocked,122,20.4
5,S006_blocked_s,blocked,123,20.7
5,S006_blocked_s,blocked,124,20.6
5,S006_blocked_s,blocked,125,20.5
5,S006_blocked_s,blocked,126,21.0
5,S006_blocked_s,blocked,127,21.5
5,S006_blocked_s,blocked,128,20.6
5,S006_blocked_s,blocked,129,20.2
5,S006_blocked_s,blocked,130,20.6
5,S006_blocked_s,blocked,131,20.7
5,S006_blocked_s,blocked,132,20.2
5,S006_blocked_s,blocked,133,20.8
5,S006_blocked_s,blocked,134,20.5
5,S006_blocked_s,blocked,135,20.5
5,S006_blocked_s,blocked,136,20.7
5,S006_blocked_s,blocked,137,20.9
5,S006_blocked_s,blocked,138,20.6
5,S006_blocked_s,blocked,139,21.0
5,S006_blocked_s,blocked,140,20.7
5,S006_blocked_s,blocked,141,20.5
5,S006_blocked_s,blocked,142,20.7
5,S006_blocked_s,blocked,143,21.0
5,S006_blocked_s,blocked,144,20.5
5,S006_blocked_s,blocked,145,20.6
5,S006_blocked_s,blocked,146,20.8
5,S006_blocked_s,blocked,147,20.8
5,S006_blocked_s,blocked,148,20.4
5,S006_blocked_s,blocked,149,20.7
5,S006_blocked_s,blocked,150,20.9
5,S006_blocked_s,blocked,151,20.1
5,S006_blocked_s,blocked,152,20.2
5,S006_blocked_s,blocked,153,20.8
5,S006_blocked_s,blocked,154,20.8
5,S006_blocked_s,blocked,155,20.8
5,S006_blocked_s,blocked,156,20.7
5,S006_blocked_s,blocked,157,20.6
5,S006_blocked_s,blocked,158,20.9
5,S006_blocked_s,blocked,159,21.3
5,S006_blocked_s,blocked,160,20.5
5,S006_blocked_s,blocked,161,20.7
5,S006_blocked_s,blocked,162,20.9
5,S006_blocked_s,blocked,163,20.4
5,S006_blocked_s,blocked,164,20.4
5,S006_blocked_s,blocked,165,20.8
5,S006_blocked_s,blocked,166,20.9
5,S006_blocked_s,blocked,167,21.0
5,S006_blocked_s,blocked,168,20.3
5,S006_blocked_s,blocked,169,20.6
5,S006_blocked_s,blocked,170,20.9
5,S006_blocked_s,blocked,171,20.7
5,S006_blocked_s,blocked,172,20.7
5,S006_blocked_s,blocked,173,20.6
5,S006_blocked_s,blocked,174,20.8
5,S006_blocked_s,blocked,175,20.6
5,S006_blocked_s,blocked,176,20.9
5,S006_blocked_s,blocked,177,20.6
5,S006_blocked_s,blocked,178,20.9
5,S006_blocked_s,blocked,179,20.5
5,S006_blocked_s,blocked,180,20.9
5,S006_blocked_s,blocked,181,21.1
5,S006_blocked_s,blocked,182,20.6
5,S006_blocked_s,blocked,183,20.4
5,S006_blocked_s,blocked,184,20.8
5,S006_blocked_s,blocked,185,20.6
5,S006_blocked_s,blocked,186,21.1
5,S006_blocked_s,blocked,187,20.2
5,S006_blocked_s,blocked,188,20.9
5,S006_blocked_s,blocked,189,20.8
5,S006_blocked_s,blocked,190,20.9
5,S006_blocked_s,blocked,191,20.6
5,S006_blocked_s,blocked,192,20.3
5,S006_blocked_s,blocked,193,20.3
5,S006_blocked_s,blocked,194,20.5
5,S006_blocked_s,blocked,195,20.7
5,S006_blocked_s,blocked,196,20.1
5,S006_blocked_s,blocked,197,20.6
5,S006_blocked_s,blocked,198,20.5
5,S006_blocked_s,blocked,199,20.3
5,S006_blocked_s,blocked,200,20.6
5,S006_blocked_s,blocked,201,20.6
5,S006_blocked_s,blocked,202,20.5
5,S006_blocked_s,blocked,203,21.1
5,S006_blocked_s,blocked,204,20.3
5,S006_blocked_s,blocked,205,20.6
5,S006_blocked_s,blocked,206,20.8
5,S006_blocked_s,blocked,207,20.6
5,S006_blocked_s,blocked,208,20.6
5,S006_blocked_s,blocked,209,20.3
5,S006_blocked_s,blocked,210,19.9
5,S006_blocked_s,blocked,211,20.6
5,S006_blocked_s,blocked,212,20.6
5,S006_blocked_s,blocked,213,20.5
5,S006_blocked_s,blocked,214,21.0
5,S006_blocked_s,blocked,215,20.1
5,S006_blocked_s,blocked,216,20.2
5,S006_blocked_s,blocked,217,20.7
5,S006_blocked_s,blocked,218,20.5
5,S006_blocked_s,blocked,219,20.7
5,S006_blocked_s,blocked,220,20.3
5,S006_blocked_s,blocked,221,20.5
5,S006_blocked_s,blocked,222,20.6
5,S006_blocked_s,blocked,223,20.6
5,S006_blocked_s,blocked,224,20.6
5,S006_blocked_s,blocked,225,20.4
5,S006_blocked_s,blocked,226,20.6
5,S006_blocked_s,blocked,227,20.9
5,S006_blocked_s,blocked,228,20.3
5,S006_blocked_s,blocked,229,20.6
5,S006_blocked_s,blocked,230,20.6
5,S006_blocked_s,blocked,231,20.4
5,S006_blocked_s,blocked,232,20.7
5,S006_blocked_s,blocked,233,20.9
5,S006_blocked_s,blocked,234,20.7
5,S006_blocked_s,blocked,235,20.7
5,S006_blocked_s,blocked,236,20.6
5,S006_blocked_s,blocked,237,20.7
5,S006_blocked_s,blocked,238,20.6
5,S006_blocked_s,blocked,239,20.7
5,S006_blocked_s,blocked,240,20.3
5,S006_blocked_s,blocked,241,20.2
5,S006_blocked_s,blocked,242,20.7
5,S006_blocked_s,blocked,243,20.5
5,S006_blocked_s,blocked,244,20.8
5,S006_blocked_s,blocked,245,20.7
5,S006_blocked_s,blocked,246,20.5
5,S006_blocked_s,blocked,247,20.8
5,S006_blocked_s,blocked,248,20.6
5,S006_blocked_s,blocked,249,20.4
5,S006_blocked_s,blocked,250,20.6
5,S006_blocked_s,blocked,251,20.8
5,S006_blocked_s,blocked,252,20.5
5,S006_blocked_s,blocked,253,20.8
5,S006_blocked_s,blocked,254,20.4
5,S006_blocked_s,blocked,255,20.6
5,S006_blocked_s,blocked,256,20.9
5,S006_blocked_s,blocked,257,20.9
5,S006_blocked_s,blocked,258,20.3
5,S006_blocked_s,blocked,259,20.4
5,S006_blocked_s,blocked,260,20.7
5,S006_blocked_s,blocked,261,20.5
5,S006_blocked_s,blocked,262,20.5
5,S006_blocked_s,blocked,263,20.6
5,S006_blocked_s,blocked,264,20.7
5,S006_blocked_s,blocked,265,20.4
5,S006_blocked_s,blocked,266,20.6
5,S006_blocked_s,blocked,267,20.9
5,S006_blocked_s,blocked,268,20.9
5,S006_blocked_s,blocked,269,20.7
5,S006_blocked_s,blocked,270,20.8
5,S006_blocked_s,blocked,271,20.7
5,S006_blocked_s,blocked,272,20.9
5,S006_blocked_s,blocked,273,20.9
5,S006_blocked_s,blocked,274,20.6
5,S006_blocked_s,blocked,275,20.3
5,S006_blocked_s,blocked,276,20.6
5,S006_blocked_s,blocked,277,20.8
5,S006_blocked_s,blocked,278,20.4
5,S006_blocked_s,blocked,279,20.6
5,S006_blocked_s,blocked,280,21.1
5,S006_blocked_s,blocked,281,20.7
5,S006_blocked_s,blocked,282,20.8
5,S006_blocked_s,blocked,283,20.8
5,S006_blocked_s,blocked,284,20.8
5,S006_blocked_s,blocked,285,20.5
5,S006_blocked_s,blocked,286,20.6
5,S006_blocked_s,blocked,287,20.7
5,S006_blocked_s,blocked,288,20.7
5,S006_blocked_s,blocked,289,20.8
5,S006_blocked_s,blocked,290,20.1
5,S006_blocked_s,blocked,291,20.7
5,S006_blocked_s,blocked,292,20.9
5,S006_blocked_s,blocked,293,20.5
5,S006_blocked_s,blocked,294,20.8
5,S006_blocked_s,blocked,295,20.4
5,S006_blocked_s,blocked,296,20.9
5,S006_blocked_s,blocked,297,20.7
5,S006_blocked_s,blocked,298,20.8
5,S006_blocked_s,blocked,299,20.9
5,S006_blocked_s,blocked,300,20.9
5,S006_blocked_s,blocked,301,20.6
5,S006_blocked_s,blocked,302,20.7
5,S006_blocked_s,blocked,303,20.9
5,S006_blocked_s,blocked,304,21.1
5,S006_blocked_s,blocked,305,20.7
5,S006_blocked_s,blocked,306,21.2
5,S006_blocked_s,blocked,307,21.6
5,S006_blocked_s,blocked,308,21.2
5,S006_blocked_s,blocked,309,20.8
5,S006_blocked_s,blocked,310,21.3
5,S006_blocked_s,blocked,311,21.3
5,S006_blocked_s,blocked,312,21.1
5,S006_blocked_s,blocked,313,21.9
5,S006_blocked_s,blocked,314,21.6
5,S006_blocked_s,blocked,315,21.3
5,S006_blocked_s,blocked,316,22.0
5,S006_blocked_s,blocked,317,22.0
5,S006_blocked_s,blocked,318,22.3
5,S006_blocked_s,blocked,319,22.6
5,S006_blocked_s,blocked,320,22.4
5,S006_blocked_s,blocked,321,21.9
5,S006_blocked_s,blocked,322,22.4
5,S006_blocked_s,blocked,323,22.3
5,S006_blocked_s,blocked,324,22.6
5,S006_blocked_s,blocked,325,22.8
5,S006_blocked_s,blocked,326,22.5
5,S006_blocked_s,blocked,327,22.6
5,S006_blocked_s,blocked,328,22.5
5,S006_blocked_s,blocked,329,23.1
5,S006_blocked_s,blocked,330,22.5
5,S006_blocked_s,blocked,331,23.2
5,S006_blocked_s,blocked,332,23.0
5,S006_blocked_s,blocked,333,22.6
5,S006_blocked_s,blocked,334,23.2
5,S006_blocked_s,blocked,335,23.2
5,S006_blocked_s,blocked,336,23.4
5,S006_blocked_s,blocked,337,23.7
5,S006_blocked_s,blocked,338,23.2
5,S006_blocked_s,blocked,339,23.8
5,S006_blocked_s,blocked,340,24.0
5,S006_blocked_s,blocked,341,23.1
5,S006_blocked_s,blocked,342,24.3
5,S006_blocked_s,blocked,343,23.7
5,S006_blocked_s,blocked,344,24.1
5,S006_blocked_s,blocked,345,23.7
5,S006_blocked_s,blocked,346,23.8
5,S006_blocked_s,blocked,347,24.4
5,S006_blocked_s,blocked,348,24.4
5,S006_blocked_s,blocked,349,24.3
5,S006_blocked_s,blocked,350,23.9
5,S006_blocked_s,blocked,351,24.0
5,S006_blocked_s,blocked,352,24.6
5,S006_blocked_s,blocked,353,24.7
5,S006_blocked_s,blocked,354,24.9
5,S006_blocked_s,blocked,355,25.0
5,S006_blocked_s,blocked,356,24.7
5,S006_blocked_s,blocked,357,24.5
5,S006_blocked_s,blocked,358,24.5
5,S006_blocked_s,blocked,359,24.8
5,S006_blocked_s,blocked,360,25.2
5,S006_blocked_s,blocked,361,25.2
5,S006_blocked_s,blocked,362,25.1
5,S006_blocked_s,blocked,363,25.4
5,S006_blocked_s,blocked,364,25.9
5,S006_blocked_s,blocked,365,25.3
5,S006_blocked_s,blocked,366,25.4
5,S006_blocked_s,blocked,367,25.3
5,S006_blocked_s,blocked,368,25.5
5,S006_blocked_s,blocked,369,25.7
5,S006_blocked_s,blocked,370,25.8
5,S006_blocked_s,blocked,371,25.8
5,S006_blocked_s,blocked,372,25.3
5,S006_blocked_s,blocked,373,25.6
5,S006_blocked_s,blocked,374,25.9
5,S006_blocked_s,blocked,375,25.8
5,S006_blocked_s,blocked,376,26.3
5,S006_blocked_s,blocked,377,26.1
5,S006_blocked_s,blocked,378,26.3
5,S006_blocked_s,blocked,379,26.1
5,S006_blocked_s,blocked,380,25.9
5,S006_blocked_s,blocked,381,26.3
5,S006_blocked_s,blocked,382,26.2
5,S006_blocked_s,blocked,383,26.5
5,S006_blocked_s,blocked,384,26.8
5,S006_blocked_s,blocked,385,26.7
5,S006_blocked_s,blocked,386,26.4
5,S006_blocked_s,blocked,387,27.1
5,S006_blocked_s,blocked,388,26.7
5,S006_blocked_s,blocked,389,26.8
5,S006_blocked_s,blocked,390,27.1
5,S006_blocked_s,blocked,391,27.4
5,S006_blocked_s,blocked,392,27.3
5,S006_blocked_s,blocked,393,26.9
5,S006_blocked_s,blocked,394,27.2
5,S006_blocked_s,blocked,395,27.0
5,S006_blocked_s,blocked,396,27.4
5,S006_blocked_s,blocked,397,27.1
5,S006_blocked_s,blocked,398,27.6
5,S006_blocked_s,blocked,399,26.9
5,S006_blocked_s,blocked,400,27.5
5,S006_blocked_s,blocked,401,27.7
5,S006_blocked_s,blocked,402,27.3
5,S006_blocked_s,blocked,403,27.7
5,S006_blocked_s,blocked,404,27.9
5,S006_blocked_s,blocked,405,27.5
5,S006_blocked_s,blocked,406,27.9
5,S006_blocked_s,blocked,407,28.1
5,S006_blocked_s,blocked,408,27.8
5,S006_blocked_s,blocked,409,28.5
5,S006_blocked_s,blocked,410,27.7
5,S006_blocked_s,blocked,411,28.2
5,S006_blocked_s,blocked,412,28.1
5,S006_blocked_s,blocked,413,28.4
5,S006_blocked_s,blocked,414,28.4
5,S006_blocked_s,blocked,415,28.7
5,S006_blocked_s,blocked,416,28.4
5,S006_blocked_s,blocked,417,29.0
5,S006_blocked_s,blocked,418,28.0
5,S006_blocked_s,blocked,419,28.4
5,S006_blocked_s,blocked,420,28.8
5,S006_blocked_s,blocked,421,28.7
5,S006_blocked_s,blocked,422,28.5
5,S006_blocked_s,blocked,423,29.1
5,S006_blocked_s,blocked,424,28.6
5,S006_blocked_s,blocked,425,28.8
5,S006_blocked_s,blocked,426,29.1
5,S006_blocked_s,blocked,427,28.9
5,S006_blocked_s,blocked,428,29.1
5,S006_blocked_s,blocked,429,29.1
5,S006_blocked_s,blocked,430,29.3
5,S006_blocked_s,blocked,431,28.9
5,S006_blocked_s,blocked,432,29.5
5,S006_blocked_s,blocked,433,29.5
5,S006_blocked_s,blocked,434,29.6
5,S006_blocked_s,blocked,435,29.3
5,S006_blocked_s,blocked,436,29.7
5,S006_blocked_s,blocked,437,29.7
5,S006_blocked_s,blocked,438,29.5
5,S006_blocked_s,blocked,439,29.4
5,S006_blocked_s,blocked,440,29.8
5,S006_blocked_s,blocked,441,29.5
5,S006_blocked_s,blocked,442,29.6
5,S006_blocked_s,blocked,443,29.6
5,S006_blocked_s,blocked,444,29.8
5,S006_blocked_s,blocked,445,30.1
5,S006_blocked_s,blocked,446,29.7
5,S006_blocked_s,blocked,447,29.5
5,S006_blocked_s,blocked,448,29.7
5,S006_blocked_s,blocked,449,29.8
5,S006_blocked_s,blocked,450,30.5
5,S006_blocked_s,blocked,451,30.1
5,S006_blocked_s,blocked,452,30.3
5,S006_blocked_s,blocked,453,30.4
5,S006_blocked_s,blocked,454,30.7
5,S006_blocked_s,blocked,455,30.3
5,S006_blocked_s,blocked,456,30.6
5,S006_blocked_s,blocked,457,30.8
5,S006_blocked_s,blocked,458,30.7
5,S006_blocked_s,blocked,459,30.4
5,S006_blocked_s,blocked,460,30.9
5,S006_blocked_s,blocked,461,30.8
5,S006_blocked_s,blocked,462,30.8
5,S006_blocked_s,blocked,463,31.3
5,S006_blocked_s,blocked,464,30.6
5,S006_blocked_s,blocked,465,31.2
5,S006_blocked_s,blocked,466,30.8
5,S006_blocked_s,blocked,467,30.8
5,S006_blocked_s,blocked,468,31.2
5,S006_blocked_s,blocked,469,31.0
5,S006_blocked_s,blocked,470,31.6
5,S006_blocked_s,blocked,471,31.3
5,S006_blocked_s,blocked,472,31.2
5,S006_blocked_s,blocked,473,30.9
5,S006_blocked_s,blocked,474,31.5
5,S006_blocked_s,blocked,475,31.6
5,S006_blocked_s,blocked,476,31.5
5,S006_blocked_s,blocked,477,31.5
5,S006_blocked_s,blocked,478,31.2
5,S006_blocked_s,blocked,479,31.6
5,S006_blocked_s,blocked,480,32.1
5,S006_blocked_s,blocked,481,31.9
5,S006_blocked_s,blocked,482,31.7
5,S006_blocked_s,blocked,483,31.6
5,S006_blocked_s,blocked,484,31.6
5,S006_blocked_s,blocked,485,31.8
5,S006_blocked_s,blocked,486,31.8
5,S006_blocked_s,blocked,487,32.0
5,S006_blocked_s,blocked,488,31.9
5,S006_blocked_s,blocked,489,32.1
5,S006_blocked_s,blocked,490,32.1
5,S006_blocked_s,blocked,491,32.1
5,S006_blocked_s,blocked,492,32.1
5,S006_blocked_s,blocked,493,32.2
5,S006_blocked_s,blocked,494,32.1
5,S006_blocked_s,blocked,495,32.3
5,S006_blocked_s,blocked,496,32.0
5,S006_blocked_s,blocked,497,32.3
5,S006_blocked_s,blocked,498,32.1
5,S006_blocked_s,blocked,499,32.4
5,S006_blocked_s,blocked,500,32.5
5,S006_blocked_s,blocked,501,32.1
5,S006_blocked_s,blocked,502,32.6
5,S006_blocked_s,blocked,503,32.8
5,S006_blocked_s,blocked,504,32.7
5,S006_blocked_s,blocked,505,32.9
5,S006_blocked_s,blocked,506,32.9
5,S006_blocked_s,blocked,507,33.3
5,S006_blocked_s,blocked,508,32.8
5,S006_blocked_s,blocked,509,33.0
5,S006_blocked_s,blocked,510,32.6
5,S006_blocked_s,blocked,511,32.7
5,S006_blocked_s,blocked,512,33.2
5,S006_blocked_s,blocked,513,33.2
5,S006_blocked_s,blocked,514,33.4
5,S006_blocked_s,blocked,515,33.5
5,S006_blocked_s,blocked,516,33.0
5,S006_blocked_s,blocked,517,33.2
5,S006_blocked_s,blocked,518,33.0
5,S006_blocked_s,blocked,519,33.4
5,S006_blocked_s,blocked,520,33.2
5,S006_blocked_s,blocked,521,33.6
5,S006_blocked_s,blocked,522,33.3
5,S006_blocked_s,blocked,523,33.5
5,S006_blocked_s,blocked,524,33.5
5,S006_blocked_s,blocked,525,33.2
5,S006_blocked_s,blocked,526,33.4
5,S006_blocked_s,blocked,527,33.7
5,S006_blocked_s,blocked,528,34.0
5,S006_blocked_s,blocked,529,33.8
5,S006_blocked_s,blocked,530,33.4
5,S006_blocked_s,blocked,531,33.7
5,S006_blocked_s,blocked,532,33.8
5,S006_blocked_s,blocked,533,34.5
5,S006_blocked_s,blocked,534,33.6
5,S006_blocked_s,blocked,535,33.8
5,S006_blocked_s,blocked,536,33.8
5,S006_blocked_s,blocked,537,33.9
5,S006_blocked_s,blocked,538,33.9
5,S006_blocked_s,blocked,539,33.8
5,S006_blocked_s,blocked,540,34.2
5,S006_blocked_s,blocked,541,34.3
5,S006_blocked_s,blocked,542,33.9
5,S006_blocked_s,blocked,543,34.2
5,S006_blocked_s,blocked,544,33.9
5,S006_blocked_s,blocked,545,33.9
5,S006_blocked_s,blocked,546,34.3
5,S006_blocked_s,blocked,547,34.7
5,S006_blocked_s,blocked,548,34.4
5,S006_blocked_s,blocked,549,34.4
5,S006_blocked_s,blocked,550,34.9
5,S006_blocked_s,blocked,551,34.4
5,S006_blocked_s,blocked,552,34.4
5,S006_blocked_s,blocked,553,34.8
5,S006_blocked_s,blocked,554,34.6
5,S006_blocked_s,blocked,555,34.2
5,S006_blocked_s,blocked,556,34.9
5,S006_blocked_s,blocked,557,34.6
5,S006_blocked_s,blocked,558,35.1
5,S006_blocked_s,blocked,559,34.8
5,S006_blocked_s,blocked,560,34.8
5,S006_blocked_s,blocked,561,35.0
5,S006_blocked_s,blocked,562,35.2
5,S006_blocked_s,blocked,563,35.2
5,S006_blocked_s,blocked,564,34.9
5,S006_blocked_s,blocked,565,35.0
5,S006_blocked_s,blocked,566,35.3
5,S006_blocked_s,blocked,567,35.0
5,S006_blocked_s,blocked,568,34.9
5,S006_blocked_s,blocked,569,35.1
5,S006_blocked_s,blocked,570,35.1
5,S006_blocked_s,blocked,571,35.1
5,S006_blocked_s,blocked,572,34.9
5,S006_blocked_s,blocked,573,35.1
5,S006_blocked_s,blocked,574,35.4
5,S006_blocked_s,blocked,575,35.4
5,S006_blocked_s,blocked,576,35.6
5,S006_blocked_s,blocked,577,35.7
5,S006_blocked_s,blocked,578,34.8
5,S006_blocked_s,blocked,579,35.3
5,S006_blocked_s,blocked,580,35.7
5,S006_blocked_s,blocked,581,35.0
5,S006_blocked_s,blocked,582,35.5
5,S006_blocked_s,blocked,583,35.6
5,S006_blocked_s,blocked,584,35.7
5,S006_blocked_s,blocked,585,36.0
5,S006_blocked_s,blocked,586,36.1
5,S006_blocked_s,blocked,587,36.0
5,S006_blocked_s,blocked,588,35.8
5,S006_blocked_s,blocked,589,35.9
5,S006_blocked_s,blocked,590,35.8
5,S006_blocked_s,blocked,591,35.8
5,S006_blocked_s,blocked,592,36.1
5,S006_blocked_s,blocked,593,35.5
5,S006_blocked_s,blocked,594,36.3
5,S006_blocked_s,blocked,595,36.1
5,S006_blocked_s,blocked,596,36.4
5,S006_blocked_s,blocked,597,35.8
5,S006_blocked_s,blocked,598,36.4
5,S006_blocked_s,blocked,599,36.3
5,S006_blocked_s,blocked,600,36.6
5,S006_blocked_s,blocked,601,36.3
5,S006_blocked_s,blocked,602,36.2
5,S006_blocked_s,blocked,603,35.9
5,S006_blocked_s,blocked,604,35.9
5,S006_blocked_s,blocked,605,36.1
5,S006_blocked_s,blocked,606,36.7
5,S006_blocked_s,blocked,607,36.5
5,S006_blocked_s,blocked,608,36.6
5,S006_blocked_s,blocked,609,36.0
5,S006_blocked_s,blocked,610,36.1
5,S006_blocked_s,blocked,611,36.7
5,S006_blocked_s,blocked,612,36.4
5,S006_blocked_s,blocked,613,36.5
5,S006_blocked_s,blocked,614,36.4
5,S006_blocked_s,blocked,615,36.8
5,S006_blocked_s,blocked,616,36.7
5,S006_blocked_s,blocked,617,37.0
5,S006_blocked_s,blocked,618,36.9
5,S006_blocked_s,blocked,619,36.6
5,S006_blocked_s,blocked,620,37.0
5,S006_blocked_s,blocked,621,36.9
5,S006_blocked_s,blocked,622,36.8
5,S006_blocked_s,blocked,623,37.2
5,S006_blocked_s,blocked,624,36.6
5,S006_blocked_s,blocked,625,37.0
5,S006_blocked_s,blocked,626,37.2
5,S006_blocked_s,blocked,627,36.9
5,S006_blocked_s,blocked,628,37.2
5,S006_blocked_s,blocked,629,37.7
5,S006_blocked_s,blocked,630,37.1
5,S006_blocked_s,blocked,631,37.7
5,S006_blocked_s,blocked,632,37.5
5,S006_blocked_s,blocked,633,37.5
5,S006_blocked_s,blocked,634,37.4
5,S006_blocked_s,blocked,635,37.3
5,S006_blocked_s,blocked,636,37.4
5,S006_blocked_s,blocked,637,37.4
5,S006_blocked_s,blocked,638,37.2
5,S006_blocked_s,blocked,639,37.3
5,S006_blocked_s,blocked,640,37.7
5,S006_blocked_s,blocked,641,37.7
5,S006_blocked_s,blocked,642,37.4
5,S006_blocked_s,blocked,643,37.5
5,S006_blocked_s,blocked,644,37.2
5,S006_blocked_s,blocked,645,37.4
5,S006_blocked_s,blocked,646,37.2
5,S006_blocked_s,blocked,647,37.9
5,S006_blocked_s,blocked,648,37.7
5,S006_blocked_s,blocked,649,37.8
5,S006_blocked_s,blocked,650,37.6
5,S006_blocked_s,blocked,651,37.6
5,S006_blocked_s,blocked,652,37.8
5,S006_blocked_s,blocked,653,37.6
5,S006_blocked_s,blocked,654,37.5
5,S006_blocked_s,blocked,655,37.4
5,S006_blocked_s,blocked,656,37.7
5,S006_blocked_s,blocked,657,37.6
5,S006_blocked_s,blocked,658,37.9
5,S006_blocked_s,blocked,659,38.1
5,S006_blocked_s,blocked,660,38.0
5,S006_blocked_s,blocked,661,38.1
5,S006_blocked_s,blocked,662,37.9
5,S006_blocked_s,blocked,663,37.5
5,S006_blocked_s,blocked,664,37.4
5,S006_blocked_s,blocked,665,38.1
5,S006_blocked_s,blocked,666,37.9
5,S006_blocked_s,blocked,667,38.1
5,S006_blocked_s,blocked,668,38.0
5,S006_blocked_s,blocked,669,37.8
5,S006_blocked_s,blocked,670,38.5
5,S006_blocked_s,blocked,671,38.2
5,S006_blocked_s,blocked,672,38.5
5,S006_blocked_s,blocked,673,38.1
5,S006_blocked_s,blocked,674,38.5
5,S006_blocked_s,blocked,675,38.2
5,S006_blocked_s,blocked,676,38.1
5,S006_blocked_s,blocked,677,38.2
5,S006_blocked_s,blocked,678,38.2
5,S006_blocked_s,blocked,679,38.6
5,S006_blocked_s,blocked,680,38.5
5,S006_blocked_s,blocked,681,38.1
5,S006_blocked_s,blocked,682,38.6
5,S006_blocked_s,blocked,683,38.4
5,S006_blocked_s,blocked,684,38.2
5,S006_blocked_s,blocked,685,38.3
5,S006_blocked_s,blocked,686,38.6
5,S006_blocked_s,blocked,687,38.3
5,S006_blocked_s,blocked,688,38.8
5,S006_blocked_s,blocked,689,38.9
5,S006_blocked_s,blocked,690,38.5
5,S006_blocked_s,blocked,691,38.9
5,S006_blocked_s,blocked,692,38.3
5,S006_blocked_s,blocked,693,38.1
5,S006_blocked_s,blocked,694,39.2
5,S006_blocked_s,blocked,695,38.7
5,S006_blocked_s,blocked,696,39.1
5,S006_blocked_s,blocked,697,38.6
5,S006_blocked_s,blocked,698,38.8
5,S006_blocked_s,blocked,699,39.0
5,S006_blocked_s,blocked,700,39.0
5,S006_blocked_s,blocked,701,39.2
5,S006_blocked_s,blocked,702,39.1
5,S006_blocked_s,blocked,703,39.0
5,S006_blocked_s,blocked,704,38.2
5,S006_blocked_s,blocked,705,38.8
5,S006_blocked_s,blocked,706,39.4
5,S006_blocked_s,blocked,707,38.6
5,S006_blocked_s,blocked,708,38.7
5,S006_blocked_s,blocked,709,38.7
5,S006_blocked_s,blocked,710,39.2
5,S006_blocked_s,blocked,711,39.4
5,S006_blocked_s,blocked,712,38.8
5,S006_blocked_s,blocked,713,39.1
5,S006_blocked_s,blocked,714,39.4
5,S006_blocked_s,blocked,715,39.1
5,S006_blocked_s,blocked,716,38.6
5,S006_blocked_s,blocked,717,39.5
5,S006_blocked_s,blocked,718,39.6
5,S006_blocked_s,blocked,719,39.8
5,S006_blocked_s,blocked,720,39.2
5,S006_blocked_s,blocked,721,39.6
5,S006_blocked_s,blocked,722,39.2
5,S006_blocked_s,blocked,723,39.0
5,S006_blocked_s,blocked,724,39.2
5,S006_blocked_s,blocked,725,39.3
5,S006_blocked_s,blocked,726,39.5
5,S006_blocked_s,blocked,727,39.0
5,S006_blocked_s,blocked,728,39.1
5,S006_blocked_s,blocked,729,39.7
5,S006_blocked_s,blocked,730,39.3
5,S006_blocked_s,blocked,731,39.6
5,S006_blocked_s,blocked,732,39.5
5,S006_blocked_s,blocked,733,39.5
5,S006_blocked_s,blocked,734,39.3
5,S006_blocked_s,blocked,735,39.8
5,S006_blocked_s,blocked,736,39.8
5,S006_blocked_s,blocked,737,40.0
5,S006_blocked_s,blocked,738,39.5
5,S006_blocked_s,blocked,739,39.7
5,S006_blocked_s,blocked,740,39.6
5,S006_blocked_s,blocked,741,40.1
5,S006_blocked_s,blocked,742,39.9
5,S006_blocked_s,blocked,743,39.7
5,S006_blocked_s,blocked,744,40.0
5,S006_blocked_s,blocked,745,39.8
5,S006_blocked_s,blocked,746,39.6
5,S006_blocked_s,blocked,747,39.7
5,S006_blocked_s,blocked,748,39.7
5,S006_blocked_s,blocked,749,40.2
5,S006_blocked_s,blocked,750,40.0
5,S006_blocked_s,blocked,751,39.5
5,S006_blocked_s,blocked,752,39.9
5,S006_blocked_s,blocked,753,39.9
5,S006_blocked_s,blocked,754,39.7
5,S006_blocked_s,blocked,755,40.0
5,S006_blocked_s,blocked,756,39.5
5,S006_blocked_s,blocked,757,40.3
5,S006_blocked_s,blocked,758,39.7
5,S006_blocked_s,blocked,759,39.6
5,S006_blocked_s,blocked,760,40.2
5,S006_blocked_s,blocked,761,39.8
5,S006_blocked_s,blocked,762,40.3
5,S006_blocked_s,blocked,763,39.8
5,S006_blocked_s,blocked,764,40.6
5,S006_blocked_s,blocked,765,40.3
5,S006_blocked_s,blocked,766,40.1
5,S006_blocked_s,blocked,767,40.5
5,S006_blocked_s,blocked,768,39.9
5,S006_blocked_s,blocked,769,40.1
5,S006_blocked_s,blocked,770,40.1
5,S006_blocked_s,blocked,771,40.4
5,S006_blocked_s,blocked,772,40.5
5,S006_blocked_s,blocked,773,40.1
5,S006_blocked_s,blocked,774,40.6
5,S006_blocked_s,blocked,775,40.1
5,S006_blocked_s,blocked,776,40.8
5,S006_blocked_s,blocked,777,40.4
5,S006_blocked_s,blocked,778,40.4
5,S006_blocked_s,blocked,779,40.1
5,S006_blocked_s,blocked,780,40.3
5,S006_blocked_s,blocked,781,40.4
5,S006_blocked_s,blocked,782,40.3
5,S006_blocked_s,blocked,783,40.0
5,S006_blocked_s,blocked,784,40.7
5,S006_blocked_s,blocked,785,40.5
5,S006_blocked_s,blocked,786,40.6
5,S006_blocked_s,blocked,787,40.9
5,S006_blocked_s,blocked,788,40.3
5,S006_blocked_s,blocked,789,40.5
5,S006_blocked_s,blocked,790,40.7
5,S006_blocked_s,blocked,791,40.5
5,S006_blocked_s,blocked,792,40.8
5,S006_blocked_s,blocked,793,40.6
5,S006_blocked_s,blocked,794,40.0
5,S006_blocked_s,blocked,795,40.9
5,S006_blocked_s,blocked,796,40.3
5,S006_blocked_s,blocked,797,41.1
5,S006_blocked_s,blocked,798,40.4
5,S006_blocked_s,blocked,799,40.2
5,S006_blocked_s,blocked,800,41.0
5,S006_blocked_s,blocked,801,40.7
5,S006_blocked_s,blocked,802,41.0
5,S006_blocked_s,blocked,803,40.8
5,S006_blocked_s,blocked,804,40.8
5,S006_blocked_s,blocked,805,41.0
5,S006_blocked_s,blocked,806,41.0
5,S006_blocked_s,blocked,807,41.0
5,S006_blocked_s,blocked,808,41.2
5,S006_blocked_s,blocked,809,41.0
5,S006_blocked_s,blocked,810,40.7
5,S006_blocked_s,blocked,811,41.1
5,S006_blocked_s,blocked,812,40.7
5,S006_blocked_s,blocked,813,40.7
5,S006_blocked_s,blocked,814,40.5
5,S006_blocked_s,blocked,815,40.8
5,S006_blocked_s,blocked,816,40.8
5,S006_blocked_s,blocked,817,41.5
5,S006_blocked_s,blocked,818,41.2
5,S006_blocked_s,blocked,819,41.2
5,S006_blocked_s,blocked,820,41.2
5,S006_blocked_s,blocked,821,40.6
5,S006_blocked_s,blocked,822,41.5
5,S006_blocked_s,blocked,823,41.3
5,S006_blocked_s,blocked,824,40.9
5,S006_blocked_s,blocked,825,41.5
5,S006_blocked_s,blocked,826,40.9
5,S006_blocked_s,blocked,827,41.1
5,S006_blocked_s,blocked,828,40.9
5,S006_blocked_s,blocked,829,41.0
5,S006_blocked_s,blocked,830,40.9
5,S006_blocked_s,blocked,831,41.0
5,S006_blocked_s,blocked,832,41.2
5,S006_blocked_s,blocked,833,41.1
5,S006_blocked_s,blocked,834,41.0
5,S006_blocked_s,blocked,835,41.3
5,S006_blocked_s,blocked,836,41.6
5,S006_blocked_s,blocked,837,41.4
5,S006_blocked_s,blocked,838,41.4
5,S006_blocked_s,blocked,839,41.7
5,S006_blocked_s,blocked,840,41.7
5,S006_blocked_s,blocked,841,40.8
5,S006_blocked_s,blocked,842,41.1
5,S006_blocked_s,blocked,843,41.7
5,S006_blocked_s,blocked,844,41.1
5,S006_blocked_s,blocked,845,41.5
5,S006_blocked_s,blocked,846,41.9
5,S006_blocked_s,blocked,847,41.2
5,S006_blocked_s,blocked,848,41.4
5,S006_blocked_s,blocked,849,41.2
5,S006_blocked_s,blocked,850,41.4
5,S006_blocked_s,blocked,851,41.6
5,S006_blocked_s,blocked,852,41.7
5,S006_blocked_s,blocked,853,41.5
5,S006_blocked_s,blocked,854,41.5
5,S006_blocked_s,blocked,855,41.6
5,S006_blocked_s,blocked,856,41.7
5,S006_blocked_s,blocked,857,41.4
5,S006_blocked_s,blocked,858,42.2
5,S006_blocked_s,blocked,859,41.7
5,S006_blocked_s,blocked,860,41.3
5,S006_blocked_s,blocked,861,41.3
5,S006_blocked_s,blocked,862,41.9
5,S006_blocked_s,blocked,863,41.7
5,S006_blocked_s,blocked,864,41.6
5,S006_blocked_s,blocked,865,41.5
5,S006_blocked_s,blocked,866,41.7
5,S006_blocked_s,blocked,867,42.1
5,S006_blocked_s,blocked,868,41.9
5,S006_blocked_s,blocked,869,41.6
5,S006_blocked_s,blocked,870,41.5
5,S006_blocked_s,blocked,871,41.7
5,S006_blocked_s,blocked,872,41.2
5,S006_blocked_s,blocked,873,42.1
5,S006_blocked_s,blocked,874,41.8
5,S006_blocked_s,blocked,875,41.5
5,S006_blocked_s,blocked,876,41.9
5,S006_blocked_s,blocked,877,42.4
5,S006_blocked_s,blocked,878,41.8
5,S006_blocked_s,blocked,879,42.3
5,S006_blocked_s,blocked,880,42.2
5,S006_blocked_s,blocked,881,41.9
5,S006_blocked_s,blocked,882,41.8
5,S006_blocked_s,blocked,883,41.9
5,S006_blocked_s,blocked,884,42.0
5,S006_blocked_s,blocked,885,41.9
5,S006_blocked_s,blocked,886,42.4
5,S006_blocked_s,blocked,887,42.3
5,S006_blocked_s,blocked,888,42.2
5,S006_blocked_s,blocked,889,41.7
5,S006_blocked_s,blocked,890,42.0
5,S006_blocked_s,blocked,891,42.3
5,S006_blocked_s,blocked,892,41.9
5,S006_blocked_s,blocked,893,42.3
5,S006_blocked_s,blocked,894,42.3
5,S006_blocked_s,blocked,895,42.3
5,S006_blocked_s,blocked,896,42.0
5,S006_blocked_s,blocked,897,42.1
5,S006_blocked_s,blocked,898,42.0
5,S006_blocked_s,blocked,899,42.2
5,S006_blocked_s,blocked,900,41.8
5,S006_blocked_s,blocked,901,42.3
5,S006_blocked_s,blocked,902,42.4
5,S006_blocked_s,blocked,903,41.9
5,S006_blocked_s,blocked,904,42.1
5,S006_blocked_s,blocked,905,41.9
5,S006_blocked_s,blocked,906,42.3
5,S006_blocked_s,blocked,907,41.8
5,S006_blocked_s,blocked,908,42.2
5,S006_blocked_s,blocked,909,42.2
5,S006_blocked_s,blocked,910,41.8
5,S006_blocked_s,blocked,911,42.2
5,S006_blocked_s,blocked,912,41.8
5,S006_blocked_s,blocked,913,42.5
5,S006_blocked_s,blocked,914,42.7
5,S006_blocked_s,blocked,915,42.5
5,S006_blocked_s,blocked,916,42.3
5,S006_blocked_s,blocked,917,42.1
5,S006_blocked_s,blocked,918,42.5
5,S006_blocked_s,blocked,919,42.7
5,S006_blocked_s,blocked,920,42.7
5,S006_blocked_s,blocked,921,42.5
5,S006_blocked_s,blocked,922,42.3
5,S006_blocked_s,blocked,923,42.3
5,S006_blocked_s,blocked,924,42.7
5,S006_blocked_s,blocked,925,42.6
5,S006_blocked_s,blocked,926,42.1
5,S006_blocked_s,blocked,927,42.6
5,S006_blocked_s,blocked,928,42.4
5,S006_blocked_s,blocked,929,42.6
5,S006_blocked_s,blocked,930,42.4
5,S006_blocked_s,blocked,931,42.6
5,S006_blocked_s,blocked,932,42.6
5,S006_blocked_s,blocked,933,42.3
5,S006_blocked_s,blocked,934,42.7
5,S006_blocked_s,blocked,935,42.9
5,S006_blocked_s,blocked,936,42.4
5,S006_blocked_s,blocked,937,42.4
5,S006_blocked_s,blocked,938,42.3
5,S006_blocked_s,blocked,939,43.0
5,S006_blocked_s,blocked,940,42.1
5,S006_blocked_s,blocked,941,42.3
5,S006_blocked_s,blocked,942,42.8
5,S006_blocked_s,blocked,943,42.8
5,S006_blocked_s,blocked,944,42.6
5,S006_blocked_s,blocked,945,43.0
5,S006_blocked_s,blocked,946,42.7
5,S006_blocked_s,blocked,947,42.3
5,S006_blocked_s,blocked,948,42.6
5,S006_blocked_s,blocked,949,42.6
5,S006_blocked_s,blocked,950,42.5
5,S006_blocked_s,blocked,951,42.8
5,S006_blocked_s,blocked,952,42.3
5,S006_blocked_s,blocked,953,42.9
5,S006_blocked_s,blocked,954,42.9
5,S006_blocked_s,blocked,955,42.8
5,S006_blocked_s,blocked,956,42.7
5,S006_blocked_s,blocked,957,42.5
5,S006_blocked_s,blocked,958,43.0
5,S006_blocked_s,blocked,959,42.5
5,S006_blocked_s,blocked,960,42.8
5,S006_blocked_s,blocked,961,43.2
5,S006_blocked_s,blocked,962,42.4
5,S006_blocked_s,blocked,963,42.7
5,S006_blocked_s,blocked,964,43.0
5,S006_blocked_s,blocked,965,42.6
5,S006_blocked_s,blocked,966,43.0
5,S006_blocked_s,blocked,967,42.8
5,S006_blocked_s,blocked,968,42.8
5,S006_blocked_s,blocked,969,43.0
5,S006_blocked_s,blocked,970,43.0
5,S006_blocked_s,blocked,971,42.5
5,S006_blocked_s,blocked,972,42.9
5,S006_blocked_s,blocked,973,42.6
5,S006_blocked_s,blocked,974,43.1
5,S006_blocked_s,blocked,975,42.9
5,S006_blocked_s,blocked,976,42.7
5,S006_blocked_s,blocked,977,42.7
5,S006_blocked_s,blocked,978,43.0
5,S006_blocked_s,blocked,979,43.0
5,S006_blocked_s,blocked,980,43.2
5,S006_blocked_s,blocked,981,42.6
5,S006_blocked_s,blocked,982,43.2
5,S006_blocked_s,blocked,983,43.2
5,S006_blocked_s,blocked,984,43.0
5,S006_blocked_s,blocked,985,43.1
5,S006_blocked_s,blocked,986,42.8
5,S006_blocked_s,blocked,987,42.8
5,S006_blocked_s,blocked,988,43.3
5,S006_blocked_s,blocked,989,42.9
5,S006_blocked_s,blocked,990,43.4
5,S006_blocked_s,blocked,991,43.1
5,S006_blocked_s,blocked,992,42.8
5,S006_blocked_s,blocked,993,43.0
5,S006_blocked_s,blocked,994,43.1
5,S006_blocked_s,blocked,995,43.1
5,S006_blocked_s,blocked,996,43.2
5,S006_blocked_s,blocked,997,43.3
5,S006_blocked_s,blocked,998,43.1
5,S006_blocked_s,blocked,999,42.8
5,S006_blocked_s,blocked,1000,43.3
5,S006_blocked_s,blocked,1001,43.0
5,S006_blocked_s,blocked,1002,43.9
5,S006_blocked_s,blocked,1003,43.7
5,S006_blocked_s,blocked,1004,43.1
5,S006_blocked_s,blocked,1005,43.9
5,S006_blocked_s,blocked,1006,43.3
5,S006_blocked_s,blocked,1007,43.5
5,S006_blocked_s,blocked,1008,43.1
5,S006_blocked_s,blocked,1009,42.9
5,S006_blocked_s,blocked,1010,43.6
5,S006_blocked_s,blocked,1011,43.2
5,S006_blocked_s,blocked,1012,43.2
5,S006_blocked_s,blocked,1013,43.5
5,S006_blocked_s,blocked,1014,43.3
5,S006_blocked_s,blocked,1015,43.6
5,S006_blocked_s,blocked,1016,43.3
5,S006_blocked_s,blocked,1017,43.2
5,S006_blocked_s,blocked,1018,43.0
5,S006_blocked_s,blocked,1019,43.4
5,S006_blocked_s,blocked,1020,43.6
5,S006_blocked_s,blocked,1021,43.4
5,S006_blocked_s,blocked,1022,43.2
5,S006_blocked_s,blocked,1023,43.2
5,S006_blocked_s,blocked,1024,43.3
5,S006_blocked_s,blocked,1025,43.1
5,S006_blocked_s,blocked,1026,43.5
5,S006_blocked_s,blocked,1027,43.5
5,S006_blocked_s,blocked,1028,43.3
5,S006_blocked_s,blocked,1029,43.0
5,S006_blocked_s,blocked,1030,43.4
5,S006_blocked_s,blocked,1031,43.7
5,S006_blocked_s,blocked,1032,43.7
5,S006_blocked_s,blocked,1033,43.9
5,S006_blocked_s,blocked,1034,43.1
5,S006_blocked_s,blocked,1035,43.5
5,S006_blocked_s,blocked,1036,43.5
5,S006_blocked_s,blocked,1037,43.8
5,S006_blocked_s,blocked,1038,43.0
5,S006_blocked_s,blocked,1039,43.4
5,S006_blocked_s,blocked,1040,42.8
5,S006_blocked_s,blocked,1041,43.5
5,S006_blocked_s,blocked,1042,43.2
5,S006_blocked_s,blocked,1043,43.7
5,S006_blocked_s,blocked,1044,43.4
5,S006_blocked_s,blocked,1045,43.5
5,S006_blocked_s,blocked,1046,43.6
5,S006_blocked_s,blocked,1047,43.5
5,S006_blocked_s,blocked,1048,43.6
5,S006_blocked_s,blocked,1049,43.3
5,S006_blocked_s,blocked,1050,43.4
5,S006_blocked_s,blocked,1051,43.8
5,S006_blocked_s,blocked,1052,43.3
5,S006_blocked_s,blocked,1053,43.6
5,S006_blocked_s,blocked,1054,43.5
5,S006_blocked_s,blocked,1055,43.8
5,S006_blocked_s,blocked,1056,43.3
5,S006_blocked_s,blocked,1057,43.8
5,S006_blocked_s,blocked,1058,43.5
5,S006_blocked_s,blocked,1059,43.8
5,S006_blocked_s,blocked,1060,43.2
5,S006_blocked_s,blocked,1061,44.4
5,S006_blocked_s,blocked,1062,43.5
5,S006_blocked_s,blocked,1063,44.0
5,S006_blocked_s,blocked,1064,44.1
5,S006_blocked_s,blocked,1065,43.7
5,S006_blocked_s,blocked,1066,43.5
5,S006_blocked_s,blocked,1067,43.1
5,S006_blocked_s,blocked,1068,44.0
5,S006_blocked_s,blocked,1069,44.0
5,S006_blocked_s,blocked,1070,43.7
5,S006_blocked_s,blocked,1071,43.9
5,S006_blocked_s,blocked,1072,44.0
5,S006_blocked_s,blocked,1073,43.4
5,S006_blocked_s,blocked,1074,43.8
5,S006_blocked_s,blocked,1075,43.3
5,S006_blocked_s,blocked,1076,43.7
5,S006_blocked_s,blocked,1077,44.0
5,S006_blocked_s,blocked,1078,43.9
5,S006_blocked_s,blocked,1079,43.7
5,S006_blocked_s,blocked,1080,44.0
5,S006_blocked_s,blocked,1081,43.9
5,S006_blocked_s,blocked,1082,43.7
5,S006_blocked_s,blocked,1083,44.1
5,S006_blocked_s,blocked,1084,44.4
5,S006_blocked_s,blocked,1085,43.5
5,S006_blocked_s,blocked,1086,43.9
5,S006_blocked_s,blocked,1087,44.3
5,S006_blocked_s,blocked,1088,43.9
5,S006_blocked_s,blocked,1089,43.7
5,S006_blocked_s,blocked,1090,44.3
5,S006_blocked_s,blocked,1091,44.0
5,S006_blocked_s,blocked,1092,43.9
5,S006_blocked_s,blocked,1093,43.8
5,S006_blocked_s,blocked,1094,44.1
5,S006_blocked_s,blocked,1095,43.9
5,S006_blocked_s,blocked,1096,43.7
5,S006_blocked_s,blocked,1097,43.7
5,S006_blocked_s,blocked,1098,43.9
5,S006_blocked_s,blocked,1099,44.1
5,S006_blocked_s,blocked,1100,43.7
5,S006_blocked_s,blocked,1101,44.0
5,S006_blocked_s,blocked,1102,44.0
5,S006_blocked_s,blocked,1103,43.8
5,S006_blocked_s,blocked,1104,43.7
5,S006_blocked_s,blocked,1105,43.9
5,S006_blocked_s,blocked,1106,43.9
5,S006_blocked_s,blocked,1107,43.7
5,S006_blocked_s,blocked,1108,43.7
5,S006_blocked_s,blocked,1109,44.0
5,S006_blocked_s,blocked,1110,44.4
5,S006_blocked_s,blocked,1111,44.1
5,S006_blocked_s,blocked,1112,44.6
5,S006_blocked_s,blocked,1113,43.6
5,S006_blocked_s,blocked,1114,44.1
5,S006_blocked_s,blocked,1115,44.3
5,S006_blocked_s,blocked,1116,43.5
5,S006_blocked_s,blocked,1117,44.2
5,S006_blocked_s,blocked,1118,44.0
5,S006_blocked_s,blocked,1119,43.5
5,S006_blocked_s,blocked,1120,44.1
5,S006_blocked_s,blocked,1121,44.1
5,S006_blocked_s,blocked,1122,44.0
5,S006_blocked_s,blocked,1123,44.2
5,S006_blocked_s,blocked,1124,44.1
5,S006_blocked_s,blocked,1125,44.1
5,S006_blocked_s,blocked,1126,43.9
5,S006_blocked_s,blocked,1127,44.2
5,S006_blocked_s,blocked,1128,43.6
5,S006_blocked_s,blocked,1129,44.1
5,S006_blocked_s,blocked,1130,44.4
5,S006_blocked_s,blocked,1131,43.7
5,S006_blocked_s,blocked,1132,44.2
5,S006_blocked_s,blocked,1133,44.3
5,S006_blocked_s,blocked,1134,44.0
5,S006_blocked_s,blocked,1135,44.6
5,S006_blocked_s,blocked,1136,44.1
5,S006_blocked_s,blocked,1137,44.3
5,S006_blocked_s,blocked,1138,44.4
5,S006_blocked_s,blocked,1139,44.2
5,S006_blocked_s,blocked,1140,44.0
5,S006_blocked_s,blocked,1141,44.5
5,S006_blocked_s,blocked,1142,43.9
5,S006_blocked_s,blocked,1143,44.4
5,S006_blocked_s,blocked,1144,44.0
5,S006_blocked_s,blocked,1145,44.3
5,S006_blocked_s,blocked,1146,44.1
5,S006_blocked_s,blocked,1147,44.1
5,S006_blocked_s,blocked,1148,44.4
5,S006_blocked_s,blocked,1149,44.1
5,S006_blocked_s,blocked,1150,44.4
5,S006_blocked_s,blocked,1151,44.7
5,S006_blocked_s,blocked,1152,44.2
5,S006_blocked_s,blocked,1153,44.1
5,S006_blocked_s,blocked,1154,44.5
5,S006_blocked_s,blocked,1155,44.8
5,S006_blocked_s,blocked,1156,44.3
5,S006_blocked_s,blocked,1157,44.3
5,S006_blocked_s,blocked,1158,44.2
5,S006_blocked_s,blocked,1159,43.9
5,S006_blocked_s,blocked,1160,44.2
5,S006_blocked_s,blocked,1161,43.9
5,S006_blocked_s,blocked,1162,44.3
5,S006_blocked_s,blocked,1163,44.4
5,S006_blocked_s,blocked,1164,44.4
5,S006_blocked_s,blocked,1165,44.4
5,S006_blocked_s,blocked,1166,44.2
5,S006_blocked_s,blocked,1167,43.9
5,S006_blocked_s,blocked,1168,43.9
5,S006_blocked_s,blocked,1169,44.3
5,S006_blocked_s,blocked,1170,44.1
5,S006_blocked_s,blocked,1171,44.3
5,S006_blocked_s,blocked,1172,43.9
5,S006_blocked_s,blocked,1173,44.2
5,S006_blocked_s,blocked,1174,44.2
5,S006_blocked_s,blocked,1175,44.1
5,S006_blocked_s,blocked,1176,44.6
5,S006_blocked_s,blocked,1177,44.3
5,S006_blocked_s,blocked,1178,44.5
5,S006_blocked_s,blocked,1179,44.8
5,S006_blocked_s,blocked,1180,44.5
5,S006_blocked_s,blocked,1181,44.9
5,S006_blocked_s,blocked,1182,44.7
5,S006_blocked_s,blocked,1183,44.2
5,S006_blocked_s,blocked,1184,44.2
5,S006_blocked_s,blocked,1185,44.4
5,S006_blocked_s,blocked,1186,44.5
5,S006_blocked_s,blocked,1187,44.3
5,S006_blocked_s,blocked,1188,44.5
5,S006_blocked_s,blocked,1189,44.4
5,S006_blocked_s,blocked,1190,44.2
5,S006_blocked_s,blocked,1191,44.5
5,S006_blocked_s,blocked,1192,44.3
5,S006_blocked_s,blocked,1193,44.3
5,S006_blocked_s,blocked,1194,44.4
5,S006_blocked_s,blocked,1195,44.6
5,S006_blocked_s,blocked,1196,44.7
5,S006_blocked_s,blocked,1197,44.8
5,S006_blocked_s,blocked,1198,44.6
5,S006_blocked_s,blocked,1199,44.4
5,S006_blocked_s,blocked,1200,44.2
5,S006_blocked_s,blocked,1201,44.6
5,S006_blocked_s,blocked,1202,44.2
5,S006_blocked_s,blocked,1203,44.7
5,S006_blocked_s,blocked,1204,44.5
5,S006_blocked_s,blocked,1205,44.3
5,S006_blocked_s,blocked,1206,44.3
5,S006_blocked_s,blocked,1207,43.9
5,S006_blocked_s,blocked,1208,44.9
5,S006_blocked_s,blocked,1209,44.8
5,S006_blocked_s,blocked,1210,43.9
5,S006_blocked_s,blocked,1211,43.7
5,S006_blocked_s,blocked,1212,43.7
5,S006_blocked_s,blocked,1213,44.2
5,S006_blocked_s,blocked,1214,43.8
5,S006_blocked_s,blocked,1215,43.7
5,S006_blocked_s,blocked,1216,44.3
5,S006_blocked_s,blocked,1217,43.5
5,S006_blocked_s,blocked,1218,43.6
5,S006_blocked_s,blocked,1219,43.3
5,S006_blocked_s,blocked,1220,43.4
5,S006_blocked_s,blocked,1221,43.2
5,S006_blocked_s,blocked,1222,43.3
5,S006_blocked_s,blocked,1223,44.0
5,S006_blocked_s,blocked,1224,43.8
5,S006_blocked_s,blocked,1225,43.9
5,S006_blocked_s,blocked,1226,43.6
5,S006_blocked_s,blocked,1227,43.5
5,S006_blocked_s,blocked,1228,43.5
5,S006_blocked_s,blocked,1229,43.6
5,S006_blocked_s,blocked,1230,43.2
5,S006_blocked_s,blocked,1231,43.1
5,S006_blocked_s,blocked,1232,42.9
5,S006_blocked_s,blocked,1233,43.4
5,S006_blocked_s,blocked,1234,42.5
5,S006_blocked_s,blocked,1235,42.8
5,S006_blocked_s,blocked,1236,43.1
5,S006_blocked_s,blocked,1237,43.0
5,S006_blocked_s,blocked,1238,43.3
5,S006_blocked_s,blocked,1239,42.7
5,S006_blocked_s,blocked,1240,42.8
5,S006_blocked_s,blocked,1241,42.3
5,S006_blocked_s,blocked,1242,42.6
5,S006_blocked_s,blocked,1243,42.8
5,S006_blocked_s,blocked,1244,42.9
5,S006_blocked_s,blocked,1245,42.7
5,S006_blocked_s,blocked,1246,42.6
5,S006_blocked_s,blocked,1247,42.6
5,S006_blocked_s,blocked,1248,42.7
5,S006_blocked_s,blocked,1249,42.3
5,S006_blocked_s,blocked,1250,42.6
5,S006_blocked_s,blocked,1251,42.4
5,S006_blocked_s,blocked,1252,42.3
5,S006_blocked_s,blocked,1253,42.0
5,S006_blocked_s,blocked,1254,42.5
5,S006_blocked_s,blocked,1255,42.0
5,S006_blocked_s,blocked,1256,42.4
5,S006_blocked_s,blocked,1257,42.1
5,S006_blocked_s,blocked,1258,41.8
5,S006_blocked_s,blocked,1259,42.3
5,S006_blocked_s,blocked,1260,41.8
5,S006_blocked_s,blocked,1261,41.9
5,S006_blocked_s,blocked,1262,42.0
5,S006_blocked_s,blocked,1263,41.5
5,S006_blocked_s,blocked,1264,41.8
5,S006_blocked_s,blocked,1265,41.2
5,S006_blocked_s,blocked,1266,41.7
5,S006_blocked_s,blocked,1267,41.9
5,S006_blocked_s,blocked,1268,42.1
5,S006_blocked_s,blocked,1269,42.1
5,S006_blocked_s,blocked,1270,41.3
5,S006_blocked_s,blocked,1271,41.8
5,S006_blocked_s,blocked,1272,41.3
5,S006_blocked_s,blocked,1273,41.6
5,S006_blocked_s,blocked,1274,41.5
5,S006_blocked_s,blocked,1275,41.6
5,S006_blocked_s,blocked,1276,41.1
5,S006_blocked_s,blocked,1277,41.4
5,S006_blocked_s,blocked,1278,41.5
5,S006_blocked_s,blocked,1279,41.3
5,S006_blocked_s,blocked,1280,41.4
5,S006_blocked_s,blocked,1281,41.4
5,S006_blocked_s,blocked,1282,41.1
5,S006_blocked_s,blocked,1283,41.3
5,S006_blocked_s,blocked,1284,40.7
5,S006_blocked_s,blocked,1285,41.3
5,S006_blocked_s,blocked,1286,41.1
5,S006_blocked_s,blocked,1287,41.2
5,S006_blocked_s,blocked,1288,41.0
5,S006_blocked_s,blocked,1289,40.8
5,S006_blocked_s,blocked,1290,41.0
5,S006_blocked_s,blocked,1291,41.0
5,S006_blocked_s,blocked,1292,41.1
5,S006_blocked_s,blocked,1293,40.7
5,S006_blocked_s,blocked,1294,40.6
5,S006_blocked_s,blocked,1295,40.8
5,S006_blocked_s,blocked,1296,41.0
5,S006_blocked_s,blocked,1297,40.5
5,S006_blocked_s,blocked,1298,40.9
5,S006_blocked_s,blocked,1299,40.5
5,S006_blocked_s,blocked,1300,40.1
5,S006_blocked_s,blocked,1301,40.3
5,S006_blocked_s,blocked,1302,40.6
5,S006_blocked_s,blocked,1303,40.7
5,S006_blocked_s,blocked,1304,40.6
5,S006_blocked_s,blocked,1305,40.1
5,S006_blocked_s,blocked,1306,40.1
5,S006_blocked_s,blocked,1307,40.3
5,S006_blocked_s,blocked,1308,40.4
5,S006_blocked_s,blocked,1309,40.8
5,S006_blocked_s,blocked,1310,40.2
5,S006_blocked_s,blocked,1311,40.6
5,S006_blocked_s,blocked,1312,40.2
5,S006_blocked_s,blocked,1313,39.9
5,S006_blocked_s,blocked,1314,39.9
5,S006_blocked_s,blocked,1315,40.1
5,S006_blocked_s,blocked,1316,40.2
5,S006_blocked_s,blocked,1317,40.3
5,S006_blocked_s,blocked,1318,40.0
5,S006_blocked_s,blocked,1319,40.0
5,S006_blocked_s,blocked,1320,39.6
5,S006_blocked_s,blocked,1321,40.5
5,S006_blocked_s,blocked,1322,39.7
5,S006_blocked_s,blocked,1323,40.2
5,S006_blocked_s,blocked,1324,39.5
5,S006_blocked_s,blocked,1325,39.7
5,S006_blocked_s,blocked,1326,39.6
5,S006_blocked_s,blocked,1327,39.6
5,S006_blocked_s,blocked,1328,39.7
5,S006_blocked_s,blocked,1329,39.6
5,S006_blocked_s,blocked,1330,39.6
5,S006_blocked_s,blocked,1331,39.4
5,S006_blocked_s,blocked,1332,40.0
5,S006_blocked_s,blocked,1333,39.1
5,S006_blocked_s,blocked,1334,39.3
5,S006_blocked_s,blocked,1335,39.7
5,S006_blocked_s,blocked,1336,39.3
5,S006_blocked_s,blocked,1337,39.0
5,S006_blocked_s,blocked,1338,39.4
5,S006_blocked_s,blocked,1339,39.2
5,S006_blocked_s,blocked,1340,39.1
5,S006_blocked_s,blocked,1341,39.2
5,S006_blocked_s,blocked,1342,39.8
5,S006_blocked_s,blocked,1343,39.3
5,S006_blocked_s,blocked,1344,39.3
5,S006_blocked_s,blocked,1345,39.6
5,S006_blocked_s,blocked,1346,39.2
5,S006_blocked_s,blocked,1347,39.4
5,S006_blocked_s,blocked,1348,38.5
5,S006_blocked_s,blocked,1349,38.8
5,S006_blocked_s,blocked,1350,38.9
5,S006_blocked_s,blocked,1351,38.8
5,S006_blocked_s,blocked,1352,38.8
5,S006_blocked_s,blocked,1353,38.7
5,S006_blocked_s,blocked,1354,38.8
5,S006_blocked_s,blocked,1355,39.6
5,S006_blocked_s,blocked,1356,38.8
5,S006_blocked_s,blocked,1357,38.6
5,S006_blocked_s,blocked,1358,38.9
5,S006_blocked_s,blocked,1359,38.7
5,S006_blocked_s,blocked,1360,38.3
5,S006_blocked_s,blocked,1361,38.3
5,S006_blocked_s,blocked,1362,38.2
5,S006_blocked_s,blocked,1363,38.4
5,S006_blocked_s,blocked,1364,38.3
5,S006_blocked_s,blocked,1365,38.5
5,S006_blocked_s,blocked,1366,38.5
5,S006_blocked_s,blocked,1367,38.8
5,S006_blocked_s,blocked,1368,38.3
5,S006_blocked_s,blocked,1369,38.8
5,S006_blocked_s,blocked,1370,37.8
5,S006_blocked_s,blocked,1371,38.4
5,S006_blocked_s,blocked,1372,38.4
5,S006_blocked_s,blocked,1373,38.3
5,S006_blocked_s,blocked,1374,38.0
5,S006_blocked_s,blocked,1375,37.8
5,S006_blocked_s,blocked,1376,38.2
5,S006_blocked_s,blocked,1377,38.2
5,S006_blocked_s,blocked,1378,38.2
5,S006_blocked_s,blocked,1379,38.0
5,S006_blocked_s,blocked,1380,37.7
5,S006_blocked_s,blocked,1381,38.2
5,S006_blocked_s,blocked,1382,37.5
5,S006_blocked_s,blocked,1383,37.7
5,S006_blocked_s,blocked,1384,38.2
5,S006_blocked_s,blocked,1385,37.9
5,S006_blocked_s,blocked,1386,37.5
5,S006_blocked_s,blocked,1387,37.7
5,S006_blocked_s,blocked,1388,37.7
5,S006_blocked_s,blocked,1389,37.9
5,S006_blocked_s,blocked,1390,37.6
5,S006_blocked_s,blocked,1391,37.5
5,S006_blocked_s,blocked,1392,37.0
5,S006_blocked_s,blocked,1393,37.7
5,S006_blocked_s,blocked,1394,37.5
5,S006_blocked_s,blocked,1395,37.5
5,S006_blocked_s,blocked,1396,37.1
5,S006_blocked_s,blocked,1397,37.2
5,S006_blocked_s,blocked,1398,37.2
5,S006_blocked_s,blocked,1399,36.9
5,S006_blocked_s,blocked,1400,37.2
5,S006_blocked_s,blocked,1401,37.3
5,S006_blocked_s,blocked,1402,37.4
5,S006_blocked_s,blocked,1403,37.3
5,S006_blocked_s,blocked,1404,36.8
5,S006_blocked_s,blocked,1405,37.1
5,S006_blocked_s,blocked,1406,37.8
5,S006_blocked_s,blocked,1407,36.8
5,S006_blocked_s,blocked,1408,37.0
5,S006_blocked_s,blocked,1409,37.3
5,S006_blocked_s,blocked,1410,37.4
5,S006_blocked_s,blocked,1411,37.4
5,S006_blocked_s,blocked,1412,37.0
5,S006_blocked_s,blocked,1413,37.2
5,S006_blocked_s,blocked,1414,37.2
5,S006_blocked_s,blocked,1415,37.0
5,S006_blocked_s,blocked,1416,36.8
5,S006_blocked_s,blocked,1417,36.9
5,S006_blocked_s,blocked,1418,36.7
5,S006_blocked_s,blocked,1419,36.7
5,S006_blocked_s,blocked,1420,37.0
5,S006_blocked_s,blocked,1421,36.6
5,S006_blocked_s,blocked,1422,36.8
5,S006_blocked_s,blocked,1423,36.7
5,S006_blocked_s,blocked,1424,36.9
5,S006_blocked_s,blocked,1425,36.2
5,S006_blocked_s,blocked,1426,36.6
5,S006_blocked_s,blocked,1427,36.6
5,S006_blocked_s,blocked,1428,36.1
5,S006_blocked_s,blocked,1429,36.5
5,S006_blocked_s,blocked,1430,36.6
5,S006_blocked_s,blocked,1431,36.1
5,S006_blocked_s,blocked,1432,36.3
5,S006_blocked_s,blocked,1433,36.1
5,S006_blocked_s,blocked,1434,36.6
5,S006_blocked_s,blocked,1435,36.5
5,S006_blocked_s,blocked,1436,36.2
5,S006_blocked_s,blocked,1437,36.1
5,S006_blocked_s,blocked,1438,36.2
5,S006_blocked_s,blocked,1439,36.4
5,S006_blocked_s,blocked,1440,36.1
5,S006_blocked_s,blocked,1441,36.2
5,S006_blocked_s,blocked,1442,35.9
5,S006_blocked_s,blocked,1443,36.3
5,S006_blocked_s,blocked,1444,35.9
5,S006_blocked_s,blocked,1445,36.4
5,S006_blocked_s,blocked,1446,36.3
5,S006_blocked_s,blocked,1447,36.2
5,S006_blocked_s,blocked,1448,36.4
5,S006_blocked_s,blocked,1449,36.3
5,S006_blocked_s,blocked,1450,35.7
5,S006_blocked_s,blocked,1451,36.0
5,S006_blocked_s,blocked,1452,36.0
5,S006_blocked_s,blocked,1453,35.8
5,S006_blocked_s,blocked,1454,35.9
5,S006_blocked_s,blocked,1455,36.2
5,S006_blocked_s,blocked,1456,36.1
5,S006_blocked_s,blocked,1457,36.2
5,S006_blocked_s,blocked,1458,35.8
5,S006_blocked_s,blocked,1459,35.8
5,S006_blocked_s,blocked,1460,35.7
5,S006_blocked_s,blocked,1461,35.6
5,S006_blocked_s,blocked,1462,35.9
5,S006_blocked_s,blocked,1463,35.6
5,S006_blocked_s,blocked,1464,35.3
5,S006_blocked_s,blocked,1465,35.5
5,S006_blocked_s,blocked,1466,35.2
5,S006_blocked_s,blocked,1467,35.2
5,S006_blocked_s,blocked,1468,35.2
5,S006_blocked_s,blocked,1469,35.2
5,S006_blocked_s,blocked,1470,36.0
5,S006_blocked_s,blocked,1471,35.3
5,S006_blocked_s,blocked,1472,35.0
5,S006_blocked_s,blocked,1473,35.3
5,S006_blocked_s,blocked,1474,35.4
5,S006_blocked_s,blocked,1475,34.9
5,S006_blocked_s,blocked,1476,35.3
5,S006_blocked_s,blocked,1477,35.6
5,S006_blocked_s,blocked,1478,34.8
5,S006_blocked_s,blocked,1479,35.3
5,S006_blocked_s,blocked,1480,35.2
5,S006_blocked_s,blocked,1481,35.0
5,S006_blocked_s,blocked,1482,34.9
5,S006_blocked_s,blocked,1483,35.2
5,S006_blocked_s,blocked,1484,35.0
5,S006_blocked_s,blocked,1485,35.5
5,S006_blocked_s,blocked,1486,35.0
5,S006_blocked_s,blocked,1487,35.4
5,S006_blocked_s,blocked,1488,34.5
5,S006_blocked_s,blocked,1489,34.8
5,S006_blocked_s,blocked,1490,35.3
5,S006_blocked_s,blocked,1491,34.7
5,S006_blocked_s,blocked,1492,35.0
5,S006_blocked_s,blocked,1493,34.9
5,S006_blocked_s,blocked,1494,34.6
5,S006_blocked_s,blocked,1495,34.7
5,S006_blocked_s,blocked,1496,34.5
5,S006_blocked_s,blocked,1497,34.9
5,S006_blocked_s,blocked,1498,35.1
5,S006_blocked_s,blocked,1499,34.4
6,S007_blocked_s,blocked,0,23.7
6,S007_blocked_s,blocked,1,23.7
6,S007_blocked_s,blocked,2,23.7
6,S007_blocked_s,blocked,3,23.6
6,S007_blocked_s,blocked,4,23.6
6,S007_blocked_s,blocked,5,23.8
6,S007_blocked_s,blocked,6,23.6
6,S007_blocked_s,blocked,7,23.8
6,S007_blocked_s,blocked,8,23.7
6,S007_blocked_s,blocked,9,23.7
6,S007_blocked_s,blocked,10,23.6
6,S007_blocked_s,blocked,11,23.9
6,S007_blocked_s,blocked,12,23.7
6,S007_blocked_s,blocked,13,23.8
6,S007_blocked_s,blocked,14,23.5
6,S007_blocked_s,blocked,15,23.7
6,S007_blocked_s,blocked,16,23.7
6,S007_blocked_s,blocked,17,24.1
6,S007_blocked_s,blocked,18,23.7
6,S007_blocked_s,blocked,19,23.9
6,S007_blocked_s,blocked,20,23.6
6,S007_blocked_s,blocked,21,23.6
6,S007_blocked_s,blocked,22,23.8
6,S007_blocked_s,blocked,23,23.8
6,S007_blocked_s,blocked,24,23.8
6,S007_blocked_s,blocked,25,23.7
6,S007_blocked_s,blocked,26,23.4
6,S007_blocked_s,blocked,27,23.5
6,S007_blocked_s,blocked,28,23.7
6,S007_blocked_s,blocked,29,23.9
6,S007_blocked_s,blocked,30,23.7
6,S007_blocked_s,blocked,31,23.4
6,S007_blocked_s,blocked,32,23.9
6,S007_blocked_s,blocked,33,23.8
6,S007_blocked_s,blocked,34,23.6
6,S007_blocked_s,blocked,35,23.7
6,S007_blocked_s,blocked,36,23.7
6,S007_blocked_s,blocked,37,23.8
6,S007_blocked_s,blocked,38,23.8
6,S007_blocked_s,blocked,39,23.6
6,S007_blocked_s,blocked,40,23.7
6,S007_blocked_s,blocked,41,23.5
6,S007_blocked_s,blocked,42,23.7
6,S007_blocked_s,blocked,43,23.4
6,S007_blocked_s,blocked,44,23.9
6,S007_blocked_s,blocked,45,23.7
6,S007_blocked_s,blocked,46,23.6
6,S007_blocked_s,blocked,47,23.8
6,S007_blocked_s,blocked,48,23.5
6,S007_blocked_s,blocked,49,23.8
6,S007_blocked_s,blocked,50,23.7
6,S007_blocked_s,blocked,51,23.6
6,S007_blocked_s,blocked,52,23.7
6,S007_blocked_s,blocked,53,23.5
6,S007_blocked_s,blocked,54,24.0
6,S007_blocked_s,blocked,55,24.0
6,S007_blocked_s,blocked,56,23.6
6,S007_blocked_s,blocked,57,23.5
6,S007_blocked_s,blocked,58,23.5
6,S007_blocked_s,blocked,59,23.5
6,S007_blocked_s,blocked,60,23.6
6,S007_blocked_s,blocked,61,23.6
6,S007_blocked_s,blocked,62,23.7
6,S007_blocked_s,blocked,63,23.6
6,S007_blocked_s,blocked,64,23.7
6,S007_blocked_s,blocked,65,23.6
6,S007_blocked_s,blocked,66,23.7
6,S007_blocked_s,blocked,67,23.5
6,S007_blocked_s,blocked,68,23.7
6,S007_blocked_s,blocked,69,23.7
6,S007_blocked_s,blocked,70,23.8
6,S007_blocked_s,blocked,71,23.8
6,S007_blocked_s,blocked,72,23.9
6,S007_blocked_s,blocked,73,23.5
6,S007_blocked_s,blocked,74,23.7
6,S007_blocked_s,blocked,75,23.5
6,S007_blocked_s,blocked,76,23.7
6,S007_blocked_s,blocked,77,23.4
6,S007_blocked_s,blocked,78,23.9
6,S007_blocked_s,blocked,79,23.5
6,S007_blocked_s,blocked,80,23.8
6,S007_blocked_s,blocked,81,23.7
6,S007_blocked_s,blocked,82,23.7
6,S007_blocked_s,blocked,83,23.8
6,S007_blocked_s,blocked,84,23.7
6,S007_blocked_s,blocked,85,23.7
6,S007_blocked_s,blocked,86,23.5
6,S007_blocked_s,blocked,87,23.8
6,S007_blocked_s,blocked,88,23.7
6,S007_blocked_s,blocked,89,23.7
6,S007_blocked_s,blocked,90,23.6
6,S007_blocked_s,blocked,91,23.9
6,S007_blocked_s,blocked,92,23.6
6,S007_blocked_s,blocked,93,23.8
6,S007_blocked_s,blocked,94,23.8
6,S007_blocked_s,blocked,95,23.9
6,S007_blocked_s,blocked,96,23.7
6,S007_blocked_s,blocked,97,23.4
6,S007_blocked_s,blocked,98,23.7
6,S007_blocked_s,blocked,99,23.6
6,S007_blocked_s,blocked,100,23.5
6,S007_blocked_s,blocked,101,23.4
6,S007_blocked_s,blocked,102,23.7
6,S007_blocked_s,blocked,103,23.8
6,S007_blocked_s,blocked,104,23.5
6,S007_blocked_s,blocked,105,23.6
6,S007_blocked_s,blocked,106,23.5
6,S007_blocked_s,blocked,107,23.7
6,S007_blocked_s,blocked,108,23.5
6,S007_blocked_s,blocked,109,23.9
6,S007_blocked_s,blocked,110,23.8
6,S007_blocked_s,blocked,111,23.7
6,S007_blocked_s,blocked,112,23.8
6,S007_blocked_s,blocked,113,23.7
6,S007_blocked_s,blocked,114,23.7
6,S007_blocked_s,blocked,115,23.7
6,S007_blocked_s,blocked,116,24.0
6,S007_blocked_s,blocked,117,23.8
6,S007_blocked_s,blocked,118,23.6
6,S007_blocked_s,blocked,119,23.7
6,S007_blocked_s,blocked,120,23.7
6,S007_blocked_s,blocked,121,23.8
6,S007_blocked_s,blocked,122,23.8
6,S007_blocked_s,blocked,123,23.7
6,S007_blocked_s,blocked,124,23.8
6,S007_blocked_s,blocked,125,23.7
6,S007_blocked_s,blocked,126,23.5
6,S007_blocked_s,blocked,127,23.7
6,S007_blocked_s,blocked,128,23.8
6,S007_blocked_s,blocked,129,23.6
6,S007_blocked_s,blocked,130,23.7
6,S007_blocked_s,blocked,131,23.9
6,S007_blocked_s,blocked,132,23.9
6,S007_blocked_s,blocked,133,23.8
6,S007_blocked_s,blocked,134,23.7
6,S007_blocked_s,blocked,135,23.7
6,S007_blocked_s,blocked,136,23.7
6,S007_blocked_s,blocked,137,23.5
6,S007_blocked_s,blocked,138,23.6
6,S007_blocked_s,blocked,139,23.9
6,S007_blocked_s,blocked,140,23.6
6,S007_blocked_s,blocked,141,23.5
6,S007_blocked_s,blocked,142,23.5
6,S007_blocked_s,blocked,143,23.4
6,S007_blocked_s,blocked,144,23.6
6,S007_blocked_s,blocked,145,23.8
6,S007_blocked_s,blocked,146,23.8
6,S007_blocked_s,blocked,147,23.7
6,S007_blocked_s,blocked,148,23.6
6,S007_blocked_s,blocked,149,23.6
6,S007_blocked_s,blocked,150,24.0
6,S007_blocked_s,blocked,151,23.6
6,S007_blocked_s,blocked,152,23.7
6,S007_blocked_s,blocked,153,23.8
6,S007_blocked_s,blocked,154,23.8
6,S007_blocked_s,blocked,155,23.7
6,S007_blocked_s,blocked,156,23.7
6,S007_blocked_s,blocked,157,23.8
6,S007_blocked_s,blocked,158,23.7
6,S007_blocked_s,blocked,159,23.7
6,S007_blocked_s,blocked,160,23.9
6,S007_blocked_s,blocked,161,23.8
6,S007_blocked_s,blocked,162,23.7
6,S007_blocked_s,blocked,163,23.6
6,S007_blocked_s,blocked,164,23.6
6,S007_blocked_s,blocked,165,23.4
6,S007_blocked_s,blocked,166,23.6
6,S007_blocked_s,blocked,167,23.9
6,S007_blocked_s,blocked,168,24.0
6,S007_blocked_s,blocked,169,23.7
6,S007_blocked_s,blocked,170,23.7
6,S007_blocked_s,blocked,171,23.4
6,S007_blocked_s,blocked,172,23.8
6,S007_blocked_s,blocked,173,23.6
6,S007_blocked_s,blocked,174,23.7
6,S007_blocked_s,blocked,175,23.8
6,S007_blocked_s,blocked,176,23.4
6,S007_blocked_s,blocked,177,23.6
6,S007_blocked_s,blocked,178,23.6
6,S007_blocked_s,blocked,179,23.7
6,S007_blocked_s,blocked,180,23.6
6,S007_blocked_s,blocked,181,23.6
6,S007_blocked_s,blocked,182,24.0
6,S007_blocked_s,blocked,183,23.7
6,S007_blocked_s,blocked,184,24.0
6,S007_blocked_s,blocked,185,23.7
6,S007_blocked_s,blocked,186,23.9
6,S007_blocked_s,blocked,187,24.0
6,S007_blocked_s,blocked,188,23.8
6,S007_blocked_s,blocked,189,23.6
6,S007_blocked_s,blocked,190,23.7
6,S007_blocked_s,blocked,191,23.9
6,S007_blocked_s,blocked,192,23.7
6,S007_blocked_s,blocked,193,23.7
6,S007_blocked_s,blocked,194,23.7
6,S007_blocked_s,blocked,195,23.9
6,S007_blocked_s,blocked,196,24.0
6,S007_blocked_s,blocked,197,23.5
6,S007_blocked_s,blocked,198,23.7
6,S007_blocked_s,blocked,199,23.8
6,S007_blocked_s,blocked,200,23.7
6,S007_blocked_s,blocked,201,23.8
6,S007_blocked_s,blocked,202,23.7
6,S007_blocked_s,blocked,203,23.7
6,S007_blocked_s,blocked,204,23.6
6,S007_blocked_s,blocked,205,23.7
6,S007_blocked_s,blocked,206,23.7
6,S007_blocked_s,blocked,207,23.7
6,S007_blocked_s,blocked,208,23.9
6,S007_blocked_s,blocked,209,23.8
6,S007_blocked_s,blocked,210,23.8
6,S007_blocked_s,blocked,211,23.7
6,S007_blocked_s,blocked,212,23.7
6,S007_blocked_s,blocked,213,23.9
6,S007_blocked_s,blocked,214,23.8
6,S007_blocked_s,blocked,215,23.9
6,S007_blocked_s,blocked,216,23.7
6,S007_blocked_s,blocked,217,23.8
6,S007_blocked_s,blocked,218,24.0
6,S007_blocked_s,blocked,219,23.7
6,S007_blocked_s,blocked,220,23.9
6,S007_blocked_s,blocked,221,23.9
6,S007_blocked_s,blocked,222,23.5
6,S007_blocked_s,blocked,223,23.8
6,S007_blocked_s,blocked,224,23.6
6,S007_blocked_s,blocked,225,23.5
6,S007_blocked_s,blocked,226,23.7
6,S007_blocked_s,blocked,227,23.7
6,S007_blocked_s,blocked,228,23.7
6,S007_blocked_s,blocked,229,23.7
6,S007_blocked_s,blocked,230,23.7
6,S007_blocked_s,blocked,231,23.5
6,S007_blocked_s,blocked,232,23.7
6,S007_blocked_s,blocked,233,23.6
6,S007_blocked_s,blocked,234,23.7
6,S007_blocked_s,blocked,235,23.9
6,S007_blocked_s,blocked,236,23.6
6,S007_blocked_s,blocked,237,23.6
6,S007_blocked_s,blocked,238,23.8
6,S007_blocked_s,blocked,239,23.8
6,S007_blocked_s,blocked,240,23.7
6,S007_blocked_s,blocked,241,23.8
6,S007_blocked_s,blocked,242,23.6
6,S007_blocked_s,blocked,243,23.9
6,S007_blocked_s,blocked,244,23.7
6,S007_blocked_s,blocked,245,23.8
6,S007_blocked_s,blocked,246,23.7
6,S007_blocked_s,blocked,247,23.8
6,S007_blocked_s,blocked,248,23.8
6,S007_blocked_s,blocked,249,24.1
6,S007_blocked_s,blocked,250,23.7
6,S007_blocked_s,blocked,251,23.6
6,S007_blocked_s,blocked,252,23.7
6,S007_blocked_s,blocked,253,23.9
6,S007_blocked_s,blocked,254,23.5
6,S007_blocked_s,blocked,255,23.7
6,S007_blocked_s,blocked,256,23.6
6,S007_blocked_s,blocked,257,23.8
6,S007_blocked_s,blocked,258,23.8
6,S007_blocked_s,blocked,259,23.8
6,S007_blocked_s,blocked,260,23.7
6,S007_blocked_s,blocked,261,23.8
6,S007_blocked_s,blocked,262,23.8
6,S007_blocked_s,blocked,263,23.7
6,S007_blocked_s,blocked,264,23.9
6,S007_blocked_s,blocked,265,24.1
6,S007_blocked_s,blocked,266,23.9
6,S007_blocked_s,blocked,267,23.8
6,S007_blocked_s,blocked,268,23.7
6,S007_blocked_s,blocked,269,23.6
6,S007_blocked_s,blocked,270,23.8
6,S007_blocked_s,blocked,271,23.9
6,S007_blocked_s,blocked,272,23.8
6,S007_blocked_s,blocked,273,23.6
6,S007_blocked_s,blocked,274,23.7
6,S007_blocked_s,blocked,275,23.7
6,S007_blocked_s,blocked,276,24.1
6,S007_blocked_s,blocked,277,23.8
6,S007_blocked_s,blocked,278,23.9
6,S007_blocked_s,blocked,279,23.7
6,S007_blocked_s,blocked,280,23.8
6,S007_blocked_s,blocked,281,23.7
6,S007_blocked_s,blocked,282,24.1
6,S007_blocked_s,blocked,283,23.8
6,S007_blocked_s,blocked,284,23.7
6,S007_blocked_s,blocked,285,23.8
6,S007_blocked_s,blocked,286,24.0
6,S007_blocked_s,blocked,287,23.8
6,S007_blocked_s,blocked,288,23.7
6,S007_blocked_s,blocked,289,23.6
6,S007_blocked_s,blocked,290,23.6
6,S007_blocked_s,blocked,291,24.1
6,S007_blocked_s,blocked,292,23.5
6,S007_blocked_s,blocked,293,24.0
6,S007_blocked_s,blocked,294,23.6
6,S007_blocked_s,blocked,295,23.7
6,S007_blocked_s,blocked,296,23.7
6,S007_blocked_s,blocked,297,23.8
6,S007_blocked_s,blocked,298,23.8
6,S007_blocked_s,blocked,299,23.9
6,S007_blocked_s,blocked,300,23.8
6,S007_blocked_s,blocked,301,24.0
6,S007_blocked_s,blocked,302,24.0
6,S007_blocked_s,blocked,303,24.2
6,S007_blocked_s,blocked,304,24.2
6,S007_blocked_s,blocked,305,24.1
6,S007_blocked_s,blocked,306,24.2
6,S007_blocked_s,blocked,307,24.3
6,S007_blocked_s,blocked,308,24.3
6,S007_blocked_s,blocked,309,24.5
6,S007_blocked_s,blocked,310,24.8
6,S007_blocked_s,blocked,311,24.7
6,S007_blocked_s,blocked,312,24.9
6,S007_blocked_s,blocked,313,24.9
6,S007_blocked_s,blocked,314,24.8
6,S007_blocked_s,blocked,315,24.8
6,S007_blocked_s,blocked,316,25.3
6,S007_blocked_s,blocked,317,25.0
6,S007_blocked_s,blocked,318,25.0
6,S007_blocked_s,blocked,319,25.5
6,S007_blocked_s,blocked,320,25.8
6,S007_blocked_s,blocked,321,25.6
6,S007_blocked_s,blocked,322,25.8
6,S007_blocked_s,blocked,323,25.6
6,S007_blocked_s,blocked,324,25.8
6,S007_blocked_s,blocked,325,26.0
6,S007_blocked_s,blocked,326,26.2
6,S007_blocked_s,blocked,327,25.7
6,S007_blocked_s,blocked,328,26.0
6,S007_blocked_s,blocked,329,26.3
6,S007_blocked_s,blocked,330,26.1
6,S007_blocked_s,blocked,331,26.3
6,S007_blocked_s,blocked,332,26.4
6,S007_blocked_s,blocked,333,26.7
6,S007_blocked_s,blocked,334,26.5
6,S007_blocked_s,blocked,335,26.8
6,S007_blocked_s,blocked,336,26.9
6,S007_blocked_s,blocked,337,26.9
6,S007_blocked_s,blocked,338,27.1
6,S007_blocked_s,blocked,339,27.1
6,S007_blocked_s,blocked,340,27.0
6,S007_blocked_s,blocked,341,26.9
6,S007_blocked_s,blocked,342,27.3
6,S007_blocked_s,blocked,343,27.2
6,S007_blocked_s,blocked,344,27.3
6,S007_blocked_s,blocked,345,27.7
6,S007_blocked_s,blocked,346,27.5
6,S007_blocked_s,blocked,347,27.6
6,S007_blocked_s,blocked,348,27.9
6,S007_blocked_s,blocked,349,27.9
6,S007_blocked_s,blocked,350,27.9
6,S007_blocked_s,blocked,351,28.0
6,S007_blocked_s,blocked,352,28.0
6,S007_blocked_s,blocked,353,28.1
6,S007_blocked_s,blocked,354,28.3
6,S007_blocked_s,blocked,355,28.3
6,S007_blocked_s,blocked,356,28.5
6,S007_blocked_s,blocked,357,28.4
6,S007_blocked_s,blocked,358,28.4
6,S007_blocked_s,blocked,359,28.6
6,S007_blocked_s,blocked,360,28.6
6,S007_blocked_s,blocked,361,28.7
6,S007_blocked_s,blocked,362,29.0
6,S007_blocked_s,blocked,363,29.0
6,S007_blocked_s,blocked,364,29.1
6,S007_blocked_s,blocked,365,29.1
6,S007_blocked_s,blocked,366,29.0
6,S007_blocked_s,blocked,367,29.5
6,S007_blocked_s,blocked,368,29.2
6,S007_blocked_s,blocked,369,29.2
6,S007_blocked_s,blocked,370,29.6
6,S007_blocked_s,blocked,371,29.4
6,S007_blocked_s,blocked,372,29.5
6,S007_blocked_s,blocked,373,29.3
6,S007_blocked_s,blocked,374,29.5
6,S007_blocked_s,blocked,375,29.7
6,S007_blocked_s,blocked,376,29.8
6,S007_blocked_s,blocked,377,29.8
6,S007_blocked_s,blocked,378,30.0
6,S007_blocked_s,blocked,379,30.0
6,S007_blocked_s,blocked,380,29.9
6,S007_blocked_s,blocked,381,30.1
6,S007_blocked_s,blocked,382,30.0
6,S007_blocked_s,blocked,383,30.1
6,S007_blocked_s,blocked,384,30.2
6,S007_blocked_s,blocked,385,30.2
6,S007_blocked_s,blocked,386,30.1
6,S007_blocked_s,blocked,387,30.6
6,S007_blocked_s,blocked,388,30.3
6,S007_blocked_s,blocked,389,30.5
6,S007_blocked_s,blocked,390,30.7
6,S007_blocked_s,blocked,391,30.5
6,S007_blocked_s,blocked,392,31.0
6,S007_blocked_s,blocked,393,30.8
6,S007_blocked_s,blocked,394,31.1
6,S007_blocked_s,blocked,395,30.9
6,S007_blocked_s,blocked,396,31.1
6,S007_blocked_s,blocked,397,31.3
6,S007_blocked_s,blocked,398,31.2
6,S007_blocked_s,blocked,399,31.2
6,S007_blocked_s,blocked,400,31.2
6,S007_blocked_s,blocked,401,31.4
6,S007_blocked_s,blocked,402,31.5
6,S007_blocked_s,blocked,403,31.6
6,S007_blocked_s,blocked,404,31.5
6,S007_blocked_s,blocked,405,31.7
6,S007_blocked_s,blocked,406,31.7
6,S007_blocked_s,blocked,407,31.9
6,S007_blocked_s,blocked,408,31.6
6,S007_blocked_s,blocked,409,31.7
6,S007_blocked_s,blocked,410,32.0
6,S007_blocked_s,blocked,411,31.9
6,S007_blocked_s,blocked,412,32.0
6,S007_blocked_s,blocked,413,32.1
6,S007_blocked_s,blocked,414,32.3
6,S007_blocked_s,blocked,415,32.4
6,S007_blocked_s,blocked,416,32.5
6,S007_blocked_s,blocked,417,32.2
6,S007_blocked_s,blocked,418,32.4
6,S007_blocked_s,blocked,419,32.6
6,S007_blocked_s,blocked,420,32.4
6,S007_blocked_s,blocked,421,32.8
6,S007_blocked_s,blocked,422,32.8
6,S007_blocked_s,blocked,423,32.4
6,S007_blocked_s,blocked,424,33.0
6,S007_blocked_s,blocked,425,32.9
6,S007_blocked_s,blocked,426,33.0
6,S007_blocked_s,blocked,427,32.9
6,S007_blocked_s,blocked,428,32.9
6,S007_blocked_s,blocked,429,33.1
6,S007_blocked_s,blocked,430,33.2
6,S007_blocked_s,blocked,431,33.2
6,S007_blocked_s,blocked,432,33.1
6,S007_blocked_s,blocked,433,33.2
6,S007_blocked_s,blocked,434,33.3
6,S007_blocked_s,blocked,435,33.1
6,S007_blocked_s,blocked,436,33.3
6,S007_blocked_s,blocked,437,33.6
6,S007_blocked_s,blocked,438,33.6
6,S007_blocked_s,blocked,439,33.7
6,S007_blocked_s,blocked,440,33.6
6,S007_blocked_s,blocked,441,33.6
6,S007_blocked_s,blocked,442,34.0
6,S007_blocked_s,blocked,443,33.8
6,S007_blocked_s,blocked,444,34.1
6,S007_blocked_s,blocked,445,33.9
6,S007_blocked_s,blocked,446,33.9
6,S007_blocked_s,blocked,447,34.1
6,S007_blocked_s,blocked,448,34.1
6,S007_blocked_s,blocked,449,34.1
6,S007_blocked_s,blocked,450,34.1
6,S007_blocked_s,blocked,451,34.4
6,S007_blocked_s,blocked,452,34.1
6,S007_blocked_s,blocked,453,34.5
6,S007_blocked_s,blocked,454,34.4
6,S007_blocked_s,blocked,455,34.5
6,S007_blocked_s,blocked,456,34.5
6,S007_blocked_s,blocked,457,34.5
6,S007_blocked_s,blocked,458,35.0
6,S007_blocked_s,blocked,459,34.8
6,S007_blocked_s,blocked,460,34.7
6,S007_blocked_s,blocked,461,34.9
6,S007_blocked_s,blocked,462,34.8
6,S007_blocked_s,blocked,463,34.9
6,S007_blocked_s,blocked,464,34.8
6,S007_blocked_s,blocked,465,34.9
6,S007_blocked_s,blocked,466,35.0
6,S007_blocked_s,blocked,467,35.2
6,S007_blocked_s,blocked,468,35.4
6,S007_blocked_s,blocked,469,35.3
6,S007_blocked_s,blocked,470,35.5
6,S007_blocked_s,blocked,471,35.3
6,S007_blocked_s,blocked,472,35.3
6,S007_blocked_s,blocked,473,35.4
6,S007_blocked_s,blocked,474,35.8
6,S007_blocked_s,blocked,475,35.6
6,S007_blocked_s,blocked,476,35.7
6,S007_blocked_s,blocked,477,35.4
6,S007_blocked_s,blocked,478,35.5
6,S007_blocked_s,blocked,479,35.7
6,S007_blocked_s,blocked,480,35.8
6,S007_blocked_s,blocked,481,35.9
6,S007_blocked_s,blocked,482,35.5
6,S007_blocked_s,blocked,483,36.0
6,S007_blocked_s,blocked,484,35.9
6,S007_blocked_s,blocked,485,36.0
6,S007_blocked_s,blocked,486,36.1
6,S007_blocked_s,blocked,487,36.2
6,S007_blocked_s,blocked,488,35.7
6,S007_blocked_s,blocked,489,36.2
6,S007_blocked_s,blocked,490,36.3
6,S007_blocked_s,blocked,491,36.3
6,S007_blocked_s,blocked,492,36.3
6,S007_blocked_s,blocked,493,36.4
6,S007_blocked_s,blocked,494,36.2
6,S007_blocked_s,blocked,495,36.2
6,S007_blocked_s,blocked,496,36.5
6,S007_blocked_s,blocked,497,36.1
6,S007_blocked_s,blocked,498,36.7
6,S007_blocked_s,blocked,499,36.5
6,S007_blocked_s,blocked,500,36.7
6,S007_blocked_s,blocked,501,36.4
6,S007_blocked_s,blocked,502,36.7
6,S007_blocked_s,blocked,503,36.7
6,S007_blocked_s,blocked,504,37.0
6,S007_blocked_s,blocked,505,37.0
6,S007_blocked_s,blocked,506,36.9
6,S007_blocked_s,blocked,507,36.9
6,S007_blocked_s,blocked,508,36.8
6,S007_blocked_s,blocked,509,37.3
6,S007_blocked_s,blocked,510,37.0
6,S007_blocked_s,blocked,511,37.3
6,S007_blocked_s,blocked,512,37.2
6,S007_blocked_s,blocked,513,36.9
6,S007_blocked_s,blocked,514,37.2
6,S007_blocked_s,blocked,515,37.4
6,S007_blocked_s,blocked,516,37.1
6,S007_blocked_s,blocked,517,37.5
6,S007_blocked_s,blocked,518,37.1
6,S007_blocked_s,blocked,519,37.5
6,S007_blocked_s,blocked,520,37.6
6,S007_blocked_s,blocked,521,37.5
6,S007_blocked_s,blocked,522,37.6
6,S007_blocked_s,blocked,523,37.5
6,S007_blocked_s,blocked,524,37.8
6,S007_blocked_s,blocked,525,37.6
6,S007_blocked_s,blocked,526,37.7
6,S007_blocked_s,blocked,527,37.5
6,S007_blocked_s,blocked,528,37.6
6,S007_blocked_s,blocked,529,37.7
6,S007_blocked_s,blocked,530,37.9
6,S007_blocked_s,blocked,531,38.2
6,S007_blocked_s,blocked,532,38.0
6,S007_blocked_s,blocked,533,38.2
6,S007_blocked_s,blocked,534,38.0
6,S007_blocked_s,blocked,535,38.3
6,S007_blocked_s,blocked,536,38.1
6,S007_blocked_s,blocked,537,38.3
6,S007_blocked_s,blocked,538,38.1
6,S007_blocked_s,blocked,539,38.0
6,S007_blocked_s,blocked,540,38.1
6,S007_blocked_s,blocked,541,38.4
6,S007_blocked_s,blocked,542,38.4
6,S007_blocked_s,blocked,543,38.7
6,S007_blocked_s,blocked,544,38.2
6,S007_blocked_s,blocked,545,38.5
6,S007_blocked_s,blocked,546,38.5
6,S007_blocked_s,blocked,547,38.6
6,S007_blocked_s,blocked,548,38.7
6,S007_blocked_s,blocked,549,38.6
6,S007_blocked_s,blocked,550,38.8
6,S007_blocked_s,blocked,551,38.5
6,S007_blocked_s,blocked,552,38.9
6,S007_blocked_s,blocked,553,38.8
6,S007_blocked_s,blocked,554,38.7
6,S007_blocked_s,blocked,555,38.6
6,S007_blocked_s,blocked,556,38.9
6,S007_blocked_s,blocked,557,38.8
6,S007_blocked_s,blocked,558,38.7
6,S007_blocked_s,blocked,559,38.9
6,S007_blocked_s,blocked,560,39.1
6,S007_blocked_s,blocked,561,38.8
6,S007_blocked_s,blocked,562,39.1
6,S007_blocked_s,blocked,563,39.1
6,S007_blocked_s,blocked,564,39.3
6,S007_blocked_s,blocked,565,39.1
6,S007_blocked_s,blocked,566,39.0
6,S007_blocked_s,blocked,567,39.4
6,S007_blocked_s,blocked,568,39.4
6,S007_blocked_s,blocked,569,39.5
6,S007_blocked_s,blocked,570,39.3
6,S007_blocked_s,blocked,571,39.3
6,S007_blocked_s,blocked,572,39.5
6,S007_blocked_s,blocked,573,39.6
6,S007_blocked_s,blocked,574,39.7
6,S007_blocked_s,blocked,575,39.5
6,S007_blocked_s,blocked,576,39.5
6,S007_blocked_s,blocked,577,39.9
6,S007_blocked_s,blocked,578,40.1
6,S007_blocked_s,blocked,579,39.6
6,S007_blocked_s,blocked,580,39.8
6,S007_blocked_s,blocked,581,39.8
6,S007_blocked_s,blocked,582,39.8
6,S007_blocked_s,blocked,583,40.0
6,S007_blocked_s,blocked,584,39.8
6,S007_blocked_s,blocked,585,39.9
6,S007_blocked_s,blocked,586,39.7
6,S007_blocked_s,blocked,587,40.1
6,S007_blocked_s,blocked,588,39.9
6,S007_blocked_s,blocked,589,40.2
6,S007_blocked_s,blocked,590,39.9
6,S007_blocked_s,blocked,591,40.0
6,S007_blocked_s,blocked,592,40.4
6,S007_blocked_s,blocked,593,40.0
6,S007_blocked_s,blocked,594,40.2
6,S007_blocked_s,blocked,595,40.0
6,S007_blocked_s,blocked,596,40.2
6,S007_blocked_s,blocked,597,40.2
6,S007_blocked_s,blocked,598,40.2
6,S007_blocked_s,blocked,599,40.4
6,S007_blocked_s,blocked,600,40.3
6,S007_blocked_s,blocked,601,40.5
6,S007_blocked_s,blocked,602,40.4
6,S007_blocked_s,blocked,603,40.4
6,S007_blocked_s,blocked,604,40.4
6,S007_blocked_s,blocked,605,40.4
6,S007_blocked_s,blocked,606,40.7
6,S007_blocked_s,blocked,607,40.5
6,S007_blocked_s,blocked,608,40.6
6,S007_blocked_s,blocked,609,40.7
6,S007_blocked_s,blocked,610,40.5
6,S007_blocked_s,blocked,611,40.9
6,S007_blocked_s,blocked,612,40.9
6,S007_blocked_s,blocked,613,40.8
6,S007_blocked_s,blocked,614,40.6
6,S007_blocked_s,blocked,615,40.9
6,S007_blocked_s,blocked,616,40.7
6,S007_blocked_s,blocked,617,40.7
6,S007_blocked_s,blocked,618,40.9
6,S007_blocked_s,blocked,619,41.0
6,S007_blocked_s,blocked,620,41.1
6,S007_blocked_s,blocked,621,41.3
6,S007_blocked_s,blocked,622,41.0
6,S007_blocked_s,blocked,623,40.8
6,S007_blocked_s,blocked,624,41.1
6,S007_blocked_s,blocked,625,41.1
6,S007_blocked_s,blocked,626,41.1
6,S007_blocked_s,blocked,627,40.9
6,S007_blocked_s,blocked,628,41.1
6,S007_blocked_s,blocked,629,41.3
6,S007_blocked_s,blocked,630,41.4
6,S007_blocked_s,blocked,631,41.6
6,S007_blocked_s,blocked,632,41.4
6,S007_blocked_s,blocked,633,41.2
6,S007_blocked_s,blocked,634,41.4
6,S007_blocked_s,blocked,635,41.4
6,S007_blocked_s,blocked,636,41.6
6,S007_blocked_s,blocked,637,41.6
6,S007_blocked_s,blocked,638,41.5
6,S007_blocked_s,blocked,639,41.4
6,S007_blocked_s,blocked,640,41.2
6,S007_blocked_s,blocked,641,41.7
6,S007_blocked_s,blocked,642,41.7
6,S007_blocked_s,blocked,643,41.5
6,S007_blocked_s,blocked,644,41.3
6,S007_blocked_s,blocked,645,41.6
6,S007_blocked_s,blocked,646,41.8
6,S007_blocked_s,blocked,647,41.5
6,S007_blocked_s,blocked,648,41.7
6,S007_blocked_s,blocked,649,42.0
6,S007_blocked_s,blocked,650,41.8
6,S007_blocked_s,blocked,651,41.7
6,S007_blocked_s,blocked,652,41.8
6,S007_blocked_s,blocked,653,42.1
6,S007_blocked_s,blocked,654,41.8
6,S007_blocked_s,blocked,655,41.9
6,S007_blocked_s,blocked,656,41.9
6,S007_blocked_s,blocked,657,42.0
6,S007_blocked_s,blocked,658,41.9
6,S007_blocked_s,blocked,659,42.0
6,S007_blocked_s,blocked,660,41.9
6,S007_blocked_s,blocked,661,42.3
6,S007_blocked_s,blocked,662,41.7
6,S007_blocked_s,blocked,663,42.0
6,S007_blocked_s,blocked,664,42.4
6,S007_blocked_s,blocked,665,42.3
6,S007_blocked_s,blocked,666,42.3
6,S007_blocked_s,blocked,667,42.1
6,S007_blocked_s,blocked,668,42.3
6,S007_blocked_s,blocked,669,42.2
6,S007_blocked_s,blocked,670,42.2
6,S007_blocked_s,blocked,671,42.5
6,S007_blocked_s,blocked,672,42.4
6,S007_blocked_s,blocked,673,42.4
6,S007_blocked_s,blocked,674,42.5
6,S007_blocked_s,blocked,675,42.2
6,S007_blocked_s,blocked,676,42.6
6,S007_blocked_s,blocked,677,42.4
6,S007_blocked_s,blocked,678,42.6
6,S007_blocked_s,blocked,679,42.3
6,S007_blocked_s,blocked,680,42.4
6,S007_blocked_s,blocked,681,42.7
6,S007_blocked_s,blocked,682,42.6
6,S007_blocked_s,blocked,683,42.8
6,S007_blocked_s,blocked,684,42.5
6,S007_blocked_s,blocked,685,43.0
6,S007_blocked_s,blocked,686,42.8
6,S007_blocked_s,blocked,687,42.7
6,S007_blocked_s,blocked,688,42.6
6,S007_blocked_s,blocked,689,42.8
6,S007_blocked_s,blocked,690,42.7
6,S007_blocked_s,blocked,691,42.9
6,S007_blocked_s,blocked,692,42.8
6,S007_blocked_s,blocked,693,43.0
6,S007_blocked_s,blocked,694,43.0
6,S007_blocked_s,blocked,695,42.6
6,S007_blocked_s,blocked,696,42.6
6,S007_blocked_s,blocked,697,43.0
6,S007_blocked_s,blocked,698,43.0
6,S007_blocked_s,blocked,699,42.8
6,S007_blocked_s,blocked,700,43.1
6,S007_blocked_s,blocked,701,43.1
6,S007_blocked_s,blocked,702,42.9
6,S007_blocked_s,blocked,703,43.2
6,S007_blocked_s,blocked,704,43.3
6,S007_blocked_s,blocked,705,43.2
6,S007_blocked_s,blocked,706,43.0
6,S007_blocked_s,blocked,707,42.9
6,S007_blocked_s,blocked,708,43.1
6,S007_blocked_s,blocked,709,43.2
6,S007_blocked_s,blocked,710,43.1
6,S007_blocked_s,blocked,711,43.1
6,S007_blocked_s,blocked,712,43.2
6,S007_blocked_s,blocked,713,43.3
6,S007_blocked_s,blocked,714,43.6
6,S007_blocked_s,blocked,715,43.3
6,S007_blocked_s,blocked,716,43.2
6,S007_blocked_s,blocked,717,43.4
6,S007_blocked_s,blocked,718,43.3
6,S007_blocked_s,blocked,719,43.2
6,S007_blocked_s,blocked,720,43.6
6,S007_blocked_s,blocked,721,43.3
6,S007_blocked_s,blocked,722,43.4
6,S007_blocked_s,blocked,723,43.5
6,S007_blocked_s,blocked,724,43.5
6,S007_blocked_s,blocked,725,43.5
6,S007_blocked_s,blocked,726,43.6
6,S007_blocked_s,blocked,727,43.3
6,S007_blocked_s,blocked,728,43.5
6,S007_blocked_s,blocked,729,43.4
6,S007_blocked_s,blocked,730,43.5
6,S007_blocked_s,blocked,731,43.8
6,S007_blocked_s,blocked,732,43.4
6,S007_blocked_s,blocked,733,43.7
6,S007_blocked_s,blocked,734,43.6
6,S007_blocked_s,blocked,735,43.7
6,S007_blocked_s,blocked,736,43.7
6,S007_blocked_s,blocked,737,43.7
6,S007_blocked_s,blocked,738,43.6
6,S007_blocked_s,blocked,739,43.7
6,S007_blocked_s,blocked,740,43.4
6,S007_blocked_s,blocked,741,43.8
6,S007_blocked_s,blocked,742,43.6
6,S007_blocked_s,blocked,743,44.0
6,S007_blocked_s,blocked,744,43.9
6,S007_blocked_s,blocked,745,43.7
6,S007_blocked_s,blocked,746,43.9
6,S007_blocked_s,blocked,747,43.9
6,S007_blocked_s,blocked,748,43.8
6,S007_blocked_s,blocked,749,44.2
6,S007_blocked_s,blocked,750,43.9
6,S007_blocked_s,blocked,751,44.0
6,S007_blocked_s,blocked,752,44.0
6,S007_blocked_s,blocked,753,44.1
6,S007_blocked_s,blocked,754,43.9
6,S007_blocked_s,blocked,755,43.9
6,S007_blocked_s,blocked,756,44.2
6,S007_blocked_s,blocked,757,44.4
6,S007_blocked_s,blocked,758,44.2
6,S007_blocked_s,blocked,759,44.0
6,S007_blocked_s,blocked,760,44.1
6,S007_blocked_s,blocked,761,44.1
6,S007_blocked_s,blocked,762,44.3
6,S007_blocked_s,blocked,763,44.0
6,S007_blocked_s,blocked,764,44.3
6,S007_blocked_s,blocked,765,44.1
6,S007_blocked_s,blocked,766,44.3
6,S007_blocked_s,blocked,767,44.3
6,S007_blocked_s,blocked,768,44.3
6,S007_blocked_s,blocked,769,44.1
6,S007_blocked_s,blocked,770,44.3
6,S007_blocked_s,blocked,771,44.3
6,S007_blocked_s,blocked,772,44.5
6,S007_blocked_s,blocked,773,44.4
6,S007_blocked_s,blocked,774,44.5
6,S007_blocked_s,blocked,775,44.3
6,S007_blocked_s,blocked,776,44.3
6,S007_blocked_s,blocked,777,44.4
6,S007_blocked_s,blocked,778,44.5
6,S007_blocked_s,blocked,779,44.8
6,S007_blocked_s,blocked,780,44.7
6,S007_blocked_s,blocked,781,44.3
6,S007_blocked_s,blocked,782,45.0
6,S007_blocked_s,blocked,783,44.6
6,S007_blocked_s,blocked,784,44.6
6,S007_blocked_s,blocked,785,44.5
6,S007_blocked_s,blocked,786,44.5
6,S007_blocked_s,blocked,787,44.6
6,S007_blocked_s,blocked,788,44.7
6,S007_blocked_s,blocked,789,44.8
6,S007_blocked_s,blocked,790,44.8
6,S007_blocked_s,blocked,791,44.5
6,S007_blocked_s,blocked,792,44.5
6,S007_blocked_s,blocked,793,44.6
6,S007_blocked_s,blocked,794,44.5
6,S007_blocked_s,blocked,795,44.8
6,S007_blocked_s,blocked,796,44.9
6,S007_blocked_s,blocked,797,44.7
6,S007_blocked_s,blocked,798,44.8
6,S007_blocked_s,blocked,799,44.9
6,S007_blocked_s,blocked,800,44.6
6,S007_blocked_s,blocked,801,44.6
6,S007_blocked_s,blocked,802,44.8
6,S007_blocked_s,blocked,803,44.9
6,S007_blocked_s,blocked,804,44.8
6,S007_blocked_s,blocked,805,44.9
6,S007_blocked_s,blocked,806,44.9
6,S007_blocked_s,blocked,807,45.1
6,S007_blocked_s,blocked,808,45.0
6,S007_blocked_s,blocked,809,45.0
6,S007_blocked_s,blocked,810,44.8
6,S007_blocked_s,blocked,811,44.9
6,S007_blocked_s,blocked,812,45.0
6,S007_blocked_s,blocked,813,45.0
6,S007_blocked_s,blocked,814,44.8
6,S007_blocked_s,blocked,815,45.1
6,S007_blocked_s,blocked,816,45.3
6,S007_blocked_s,blocked,817,45.2
6,S007_blocked_s,blocked,818,45.0
6,S007_blocked_s,blocked,819,44.8
6,S007_blocked_s,blocked,820,44.9
6,S007_blocked_s,blocked,821,45.2
6,S007_blocked_s,blocked,822,44.9
6,S007_blocked_s,blocked,823,45.1
6,S007_blocked_s,blocked,824,45.1
6,S007_blocked_s,blocked,825,45.2
6,S007_blocked_s,blocked,826,45.2
6,S007_blocked_s,blocked,827,45.6
6,S007_blocked_s,blocked,828,45.1
6,S007_blocked_s,blocked,829,45.2
6,S007_blocked_s,blocked,830,45.1
6,S007_blocked_s,blocked,831,45.2
6,S007_blocked_s,blocked,832,45.0
6,S007_blocked_s,blocked,833,45.2
6,S007_blocked_s,blocked,834,45.2
6,S007_blocked_s,blocked,835,45.5
6,S007_blocked_s,blocked,836,45.3
6,S007_blocked_s,blocked,837,45.3
6,S007_blocked_s,blocked,838,45.3
6,S007_blocked_s,blocked,839,45.3
6,S007_blocked_s,blocked,840,45.5
6,S007_blocked_s,blocked,841,45.3
6,S007_blocked_s,blocked,842,45.4
6,S007_blocked_s,blocked,843,45.1
6,S007_blocked_s,blocked,844,45.3
6,S007_blocked_s,blocked,845,45.3
6,S007_blocked_s,blocked,846,45.6
6,S007_blocked_s,blocked,847,45.4
6,S007_blocked_s,blocked,848,45.5
6,S007_blocked_s,blocked,849,45.4
6,S007_blocked_s,blocked,850,45.3
6,S007_blocked_s,blocked,851,45.4
6,S007_blocked_s,blocked,852,45.4
6,S007_blocked_s,blocked,853,45.2
6,S007_blocked_s,blocked,854,45.6
6,S007_blocked_s,blocked,855,45.4
6,S007_blocked_s,blocked,856,45.7
6,S007_blocked_s,blocked,857,45.5
6,S007_blocked_s,blocked,858,45.7
6,S007_blocked_s,blocked,859,45.6
6,S007_blocked_s,blocked,860,45.5
6,S007_blocked_s,blocked,861,45.7
6,S007_blocked_s,blocked,862,45.7
6,S007_blocked_s,blocked,863,45.7
6,S007_blocked_s,blocked,864,45.4
6,S007_blocked_s,blocked,865,45.9
6,S007_blocked_s,blocked,866,45.7
6,S007_blocked_s,blocked,867,45.5
6,S007_blocked_s,blocked,868,45.7
6,S007_blocked_s,blocked,869,45.5
6,S007_blocked_s,blocked,870,45.9
6,S007_blocked_s,blocked,871,45.8
6,S007_blocked_s,blocked,872,45.9
6,S007_blocked_s,blocked,873,45.8
6,S007_blocked_s,blocked,874,45.6
6,S007_blocked_s,blocked,875,45.7
6,S007_blocked_s,blocked,876,45.7
6,S007_blocked_s,blocked,877,45.7
6,S007_blocked_s,blocked,878,45.6
6,S007_blocked_s,blocked,879,46.0
6,S007_blocked_s,blocked,880,45.7
6,S007_blocked_s,blocked,881,45.8
6,S007_blocked_s,blocked,882,45.7
6,S007_blocked_s,blocked,883,45.9
6,S007_blocked_s,blocked,884,46.0
6,S007_blocked_s,blocked,885,45.7
6,S007_blocked_s,blocked,886,45.7
6,S007_blocked_s,blocked,887,45.9
6,S007_blocked_s,blocked,888,45.8
6,S007_blocked_s,blocked,889,45.8
6,S007_blocked_s,blocked,890,45.9
6,S007_blocked_s,blocked,891,45.7
6,S007_blocked_s,blocked,892,45.8
6,S007_blocked_s,blocked,893,46.0
6,S007_blocked_s,blocked,894,46.1
6,S007_blocked_s,blocked,895,46.2
6,S007_blocked_s,blocked,896,46.1
6,S007_blocked_s,blocked,897,46.2
6,S007_blocked_s,blocked,898,46.0
6,S007_blocked_s,blocked,899,45.8
6,S007_blocked_s,blocked,900,45.7
6,S007_blocked_s,blocked,901,45.9
6,S007_blocked_s,blocked,902,45.9
6,S007_blocked_s,blocked,903,46.4
6,S007_blocked_s,blocked,904,45.8
6,S007_blocked_s,blocked,905,45.9
6,S007_blocked_s,blocked,906,45.9
6,S007_blocked_s,blocked,907,46.0
6,S007_blocked_s,blocked,908,45.9
6,S007_blocked_s,blocked,909,46.2
6,S007_blocked_s,blocked,910,46.4
6,S007_blocked_s,blocked,911,46.0
6,S007_blocked_s,blocked,912,46.0
6,S007_blocked_s,blocked,913,46.4
6,S007_blocked_s,blocked,914,46.0
6,S007_blocked_s,blocked,915,46.0
6,S007_blocked_s,blocked,916,46.1
6,S007_blocked_s,blocked,917,46.2
6,S007_blocked_s,blocked,918,46.0
6,S007_blocked_s,blocked,919,46.1
6,S007_blocked_s,blocked,920,46.0
6,S007_blocked_s,blocked,921,46.5
6,S007_blocked_s,blocked,922,46.2
6,S007_blocked_s,blocked,923,46.2
6,S007_blocked_s,blocked,924,46.0
6,S007_blocked_s,blocked,925,46.2
6,S007_blocked_s,blocked,926,46.2
6,S007_blocked_s,blocked,927,46.2
6,S007_blocked_s,blocked,928,46.5
6,S007_blocked_s,blocked,929,46.1
6,S007_blocked_s,blocked,930,46.2
6,S007_blocked_s,blocked,931,46.2
6,S007_blocked_s,blocked,932,46.4
6,S007_blocked_s,blocked,933,46.3
6,S007_blocked_s,blocked,934,46.3
6,S007_blocked_s,blocked,935,46.2
6,S007_blocked_s,blocked,936,46.2
6,S007_blocked_s,blocked,937,46.3
6,S007_blocked_s,blocked,938,46.4
6,S007_blocked_s,blocked,939,46.2
6,S007_blocked_s,blocked,940,46.5
6,S007_blocked_s,blocked,941,46.4
6,S007_blocked_s,blocked,942,46.5
6,S007_blocked_s,blocked,943,46.5
6,S007_blocked_s,blocked,944,46.6
6,S007_blocked_s,blocked,945,46.3
6,S007_blocked_s,blocked,946,46.5
6,S007_blocked_s,blocked,947,46.2
6,S007_blocked_s,blocked,948,46.3
6,S007_blocked_s,blocked,949,46.5
6,S007_blocked_s,blocked,950,46.6
6,S007_blocked_s,blocked,951,46.5
6,S007_blocked_s,blocked,952,46.5
6,S007_blocked_s,blocked,953,46.1
6,S007_blocked_s,blocked,954,46.5
6,S007_blocked_s,blocked,955,46.5
6,S007_blocked_s,blocked,956,46.7
6,S007_blocked_s,blocked,957,46.1
6,S007_blocked_s,blocked,958,46.4
6,S007_blocked_s,blocked,959,46.4
6,S007_blocked_s,blocked,960,46.2
6,S007_blocked_s,blocked,961,46.6
6,S007_blocked_s,blocked,962,46.3
6,S007_blocked_s,blocked,963,46.5
6,S007_blocked_s,blocked,964,46.3
6,S007_blocked_s,blocked,965,46.6
6,S007_blocked_s,blocked,966,46.6
6,S007_blocked_s,blocked,967,46.6
6,S007_blocked_s,blocked,968,46.8
6,S007_blocked_s,blocked,969,46.6
6,S007_blocked_s,blocked,970,46.5
6,S007_blocked_s,blocked,971,46.7
6,S007_blocked_s,blocked,972,46.8
6,S007_blocked_s,blocked,973,46.5
6,S007_blocked_s,blocked,974,46.8
6,S007_blocked_s,blocked,975,47.0
6,S007_blocked_s,blocked,976,46.6
6,S007_blocked_s,blocked,977,46.9
6,S007_blocked_s,blocked,978,46.9
6,S007_blocked_s,blocked,979,46.8
6,S007_blocked_s,blocked,980,46.7
6,S007_blocked_s,blocked,981,46.9
6,S007_blocked_s,blocked,982,46.8
6,S007_blocked_s,blocked,983,46.7
6,S007_blocked_s,blocked,984,46.8
6,S007_blocked_s,blocked,985,46.7
6,S007_blocked_s,blocked,986,46.6
6,S007_blocked_s,blocked,987,46.7
6,S007_blocked_s,blocked,988,46.9
6,S007_blocked_s,blocked,989,46.7
6,S007_blocked_s,blocked,990,46.7
6,S007_blocked_s,blocked,991,46.8
6,S007_blocked_s,blocked,992,46.9
6,S007_blocked_s,blocked,993,46.8
6,S007_blocked_s,blocked,994,46.9
6,S007_blocked_s,blocked,995,46.8
6,S007_blocked_s,blocked,996,47.0
6,S007_blocked_s,blocked,997,46.8
6,S007_blocked_s,blocked,998,47.0
6,S007_blocked_s,blocked,999,46.8
6,S007_blocked_s,blocked,1000,47.1
6,S007_blocked_s,blocked,1001,46.8
6,S007_blocked_s,blocked,1002,46.7
6,S007_blocked_s,blocked,1003,46.9
6,S007_blocked_s,blocked,1004,47.2
6,S007_blocked_s,blocked,1005,46.8
6,S007_blocked_s,blocked,1006,46.9
6,S007_blocked_s,blocked,1007,47.0
6,S007_blocked_s,blocked,1008,46.9
6,S007_blocked_s,blocked,1009,47.0
6,S007_blocked_s,blocked,1010,47.1
6,S007_blocked_s,blocked,1011,47.0
6,S007_blocked_s,blocked,1012,47.0
6,S007_blocked_s,blocked,1013,46.9
6,S007_blocked_s,blocked,1014,47.1
6,S007_blocked_s,blocked,1015,47.0
6,S007_blocked_s,blocked,1016,46.8
6,S007_blocked_s,blocked,1017,47.0
6,S007_blocked_s,blocked,1018,47.0
6,S007_blocked_s,blocked,1019,47.1
6,S007_blocked_s,blocked,1020,47.0
6,S007_blocked_s,blocked,1021,46.8
6,S007_blocked_s,blocked,1022,46.9
6,S007_blocked_s,blocked,1023,47.2
6,S007_blocked_s,blocked,1024,47.3
6,S007_blocked_s,blocked,1025,47.1
6,S007_blocked_s,blocked,1026,47.0
6,S007_blocked_s,blocked,1027,47.1
6,S007_blocked_s,blocked,1028,47.2
6,S007_blocked_s,blocked,1029,47.1
6,S007_blocked_s,blocked,1030,47.1
6,S007_blocked_s,blocked,1031,46.8
6,S007_blocked_s,blocked,1032,47.3
6,S007_blocked_s,blocked,1033,47.2
6,S007_blocked_s,blocked,1034,47.2
6,S007_blocked_s,blocked,1035,47.0
6,S007_blocked_s,blocked,1036,47.2
6,S007_blocked_s,blocked,1037,46.9
6,S007_blocked_s,blocked,1038,47.2
6,S007_blocked_s,blocked,1039,46.9
6,S007_blocked_s,blocked,1040,47.0
6,S007_blocked_s,blocked,1041,47.0
6,S007_blocked_s,blocked,1042,46.9
6,S007_blocked_s,blocked,1043,47.3
6,S007_blocked_s,blocked,1044,47.1
6,S007_blocked_s,blocked,1045,47.2
6,S007_blocked_s,blocked,1046,47.1
6,S007_blocked_s,blocked,1047,47.3
6,S007_blocked_s,blocked,1048,47.0
6,S007_blocked_s,blocked,1049,47.3
6,S007_blocked_s,blocked,1050,47.1
6,S007_blocked_s,blocked,1051,47.4
6,S007_blocked_s,blocked,1052,47.2
6,S007_blocked_s,blocked,1053,47.5
6,S007_blocked_s,blocked,1054,47.0
6,S007_blocked_s,blocked,1055,47.3
6,S007_blocked_s,blocked,1056,47.4
6,S007_blocked_s,blocked,1057,47.1
6,S007_blocked_s,blocked,1058,47.2
6,S007_blocked_s,blocked,1059,47.3
6,S007_blocked_s,blocked,1060,47.5
6,S007_blocked_s,blocked,1061,47.2
6,S007_blocked_s,blocked,1062,47.3
6,S007_blocked_s,blocked,1063,47.3
6,S007_blocked_s,blocked,1064,47.5
6,S007_blocked_s,blocked,1065,47.3
6,S007_blocked_s,blocked,1066,47.1
6,S007_blocked_s,blocked,1067,47.1
6,S007_blocked_s,blocked,1068,47.2
6,S007_blocked_s,blocked,1069,47.3
6,S007_blocked_s,blocked,1070,47.4
6,S007_blocked_s,blocked,1071,47.2
6,S007_blocked_s,blocked,1072,47.4
6,S007_blocked_s,blocked,1073,47.3
6,S007_blocked_s,blocked,1074,47.5
6,S007_blocked_s,blocked,1075,47.4
6,S007_blocked_s,blocked,1076,47.0
6,S007_blocked_s,blocked,1077,47.4
6,S007_blocked_s,blocked,1078,47.5
6,S007_blocked_s,blocked,1079,47.6
6,S007_blocked_s,blocked,1080,47.3
6,S007_blocked_s,blocked,1081,47.2
6,S007_blocked_s,blocked,1082,47.4
6,S007_blocked_s,blocked,1083,47.2
6,S007_blocked_s,blocked,1084,47.6
6,S007_blocked_s,blocked,1085,47.6
6,S007_blocked_s,blocked,1086,47.4
6,S007_blocked_s,blocked,1087,47.4
6,S007_blocked_s,blocked,1088,47.3
6,S007_blocked_s,blocked,1089,47.4
6,S007_blocked_s,blocked,1090,47.6
6,S007_blocked_s,blocked,1091,47.0
6,S007_blocked_s,blocked,1092,47.5
6,S007_blocked_s,blocked,1093,47.4
6,S007_blocked_s,blocked,1094,47.5
6,S007_blocked_s,blocked,1095,47.4
6,S007_blocked_s,blocked,1096,47.3
6,S007_blocked_s,blocked,1097,47.6
6,S007_blocked_s,blocked,1098,47.4
6,S007_blocked_s,blocked,1099,47.4
6,S007_blocked_s,blocked,1100,47.6
6,S007_blocked_s,blocked,1101,47.6
6,S007_blocked_s,blocked,1102,47.6
6,S007_blocked_s,blocked,1103,47.4
6,S007_blocked_s,blocked,1104,47.6
6,S007_blocked_s,blocked,1105,47.5
6,S007_blocked_s,blocked,1106,47.7
6,S007_blocked_s,blocked,1107,47.5
6,S007_blocked_s,blocked,1108,47.5
6,S007_blocked_s,blocked,1109,47.4
6,S007_blocked_s,blocked,1110,47.6
6,S007_blocked_s,blocked,1111,47.6
6,S007_blocked_s,blocked,1112,47.7
6,S007_blocked_s,blocked,1113,47.9
6,S007_blocked_s,blocked,1114,47.9
6,S007_blocked_s,blocked,1115,47.6
6,S007_blocked_s,blocked,1116,47.6
6,S007_blocked_s,blocked,1117,47.5
6,S007_blocked_s,blocked,1118,47.4
6,S007_blocked_s,blocked,1119,47.6
6,S007_blocked_s,blocked,1120,47.5
6,S007_blocked_s,blocked,1121,47.7
6,S007_blocked_s,blocked,1122,47.6
6,S007_blocked_s,blocked,1123,47.6
6,S007_blocked_s,blocked,1124,47.8
6,S007_blocked_s,blocked,1125,47.7
6,S007_blocked_s,blocked,1126,47.6
6,S007_blocked_s,blocked,1127,47.8
6,S007_blocked_s,blocked,1128,47.6
6,S007_blocked_s,blocked,1129,47.5
6,S007_blocked_s,blocked,1130,47.8
6,S007_blocked_s,blocked,1131,47.8
6,S007_blocked_s,blocked,1132,47.8
6,S007_blocked_s,blocked,1133,47.7
6,S007_blocked_s,blocked,1134,47.8
6,S007_blocked_s,blocked,1135,47.6
6,S007_blocked_s,blocked,1136,47.6
6,S007_blocked_s,blocked,1137,47.7
6,S007_blocked_s,blocked,1138,47.8
6,S007_blocked_s,blocked,1139,47.5
6,S007_blocked_s,blocked,1140,47.5
6,S007_blocked_s,blocked,1141,47.6
6,S007_blocked_s,blocked,1142,47.7
6,S007_blocked_s,blocked,1143,48.0
6,S007_blocked_s,blocked,1144,47.6
6,S007_blocked_s,blocked,1145,47.8
6,S007_blocked_s,blocked,1146,47.7
6,S007_blocked_s,blocked,1147,47.7
6,S007_blocked_s,blocked,1148,47.5
6,S007_blocked_s,blocked,1149,48.1
6,S007_blocked_s,blocked,1150,47.6
6,S007_blocked_s,blocked,1151,47.2
6,S007_blocked_s,blocked,1152,47.9
6,S007_blocked_s,blocked,1153,47.4
6,S007_blocked_s,blocked,1154,48.1
6,S007_blocked_s,blocked,1155,47.5
6,S007_blocked_s,blocked,1156,47.8
6,S007_blocked_s,blocked,1157,47.7
6,S007_blocked_s,blocked,1158,47.4
6,S007_blocked_s,blocked,1159,47.6
6,S007_blocked_s,blocked,1160,48.0
6,S007_blocked_s,blocked,1161,48.1
6,S007_blocked_s,blocked,1162,47.9
6,S007_blocked_s,blocked,1163,47.5
6,S007_blocked_s,blocked,1164,47.8
6,S007_blocked_s,blocked,1165,47.9
6,S007_blocked_s,blocked,1166,47.6
6,S007_blocked_s,blocked,1167,47.8
6,S007_blocked_s,blocked,1168,47.7
6,S007_blocked_s,blocked,1169,47.6
6,S007_blocked_s,blocked,1170,47.7
6,S007_blocked_s,blocked,1171,48.1
6,S007_blocked_s,blocked,1172,47.9
6,S007_blocked_s,blocked,1173,47.7
6,S007_blocked_s,blocked,1174,47.7
6,S007_blocked_s,blocked,1175,47.6
6,S007_blocked_s,blocked,1176,48.0
6,S007_blocked_s,blocked,1177,48.1
6,S007_blocked_s,blocked,1178,48.1
6,S007_blocked_s,blocked,1179,47.9
6,S007_blocked_s,blocked,1180,47.8
6,S007_blocked_s,blocked,1181,47.9
6,S007_blocked_s,blocked,1182,47.9
6,S007_blocked_s,blocked,1183,47.5
6,S007_blocked_s,blocked,1184,47.9
6,S007_blocked_s,blocked,1185,47.9
6,S007_blocked_s,blocked,1186,47.7
6,S007_blocked_s,blocked,1187,48.0
6,S007_blocked_s,blocked,1188,47.9
6,S007_blocked_s,blocked,1189,47.8
6,S007_blocked_s,blocked,1190,47.6
6,S007_blocked_s,blocked,1191,48.0
6,S007_blocked_s,blocked,1192,47.8
6,S007_blocked_s,blocked,1193,48.1
6,S007_blocked_s,blocked,1194,47.8
6,S007_blocked_s,blocked,1195,47.8
6,S007_blocked_s,blocked,1196,48.0
6,S007_blocked_s,blocked,1197,47.9
6,S007_blocked_s,blocked,1198,47.9
6,S007_blocked_s,blocked,1199,47.9
6,S007_blocked_s,blocked,1200,47.8
6,S007_blocked_s,blocked,1201,48.0
6,S007_blocked_s,blocked,1202,48.0
6,S007_blocked_s,blocked,1203,47.8
6,S007_blocked_s,blocked,1204,47.9
6,S007_blocked_s,blocked,1205,47.7
6,S007_blocked_s,blocked,1206,47.7
6,S007_blocked_s,blocked,1207,47.5
6,S007_blocked_s,blocked,1208,47.5
6,S007_blocked_s,blocked,1209,47.3
6,S007_blocked_s,blocked,1210,47.3
6,S007_blocked_s,blocked,1211,47.2
6,S007_blocked_s,blocked,1212,47.4
6,S007_blocked_s,blocked,1213,47.3
6,S007_blocked_s,blocked,1214,47.6
6,S007_blocked_s,blocked,1215,47.1
6,S007_blocked_s,blocked,1216,47.2
6,S007_blocked_s,blocked,1217,46.9
6,S007_blocked_s,blocked,1218,47.1
6,S007_blocked_s,blocked,1219,47.0
6,S007_blocked_s,blocked,1220,46.9
6,S007_blocked_s,blocked,1221,46.7
6,S007_blocked_s,blocked,1222,46.8
6,S007_blocked_s,blocked,1223,46.6
6,S007_blocked_s,blocked,1224,46.9
6,S007_blocked_s,blocked,1225,46.4
6,S007_blocked_s,blocked,1226,46.8
6,S007_blocked_s,blocked,1227,46.6
6,S007_blocked_s,blocked,1228,46.7
6,S007_blocked_s,blocked,1229,46.6
6,S007_blocked_s,blocked,1230,47.0
6,S007_blocked_s,blocked,1231,46.7
6,S007_blocked_s,blocked,1232,46.3
6,S007_blocked_s,blocked,1233,46.3
6,S007_blocked_s,blocked,1234,46.1
6,S007_blocked_s,blocked,1235,46.4
6,S007_blocked_s,blocked,1236,46.1
6,S007_blocked_s,blocked,1237,46.2
6,S007_blocked_s,blocked,1238,46.4
6,S007_blocked_s,blocked,1239,46.1
6,S007_blocked_s,blocked,1240,46.0
6,S007_blocked_s,blocked,1241,45.9
6,S007_blocked_s,blocked,1242,45.8
6,S007_blocked_s,blocked,1243,45.9
6,S007_blocked_s,blocked,1244,45.9
6,S007_blocked_s,blocked,1245,45.5
6,S007_blocked_s,blocked,1246,45.7
6,S007_blocked_s,blocked,1247,45.8
6,S007_blocked_s,blocked,1248,45.7
6,S007_blocked_s,blocked,1249,45.7
6,S007_blocked_s,blocked,1250,45.6
6,S007_blocked_s,blocked,1251,45.6
6,S007_blocked_s,blocked,1252,45.4
6,S007_blocked_s,blocked,1253,45.5
6,S007_blocked_s,blocked,1254,45.6
6,S007_blocked_s,blocked,1255,45.4
6,S007_blocked_s,blocked,1256,45.5
6,S007_blocked_s,blocked,1257,45.3
6,S007_blocked_s,blocked,1258,45.2
6,S007_blocked_s,blocked,1259,45.3
6,S007_blocked_s,blocked,1260,45.3
6,S007_blocked_s,blocked,1261,45.3
6,S007_blocked_s,blocked,1262,45.1
6,S007_blocked_s,blocked,1263,45.1
6,S007_blocked_s,blocked,1264,45.0
6,S007_blocked_s,blocked,1265,45.3
6,S007_blocked_s,blocked,1266,44.7
6,S007_blocked_s,blocked,1267,44.8
6,S007_blocked_s,blocked,1268,44.9
6,S007_blocked_s,blocked,1269,45.0
6,S007_blocked_s,blocked,1270,44.8
6,S007_blocked_s,blocked,1271,44.4
6,S007_blocked_s,blocked,1272,44.7
6,S007_blocked_s,blocked,1273,44.6
6,S007_blocked_s,blocked,1274,44.7
6,S007_blocked_s,blocked,1275,44.7
6,S007_blocked_s,blocked,1276,44.4
6,S007_blocked_s,blocked,1277,44.2
6,S007_blocked_s,blocked,1278,44.5
6,S007_blocked_s,blocked,1279,44.5
6,S007_blocked_s,blocked,1280,44.1
6,S007_blocked_s,blocked,1281,44.4
6,S007_blocked_s,blocked,1282,44.5
6,S007_blocked_s,blocked,1283,44.3
6,S007_blocked_s,blocked,1284,44.3
6,S007_blocked_s,blocked,1285,44.2
6,S007_blocked_s,blocked,1286,44.0
6,S007_blocked_s,blocked,1287,43.9
6,S007_blocked_s,blocked,1288,44.0
6,S007_blocked_s,blocked,1289,43.6
6,S007_blocked_s,blocked,1290,43.8
6,S007_blocked_s,blocked,1291,44.1
6,S007_blocked_s,blocked,1292,44.0
6,S007_blocked_s,blocked,1293,43.8
6,S007_blocked_s,blocked,1294,43.9
6,S007_blocked_s,blocked,1295,43.7
6,S007_blocked_s,blocked,1296,43.7
6,S007_blocked_s,blocked,1297,43.5
6,S007_blocked_s,blocked,1298,43.5
6,S007_blocked_s,blocked,1299,43.7
6,S007_blocked_s,blocked,1300,43.6
6,S007_blocked_s,blocked,1301,43.5
6,S007_blocked_s,blocked,1302,43.5
6,S007_blocked_s,blocked,1303,43.6
6,S007_blocked_s,blocked,1304,43.2
6,S007_blocked_s,blocked,1305,43.5
6,S007_blocked_s,blocked,1306,43.0
6,S007_blocked_s,blocked,1307,42.7
6,S007_blocked_s,blocked,1308,43.8
6,S007_blocked_s,blocked,1309,43.2
6,S007_blocked_s,blocked,1310,43.1
6,S007_blocked_s,blocked,1311,43.0
6,S007_blocked_s,blocked,1312,43.1
6,S007_blocked_s,blocked,1313,43.2
6,S007_blocked_s,blocked,1314,43.2
6,S007_blocked_s,blocked,1315,42.9
6,S007_blocked_s,blocked,1316,42.9
6,S007_blocked_s,blocked,1317,43.2
6,S007_blocked_s,blocked,1318,42.8
6,S007_blocked_s,blocked,1319,42.6
6,S007_blocked_s,blocked,1320,42.9
6,S007_blocked_s,blocked,1321,42.7
6,S007_blocked_s,blocked,1322,42.5
6,S007_blocked_s,blocked,1323,42.6
6,S007_blocked_s,blocked,1324,42.6
6,S007_blocked_s,blocked,1325,42.7
6,S007_blocked_s,blocked,1326,42.5
6,S007_blocked_s,blocked,1327,42.5
6,S007_blocked_s,blocked,1328,42.4
6,S007_blocked_s,blocked,1329,42.5
6,S007_blocked_s,blocked,1330,42.4
6,S007_blocked_s,blocked,1331,42.6
6,S007_blocked_s,blocked,1332,42.2
6,S007_blocked_s,blocked,1333,42.6
6,S007_blocked_s,blocked,1334,42.1
6,S007_blocked_s,blocked,1335,42.2
6,S007_blocked_s,blocked,1336,42.1
6,S007_blocked_s,blocked,1337,42.0
6,S007_blocked_s,blocked,1338,42.1
6,S007_blocked_s,blocked,1339,42.0
6,S007_blocked_s,blocked,1340,41.8
6,S007_blocked_s,blocked,1341,42.0
6,S007_blocked_s,blocked,1342,41.9
6,S007_blocked_s,blocked,1343,41.8
6,S007_blocked_s,blocked,1344,41.7
6,S007_blocked_s,blocked,1345,41.8
6,S007_blocked_s,blocked,1346,41.7
6,S007_blocked_s,blocked,1347,41.8
6,S007_blocked_s,blocked,1348,41.7
6,S007_blocked_s,blocked,1349,41.5
6,S007_blocked_s,blocked,1350,41.8
6,S007_blocked_s,blocked,1351,41.8
6,S007_blocked_s,blocked,1352,41.5
6,S007_blocked_s,blocked,1353,41.7
6,S007_blocked_s,blocked,1354,41.4
6,S007_blocked_s,blocked,1355,41.5
6,S007_blocked_s,blocked,1356,41.7
6,S007_blocked_s,blocked,1357,41.3
6,S007_blocked_s,blocked,1358,41.5
6,S007_blocked_s,blocked,1359,41.1
6,S007_blocked_s,blocked,1360,41.1
6,S007_blocked_s,blocked,1361,41.2
6,S007_blocked_s,blocked,1362,40.9
6,S007_blocked_s,blocked,1363,41.1
6,S007_blocked_s,blocked,1364,41.0
6,S007_blocked_s,blocked,1365,41.2
6,S007_blocked_s,blocked,1366,41.1
6,S007_blocked_s,blocked,1367,40.9
6,S007_blocked_s,blocked,1368,41.3
6,S007_blocked_s,blocked,1369,41.0
6,S007_blocked_s,blocked,1370,40.9
6,S007_blocked_s,blocked,1371,40.7
6,S007_blocked_s,blocked,1372,40.6
6,S007_blocked_s,blocked,1373,41.0
6,S007_blocked_s,blocked,1374,40.9
6,S007_blocked_s,blocked,1375,40.7
6,S007_blocked_s,blocked,1376,41.0
6,S007_blocked_s,blocked,1377,40.6
6,S007_blocked_s,blocked,1378,40.5
6,S007_blocked_s,blocked,1379,40.7
6,S007_blocked_s,blocked,1380,40.4
6,S007_blocked_s,blocked,1381,40.7
6,S007_blocked_s,blocked,1382,40.7
6,S007_blocked_s,blocked,1383,40.4
6,S007_blocked_s,blocked,1384,40.4
6,S007_blocked_s,blocked,1385,40.1
6,S007_blocked_s,blocked,1386,40.6
6,S007_blocked_s,blocked,1387,40.2
6,S007_blocked_s,blocked,1388,40.3
6,S007_blocked_s,blocked,1389,40.5
6,S007_blocked_s,blocked,1390,40.1
6,S007_blocked_s,blocked,1391,40.0
6,S007_blocked_s,blocked,1392,40.3
6,S007_blocked_s,blocked,1393,40.1
6,S007_blocked_s,blocked,1394,40.1
6,S007_blocked_s,blocked,1395,40.0
6,S007_blocked_s,blocked,1396,39.8
6,S007_blocked_s,blocked,1397,39.9
6,S007_blocked_s,blocked,1398,40.3
6,S007_blocked_s,blocked,1399,40.0
6,S007_blocked_s,blocked,1400,39.8
6,S007_blocked_s,blocked,1401,39.7
6,S007_blocked_s,blocked,1402,39.7
6,S007_blocked_s,blocked,1403,39.6
6,S007_blocked_s,blocked,1404,39.8
6,S007_blocked_s,blocked,1405,39.8
6,S007_blocked_s,blocked,1406,39.8
6,S007_blocked_s,blocked,1407,39.7
6,S007_blocked_s,blocked,1408,39.7
6,S007_blocked_s,blocked,1409,39.6
6,S007_blocked_s,blocked,1410,39.7
6,S007_blocked_s,blocked,1411,39.7
6,S007_blocked_s,blocked,1412,39.4
6,S007_blocked_s,blocked,1413,39.3
6,S007_blocked_s,blocked,1414,39.5
6,S007_blocked_s,blocked,1415,39.4
6,S007_blocked_s,blocked,1416,39.6
6,S007_blocked_s,blocked,1417,39.2
6,S007_blocked_s,blocked,1418,39.3
6,S007_blocked_s,blocked,1419,39.4
6,S007_blocked_s,blocked,1420,39.3
6,S007_blocked_s,blocked,1421,39.1
6,S007_blocked_s,blocked,1422,39.4
6,S007_blocked_s,blocked,1423,39.3
6,S007_blocked_s,blocked,1424,39.2
6,S007_blocked_s,blocked,1425,39.1
6,S007_blocked_s,blocked,1426,39.2
6,S007_blocked_s,blocked,1427,39.1
6,S007_blocked_s,blocked,1428,38.9
6,S007_blocked_s,blocked,1429,39.2
6,S007_blocked_s,blocked,1430,38.8
6,S007_blocked_s,blocked,1431,38.9
6,S007_blocked_s,blocked,1432,39.0
6,S007_blocked_s,blocked,1433,38.7
6,S007_blocked_s,blocked,1434,38.8
6,S007_blocked_s,blocked,1435,38.6
6,S007_blocked_s,blocked,1436,38.7
6,S007_blocked_s,blocked,1437,38.6
6,S007_blocked_s,blocked,1438,38.3
6,S007_blocked_s,blocked,1439,38.9
6,S007_blocked_s,blocked,1440,38.8
6,S007_blocked_s,blocked,1441,38.6
6,S007_blocked_s,blocked,1442,38.7
6,S007_blocked_s,blocked,1443,38.3
6,S007_blocked_s,blocked,1444,38.5
6,S007_blocked_s,blocked,1445,38.6
6,S007_blocked_s,blocked,1446,38.4
6,S007_blocked_s,blocked,1447,38.5
6,S007_blocked_s,blocked,1448,38.4
6,S007_blocked_s,blocked,1449,38.5
6,S007_blocked_s,blocked,1450,38.3
6,S007_blocked_s,blocked,1451,38.2
6,S007_blocked_s,blocked,1452,38.4
6,S007_blocked_s,blocked,1453,38.2
6,S007_blocked_s,blocked,1454,38.3
6,S007_blocked_s,blocked,1455,38.5
6,S007_blocked_s,blocked,1456,38.1
6,S007_blocked_s,blocked,1457,38.6
6,S007_blocked_s,blocked,1458,38.0
6,S007_blocked_s,blocked,1459,38.0
6,S007_blocked_s,blocked,1460,37.9
6,S007_blocked_s,blocked,1461,38.1
6,S007_blocked_s,blocked,1462,37.9
6,S007_blocked_s,blocked,1463,38.1
6,S007_blocked_s,blocked,1464,38.2
6,S007_blocked_s,blocked,1465,37.9
6,S007_blocked_s,blocked,1466,37.9
6,S007_blocked_s,blocked,1467,38.0
6,S007_blocked_s,blocked,1468,37.9
6,S007_blocked_s,blocked,1469,37.9
6,S007_blocked_s,blocked,1470,37.7
6,S007_blocked_s,blocked,1471,38.0
6,S007_blocked_s,blocked,1472,37.7
6,S007_blocked_s,blocked,1473,37.5
6,S007_blocked_s,blocked,1474,37.7
6,S007_blocked_s,blocked,1475,37.6
6,S007_blocked_s,blocked,1476,37.5
6,S007_blocked_s,blocked,1477,37.6
6,S007_blocked_s,blocked,1478,37.4
6,S007_blocked_s,blocked,1479,37.7
6,S007_blocked_s,blocked,1480,37.5
6,S007_blocked_s,blocked,1481,37.5
6,S007_blocked_s,blocked,1482,37.4
6,S007_blocked_s,blocked,1483,37.4
6,S007_blocked_s,blocked,1484,37.5
6,S007_blocked_s,blocked,1485,37.8
6,S007_blocked_s,blocked,1486,37.3
6,S007_blocked_s,blocked,1487,37.2
6,S007_blocked_s,blocked,1488,37.2
6,S007_blocked_s,blocked,1489,37.3
6,S007_blocked_s,blocked,1490,37.2
6,S007_blocked_s,blocked,1491,37.2
6,S007_blocked_s,blocked,1492,37.3
6,S007_blocked_s,blocked,1493,37.2
6,S007_blocked_s,blocked,1494,37.2
6,S007_blocked_s,blocked,1495,37.0
6,S007_blocked_s,blocked,1496,37.1
6,S007_blocked_s,blocked,1497,37.2
6,S007_blocked_s,blocked,1498,37.0
6,S007_blocked_s,blocked,1499,37.2
7,S008_blocked_s,blocked,0,22.5
7,S008_blocked_s,blocked,1,22.2
7,S008_blocked_s,blocked,2,22.1
7,S008_blocked_s,blocked,3,22.3
7,S008_blocked_s,blocked,4,22.8
7,S008_blocked_s,blocked,5,22.1
7,S008_blocked_s,blocked,6,22.0
7,S008_blocked_s,blocked,7,22.5
7,S008_blocked_s,blocked,8,21.8
7,S008_blocked_s,blocked,9,22.5
7,S008_blocked_s,blocked,10,22.5
7,S008_blocked_s,blocked,11,22.4
7,S008_blocked_s,blocked,12,22.3
7,S008_blocked_s,blocked,13,22.3
7,S008_blocked_s,blocked,14,22.2
7,S008_blocked_s,blocked,15,22.4
7,S008_blocked_s,blocked,16,22.6
7,S008_blocked_s,blocked,17,22.2
7,S008_blocked_s,blocked,18,22.1
7,S008_blocked_s,blocked,19,22.4
7,S008_blocked_s,blocked,20,22.3
7,S008_blocked_s,blocked,21,22.1
7,S008_blocked_s,blocked,22,22.7
7,S008_blocked_s,blocked,23,22.3
7,S008_blocked_s,blocked,24,22.2
7,S008_blocked_s,blocked,25,22.4
7,S008_blocked_s,blocked,26,22.1
7,S008_blocked_s,blocked,27,22.6
7,S008_blocked_s,blocked,28,22.2
7,S008_blocked_s,blocked,29,22.3
7,S008_blocked_s,blocked,30,22.9
7,S008_blocked_s,blocked,31,22.6
7,S008_blocked_s,blocked,32,22.1
7,S008_blocked_s,blocked,33,22.1
7,S008_blocked_s,blocked,34,22.4
7,S008_blocked_s,blocked,35,22.1
7,S008_blocked_s,blocked,36,22.2
7,S008_blocked_s,blocked,37,22.6
7,S008_blocked_s,blocked,38,22.2
7,S008_blocked_s,blocked,39,22.2
7,S008_blocked_s,blocked,40,22.5
7,S008_blocked_s,blocked,41,22.8
7,S008_blocked_s,blocked,42,22.7
7,S008_blocked_s,blocked,43,22.4
7,S008_blocked_s,blocked,44,22.4
7,S008_blocked_s,blocked,45,22.3
7,S008_blocked_s,blocked,46,22.4
7,S008_blocked_s,blocked,47,22.4
7,S008_blocked_s,blocked,48,22.3
7,S008_blocked_s,blocked,49,22.1
7,S008_blocked_s,blocked,50,22.7
7,S008_blocked_s,blocked,51,22.3
7,S008_blocked_s,blocked,52,22.0
7,S008_blocked_s,blocked,53,22.5
7,S008_blocked_s,blocked,54,22.2
7,S008_blocked_s,blocked,55,22.0
7,S008_blocked_s,blocked,56,22.6
7,S008_blocked_s,blocked,57,22.1
7,S008_blocked_s,blocked,58,22.5
7,S008_blocked_s,blocked,59,22.2
7,S008_blocked_s,blocked,60,22.1
7,S008_blocked_s,blocked,61,22.3
7,S008_blocked_s,blocked,62,22.3
7,S008_blocked_s,blocked,63,22.5
7,S008_blocked_s,blocked,64,22.6
7,S008_blocked_s,blocked,65,22.4
7,S008_blocked_s,blocked,66,22.5
7,S008_blocked_s,blocked,67,22.3
7,S008_blocked_s,blocked,68,22.6
7,S008_blocked_s,blocked,69,22.2
7,S008_blocked_s,blocked,70,22.3
7,S008_blocked_s,blocked,71,22.4
7,S008_blocked_s,blocked,72,22.6
7,S008_blocked_s,blocked,73,22.6
7,S008_blocked_s,blocked,74,22.4
7,S008_blocked_s,blocked,75,22.0
7,S008_blocked_s,blocked,76,22.0
7,S008_blocked_s,blocked,77,22.4
7,S008_blocked_s,blocked,78,22.1
7,S008_blocked_s,blocked,79,22.3
7,S008_blocked_s,blocked,80,22.0
7,S008_blocked_s,blocked,81,22.3
7,S008_blocked_s,blocked,82,22.4
7,S008_blocked_s,blocked,83,22.5
7,S008_blocked_s,blocked,84,22.4
7,S008_blocked_s,blocked,85,21.9
7,S008_blocked_s,blocked,86,22.1
7,S008_blocked_s,blocked,87,22.7
7,S008_blocked_s,blocked,88,22.5
7,S008_blocked_s,blocked,89,22.4
7,S008_blocked_s,blocked,90,22.4
7,S008_blocked_s,blocked,91,22.4
7,S008_blocked_s,blocked,92,22.6
7,S008_blocked_s,blocked,93,22.0
7,S008_blocked_s,blocked,94,22.3
7,S008_blocked_s,blocked,95,21.9
7,S008_blocked_s,blocked,96,22.2
7,S008_blocked_s,blocked,97,22.2
7,S008_blocked_s,blocked,98,22.3
7,S008_blocked_s,blocked,99,22.4
7,S008_blocked_s,blocked,100,22.2
7,S008_blocked_s,blocked,101,22.5
7,S008_blocked_s,blocked,102,22.5
7,S008_blocked_s,blocked,103,22.2
7,S008_blocked_s,blocked,104,22.6
7,S008_blocked_s,blocked,105,22.5
7,S008_blocked_s,blocked,106,22.5
7,S008_blocked_s,blocked,107,22.5
7,S008_blocked_s,blocked,108,22.4
7,S008_blocked_s,blocked,109,22.5
7,S008_blocked_s,blocked,110,22.9
7,S008_blocked_s,blocked,111,22.1
7,S008_blocked_s,blocked,112,22.6
7,S008_blocked_s,blocked,113,22.3
7,S008_blocked_s,blocked,114,22.5
7,S008_blocked_s,blocked,115,22.5
7,S008_blocked_s,blocked,116,22.2
7,S008_blocked_s,blocked,117,22.2
7,S008_blocked_s,blocked,118,22.5
7,S008_blocked_s,blocked,119,22.6
7,S008_blocked_s,blocked,120,22.4
7,S008_blocked_s,blocked,121,22.3
7,S008_blocked_s,blocked,122,22.3
7,S008_blocked_s,blocked,123,21.9
7,S008_blocked_s,blocked,124,22.5
7,S008_blocked_s,blocked,125,22.3
7,S008_blocked_s,blocked,126,22.6
7,S008_blocked_s,blocked,127,22.2
7,S008_blocked_s,blocked,128,21.9
7,S008_blocked_s,blocked,129,22.4
7,S008_blocked_s,blocked,130,22.0
7,S008_blocked_s,blocked,131,22.3
7,S008_blocked_s,blocked,132,22.1
7,S008_blocked_s,blocked,133,22.6
7,S008_blocked_s,blocked,134,22.7
7,S008_blocked_s,blocked,135,22.1
7,S008_blocked_s,blocked,136,22.2
7,S008_blocked_s,blocked,137,22.3
7,S008_blocked_s,blocked,138,22.1
7,S008_blocked_s,blocked,139,22.7
7,S008_blocked_s,blocked,140,22.7
7,S008_blocked_s,blocked,141,22.5
7,S008_blocked_s,blocked,142,22.4
7,S008_blocked_s,blocked,143,21.8
7,S008_blocked_s,blocked,144,22.6
7,S008_blocked_s,blocked,145,22.1
7,S008_blocked_s,blocked,146,22.2
7,S008_blocked_s,blocked,147,22.1
7,S008_blocked_s,blocked,148,22.2
7,S008_blocked_s,blocked,149,22.3
7,S008_blocked_s,blocked,150,22.3
7,S008_blocked_s,blocked,151,22.6
7,S008_blocked_s,blocked,152,22.4
7,S008_blocked_s,blocked,153,22.1
7,S008_blocked_s,blocked,154,22.7
7,S008_blocked_s,blocked,155,22.2
7,S008_blocked_s,blocked,156,22.3
7,S008_blocked_s,blocked,157,22.2
7,S008_blocked_s,blocked,158,22.0
7,S008_blocked_s,blocked,159,22.7
7,S008_blocked_s,blocked,160,22.5
7,S008_blocked_s,blocked,161,22.3
7,S008_blocked_s,blocked,162,22.4
7,S008_blocked_s,blocked,163,22.6
7,S008_blocked_s,blocked,164,22.6
7,S008_blocked_s,blocked,165,22.9
7,S008_blocked_s,blocked,166,22.2
7,S008_blocked_s,blocked,167,22.4
7,S008_blocked_s,blocked,168,22.2
7,S008_blocked_s,blocked,169,22.1
7,S008_blocked_s,blocked,170,22.4
7,S008_blocked_s,blocked,171,22.5
7,S008_blocked_s,blocked,172,22.2
7,S008_blocked_s,blocked,173,21.9
7,S008_blocked_s,blocked,174,22.4
7,S008_blocked_s,blocked,175,22.2
7,S008_blocked_s,blocked,176,22.1
7,S008_blocked_s,blocked,177,22.2
7,S008_blocked_s,blocked,178,22.3
7,S008_blocked_s,blocked,179,22.6
7,S008_blocked_s,blocked,180,22.2
7,S008_blocked_s,blocked,181,22.3
7,S008_blocked_s,blocked,182,22.0
7,S008_blocked_s,blocked,183,22.1
7,S008_blocked_s,blocked,184,22.2
7,S008_blocked_s,blocked,185,22.6
7,S008_blocked_s,blocked,186,22.4
7,S008_blocked_s,blocked,187,22.4
7,S008_blocked_s,blocked,188,22.3
7,S008_blocked_s,blocked,189,22.1
7,S008_blocked_s,blocked,190,22.4
7,S008_blocked_s,blocked,191,22.0
7,S008_blocked_s,blocked,192,22.3
7,S008_blocked_s,blocked,193,22.3
7,S008_blocked_s,blocked,194,22.2
7,S008_blocked_s,blocked,195,22.2
7,S008_blocked_s,blocked,196,22.6
7,S008_blocked_s,blocked,197,22.3
7,S008_blocked_s,blocked,198,22.4
7,S008_blocked_s,blocked,199,22.5
7,S008_blocked_s,blocked,200,22.5
7,S008_blocked_s,blocked,201,22.5
7,S008_blocked_s,blocked,202,22.0
7,S008_blocked_s,blocked,203,22.5
7,S008_blocked_s,blocked,204,22.3
7,S008_blocked_s,blocked,205,22.2
7,S008_blocked_s,blocked,206,22.5
7,S008_blocked_s,blocked,207,22.1
7,S008_blocked_s,blocked,208,22.0
7,S008_blocked_s,blocked,209,22.2
7,S008_blocked_s,blocked,210,22.1
7,S008_blocked_s,blocked,211,22.2
7,S008_blocked_s,blocked,212,21.9
7,S008_blocked_s,blocked,213,22.4
7,S008_blocked_s,blocked,214,22.5
7,S008_blocked_s,blocked,215,22.0
7,S008_blocked_s,blocked,216,22.1
7,S008_blocked_s,blocked,217,22.6
7,S008_blocked_s,blocked,218,22.6
7,S008_blocked_s,blocked,219,22.5
7,S008_blocked_s,blocked,220,22.2
7,S008_blocked_s,blocked,221,22.3
7,S008_blocked_s,blocked,222,22.5
7,S008_blocked_s,blocked,223,22.1
7,S008_blocked_s,blocked,224,21.9
7,S008_blocked_s,blocked,225,22.3
7,S008_blocked_s,blocked,226,22.1
7,S008_blocked_s,blocked,227,22.3
7,S008_blocked_s,blocked,228,22.1
7,S008_blocked_s,blocked,229,22.0
7,S008_blocked_s,blocked,230,22.2
7,S008_blocked_s,blocked,231,22.3
7,S008_blocked_s,blocked,232,21.9
7,S008_blocked_s,blocked,233,22.3
7,S008_blocked_s,blocked,234,22.5
7,S008_blocked_s,blocked,235,22.1
7,S008_blocked_s,blocked,236,22.1
7,S008_blocked_s,blocked,237,22.7
7,S008_blocked_s,blocked,238,22.7
7,S008_blocked_s,blocked,239,22.5
7,S008_blocked_s,blocked,240,22.1
7,S008_blocked_s,blocked,241,22.1
7,S008_blocked_s,blocked,242,22.3
7,S008_blocked_s,blocked,243,22.4
7,S008_blocked_s,blocked,244,22.1
7,S008_blocked_s,blocked,245,22.5
7,S008_blocked_s,blocked,246,21.8
7,S008_blocked_s,blocked,247,22.8
7,S008_blocked_s,blocked,248,22.4
7,S008_blocked_s,blocked,249,22.3
7,S008_blocked_s,blocked,250,22.2
7,S008_blocked_s,blocked,251,22.0
7,S008_blocked_s,blocked,252,21.8
7,S008_blocked_s,blocked,253,22.1
7,S008_blocked_s,blocked,254,22.4
7,S008_blocked_s,blocked,255,22.4
7,S008_blocked_s,blocked,256,21.9
7,S008_blocked_s,blocked,257,22.2
7,S008_blocked_s,blocked,258,22.5
7,S008_blocked_s,blocked,259,22.5
7,S008_blocked_s,blocked,260,22.5
7,S008_blocked_s,blocked,261,22.5
7,S008_blocked_s,blocked,262,22.7
7,S008_blocked_s,blocked,263,22.4
7,S008_blocked_s,blocked,264,22.1
7,S008_blocked_s,blocked,265,22.5
7,S008_blocked_s,blocked,266,22.3
7,S008_blocked_s,blocked,267,22.4
7,S008_blocked_s,blocked,268,22.6
7,S008_blocked_s,blocked,269,22.5
7,S008_blocked_s,blocked,270,22.2
7,S008_blocked_s,blocked,271,22.4
7,S008_blocked_s,blocked,272,22.4
7,S008_blocked_s,blocked,273,22.4
7,S008_blocked_s,blocked,274,21.8
7,S008_blocked_s,blocked,275,22.3
7,S008_blocked_s,blocked,276,22.5
7,S008_blocked_s,blocked,277,21.8
7,S008_blocked_s,blocked,278,22.3
7,S008_blocked_s,blocked,279,22.3
7,S008_blocked_s,blocked,280,22.1
7,S008_blocked_s,blocked,281,22.2
7,S008_blocked_s,blocked,282,22.1
7,S008_blocked_s,blocked,283,21.8
7,S008_blocked_s,blocked,284,22.1
7,S008_blocked_s,blocked,285,22.4
7,S008_blocked_s,blocked,286,22.1
7,S008_blocked_s,blocked,287,22.1
7,S008_blocked_s,blocked,288,22.2
7,S008_blocked_s,blocked,289,22.3
7,S008_blocked_s,blocked,290,22.7
7,S008_blocked_s,blocked,291,22.2
7,S008_blocked_s,blocked,292,22.2
7,S008_blocked_s,blocked,293,22.4
7,S008_blocked_s,blocked,294,22.4
7,S008_blocked_s,blocked,295,22.1
7,S008_blocked_s,blocked,296,22.6
7,S008_blocked_s,blocked,297,21.9
7,S008_blocked_s,blocked,298,22.0
7,S008_blocked_s,blocked,299,22.1
7,S008_blocked_s,blocked,300,22.4
7,S008_blocked_s,blocked,301,22.7
7,S008_blocked_s,blocked,302,22.3
7,S008_blocked_s,blocked,303,22.2
7,S008_blocked_s,blocked,304,22.4
7,S008_blocked_s,blocked,305,22.7
7,S008_blocked_s,blocked,306,23.0
7,S008_blocked_s,blocked,307,22.5
7,S008_blocked_s,blocked,308,22.9
7,S008_blocked_s,blocked,309,23.0
7,S008_blocked_s,blocked,310,23.3
7,S008_blocked_s,blocked,311,23.0
7,S008_blocked_s,blocked,312,23.5
7,S008_blocked_s,blocked,313,23.5
7,S008_blocked_s,blocked,314,23.3
7,S008_blocked_s,blocked,315,23.8
7,S008_blocked_s,blocked,316,23.6
7,S008_blocked_s,blocked,317,23.7
7,S008_blocked_s,blocked,318,23.6
7,S008_blocked_s,blocked,319,23.6
7,S008_blocked_s,blocked,320,24.0
7,S008_blocked_s,blocked,321,23.8
7,S008_blocked_s,blocked,322,23.9
7,S008_blocked_s,blocked,323,24.3
7,S008_blocked_s,blocked,324,24.0
7,S008_blocked_s,blocked,325,24.2
7,S008_blocked_s,blocked,326,24.0
7,S008_blocked_s,blocked,327,24.1
7,S008_blocked_s,blocked,328,24.6
7,S008_blocked_s,blocked,329,24.3
7,S008_blocked_s,blocked,330,24.2
7,S008_blocked_s,blocked,331,24.2
7,S008_blocked_s,blocked,332,24.5
7,S008_blocked_s,blocked,333,24.0
7,S008_blocked_s,blocked,334,24.5
7,S008_blocked_s,blocked,335,24.8
7,S008_blocked_s,blocked,336,24.8
7,S008_blocked_s,blocked,337,25.1
7,S008_blocked_s,blocked,338,25.2
7,S008_blocked_s,blocked,339,25.0
7,S008_blocked_s,blocked,340,25.0
7,S008_blocked_s,blocked,341,25.2
7,S008_blocked_s,blocked,342,25.8
7,S008_blocked_s,blocked,343,25.7
7,S008_blocked_s,blocked,344,25.4
7,S008_blocked_s,blocked,345,25.1
7,S008_blocked_s,blocked,346,25.7
7,S008_blocked_s,blocked,347,25.5
7,S008_blocked_s,blocked,348,25.6
7,S008_blocked_s,blocked,349,26.3
7,S008_blocked_s,blocked,350,26.2
7,S008_blocked_s,blocked,351,25.7
7,S008_blocked_s,blocked,352,26.1
7,S008_blocked_s,blocked,353,26.0
7,S008_blocked_s,blocked,354,26.2
7,S008_blocked_s,blocked,355,26.2
7,S008_blocked_s,blocked,356,25.9
7,S008_blocked_s,blocked,357,26.2
7,S008_blocked_s,blocked,358,26.7
7,S008_blocked_s,blocked,359,27.0
7,S008_blocked_s,blocked,360,26.5
7,S008_blocked_s,blocked,361,26.1
7,S008_blocked_s,blocked,362,26.6
7,S008_blocked_s,blocked,363,27.0
7,S008_blocked_s,blocked,364,26.8
7,S008_blocked_s,blocked,365,26.6
7,S008_blocked_s,blocked,366,27.1
7,S008_blocked_s,blocked,367,26.9
7,S008_blocked_s,blocked,368,26.9
7,S008_blocked_s,blocked,369,27.1
7,S008_blocked_s,blocked,370,27.5
7,S008_blocked_s,blocked,371,26.9
7,S008_blocked_s,blocked,372,27.6
7,S008_blocked_s,blocked,373,27.4
7,S008_blocked_s,blocked,374,27.8
7,S008_blocked_s,blocked,375,27.5
7,S008_blocked_s,blocked,376,27.5
7,S008_blocked_s,blocked,377,27.6
7,S008_blocked_s,blocked,378,27.4
7,S008_blocked_s,blocked,379,28.1
7,S008_blocked_s,blocked,380,27.6
7,S008_blocked_s,blocked,381,27.7
7,S008_blocked_s,blocked,382,28.0
7,S008_blocked_s,blocked,383,27.8
7,S008_blocked_s,blocked,384,27.8
7,S008_blocked_s,blocked,385,28.1
7,S008_blocked_s,blocked,386,28.2
7,S008_blocked_s,blocked,387,28.4
7,S008_blocked_s,blocked,388,28.1
7,S008_blocked_s,blocked,389,28.3
7,S008_blocked_s,blocked,390,28.4
7,S008_blocked_s,blocked,391,28.2
7,S008_blocked_s,blocked,392,28.4
7,S008_blocked_s,blocked,393,28.5
7,S008_blocked_s,blocked,394,28.5
7,S008_blocked_s,blocked,395,28.8
7,S008_blocked_s,blocked,396,28.8
7,S008_blocked_s,blocked,397,29.0
7,S008_blocked_s,blocked,398,28.9
7,S008_blocked_s,blocked,399,29.0
7,S008_blocked_s,blocked,400,29.3
7,S008_blocked_s,blocked,401,29.0
7,S008_blocked_s,blocked,402,29.2
7,S008_blocked_s,blocked,403,29.4
7,S008_blocked_s,blocked,404,29.2
7,S008_blocked_s,blocked,405,28.9
7,S008_blocked_s,blocked,406,29.4
7,S008_blocked_s,blocked,407,29.3
7,S008_blocked_s,blocked,408,29.6
7,S008_blocked_s,blocked,409,29.7
7,S008_blocked_s,blocked,410,29.6
7,S008_blocked_s,blocked,411,29.6
7,S008_blocked_s,blocked,412,29.7
7,S008_blocked_s,blocked,413,29.9
7,S008_blocked_s,blocked,414,29.8
7,S008_blocked_s,blocked,415,29.6
7,S008_blocked_s,blocked,416,30.2
7,S008_blocked_s,blocked,417,30.0
7,S008_blocked_s,blocked,418,30.0
7,S008_blocked_s,blocked,419,30.0
7,S008_blocked_s,blocked,420,29.9
7,S008_blocked_s,blocked,421,29.8
7,S008_blocked_s,blocked,422,29.9
7,S008_blocked_s,blocked,423,30.4
7,S008_blocked_s,blocked,424,30.5
7,S008_blocked_s,blocked,425,30.2
7,S008_blocked_s,blocked,426,30.5
7,S008_blocked_s,blocked,427,30.2
7,S008_blocked_s,blocked,428,30.5
7,S008_blocked_s,blocked,429,30.8
7,S008_blocked_s,blocked,430,30.7
7,S008_blocked_s,blocked,431,30.8
7,S008_blocked_s,blocked,432,30.6
7,S008_blocked_s,blocked,433,31.4
7,S008_blocked_s,blocked,434,30.8
7,S008_blocked_s,blocked,435,31.1
7,S008_blocked_s,blocked,436,30.9
7,S008_blocked_s,blocked,437,30.3
7,S008_blocked_s,blocked,438,31.1
7,S008_blocked_s,blocked,439,30.8
7,S008_blocked_s,blocked,440,31.3
7,S008_blocked_s,blocked,441,30.8
7,S008_blocked_s,blocked,442,31.3
7,S008_blocked_s,blocked,443,31.7
7,S008_blocked_s,blocked,444,31.0
7,S008_blocked_s,blocked,445,31.5
7,S008_blocked_s,blocked,446,31.6
7,S008_blocked_s,blocked,447,31.2
7,S008_blocked_s,blocked,448,31.5
7,S008_blocked_s,blocked,449,31.5
7,S008_blocked_s,blocked,450,31.7
7,S008_blocked_s,blocked,451,31.8
7,S008_blocked_s,blocked,452,31.6
7,S008_blocked_s,blocked,453,31.6
7,S008_blocked_s,blocked,454,31.9
7,S008_blocked_s,blocked,455,31.4
7,S008_blocked_s,blocked,456,32.0
7,S008_blocked_s,blocked,457,31.7
7,S008_blocked_s,blocked,458,31.8
7,S008_blocked_s,blocked,459,31.8
7,S008_blocked_s,blocked,460,32.0
7,S008_blocked_s,blocked,461,32.2
7,S008_blocked_s,blocked,462,32.0
7,S008_blocked_s,blocked,463,32.3
7,S008_blocked_s,blocked,464,32.4
7,S008_blocked_s,blocked,465,32.5
7,S008_blocked_s,blocked,466,32.4
7,S008_blocked_s,blocked,467,32.5
7,S008_blocked_s,blocked,468,32.7
7,S008_blocked_s,blocked,469,32.9
7,S008_blocked_s,blocked,470,32.5
7,S008_blocked_s,blocked,471,32.6
7,S008_blocked_s,blocked,472,32.6
7,S008_blocked_s,blocked,473,32.8
7,S008_blocked_s,blocked,474,33.2
7,S008_blocked_s,blocked,475,32.9
7,S008_blocked_s,blocked,476,32.1
7,S008_blocked_s,blocked,477,32.8
7,S008_blocked_s,blocked,478,32.4
7,S008_blocked_s,blocked,479,33.0
7,S008_blocked_s,blocked,480,33.0
7,S008_blocked_s,blocked,481,33.3
7,S008_blocked_s,blocked,482,32.9
7,S008_blocked_s,blocked,483,33.0
7,S008_blocked_s,blocked,484,33.4
7,S008_blocked_s,blocked,485,33.4
7,S008_blocked_s,blocked,486,33.6
7,S008_blocked_s,blocked,487,33.4
7,S008_blocked_s,blocked,488,33.4
7,S008_blocked_s,blocked,489,34.3
7,S008_blocked_s,blocked,490,33.6
7,S008_blocked_s,blocked,491,33.6
7,S008_blocked_s,blocked,492,33.5
7,S008_blocked_s,blocked,493,33.5
7,S008_blocked_s,blocked,494,34.0
7,S008_blocked_s,blocked,495,33.9
7,S008_blocked_s,blocked,496,34.3
7,S008_blocked_s,blocked,497,33.9
7,S008_blocked_s,blocked,498,34.1
7,S008_blocked_s,blocked,499,34.0
7,S008_blocked_s,blocked,500,34.2
7,S008_blocked_s,blocked,501,34.1
7,S008_blocked_s,blocked,502,34.3
7,S008_blocked_s,blocked,503,34.2
7,S008_blocked_s,blocked,504,34.5
7,S008_blocked_s,blocked,505,34.3
7,S008_blocked_s,blocked,506,34.1
7,S008_blocked_s,blocked,507,34.4
7,S008_blocked_s,blocked,508,34.5
7,S008_blocked_s,blocked,509,34.3
7,S008_blocked_s,blocked,510,34.4
7,S008_blocked_s,blocked,511,34.5
7,S008_blocked_s,blocked,512,34.7
7,S008_blocked_s,blocked,513,34.6
7,S008_blocked_s,blocked,514,34.4
7,S008_blocked_s,blocked,515,34.8
7,S008_blocked_s,blocked,516,34.7
7,S008_blocked_s,blocked,517,34.6
7,S008_blocked_s,blocked,518,34.7
7,S008_blocked_s,blocked,519,34.5
7,S008_blocked_s,blocked,520,35.0
7,S008_blocked_s,blocked,521,34.4
7,S008_blocked_s,blocked,522,34.7
7,S008_blocked_s,blocked,523,34.9
7,S008_blocked_s,blocked,524,34.8
7,S008_blocked_s,blocked,525,35.0
7,S008_blocked_s,blocked,526,35.4
7,S008_blocked_s,blocked,527,35.1
7,S008_blocked_s,blocked,528,35.2
7,S008_blocked_s,blocked,529,35.3
7,S008_blocked_s,blocked,530,35.2
7,S008_blocked_s,blocked,531,35.5
7,S008_blocked_s,blocked,532,35.3
7,S008_blocked_s,blocked,533,35.1
7,S008_blocked_s,blocked,534,35.5
7,S008_blocked_s,blocked,535,35.4
7,S008_blocked_s,blocked,536,35.6
7,S008_blocked_s,blocked,537,35.5
7,S008_blocked_s,blocked,538,35.7
7,S008_blocked_s,blocked,539,35.6
7,S008_blocked_s,blocked,540,35.9
7,S008_blocked_s,blocked,541,35.6
7,S008_blocked_s,blocked,542,35.3
7,S008_blocked_s,blocked,543,36.0
7,S008_blocked_s,blocked,544,36.0
7,S008_blocked_s,blocked,545,35.7
7,S008_blocked_s,blocked,546,36.4
7,S008_blocked_s,blocked,547,35.5
7,S008_blocked_s,blocked,548,36.1
7,S008_blocked_s,blocked,549,35.9
7,S008_blocked_s,blocked,550,36.4
7,S008_blocked_s,blocked,551,36.2
7,S008_blocked_s,blocked,552,36.1
7,S008_blocked_s,blocked,553,36.4
7,S008_blocked_s,blocked,554,36.4
7,S008_blocked_s,blocked,555,36.2
7,S008_blocked_s,blocked,556,36.5
7,S008_blocked_s,blocked,557,36.7
7,S008_blocked_s,blocked,558,36.7
7,S008_blocked_s,blocked,559,36.5
7,S008_blocked_s,blocked,560,36.4
7,S008_blocked_s,blocked,561,36.6
7,S008_blocked_s,blocked,562,36.3
7,S008_blocked_s,blocked,563,36.7
7,S008_blocked_s,blocked,564,36.7
7,S008_blocked_s,blocked,565,36.8
7,S008_blocked_s,blocked,566,36.9
7,S008_blocked_s,blocked,567,36.7
7,S008_blocked_s,blocked,568,36.8
7,S008_blocked_s,blocked,569,36.6
7,S008_blocked_s,blocked,570,37.0
7,S008_blocked_s,blocked,571,36.8
7,S008_blocked_s,blocked,572,37.4
7,S008_blocked_s,blocked,573,36.9
7,S008_blocked_s,blocked,574,37.2
7,S008_blocked_s,blocked,575,36.9
7,S008_blocked_s,blocked,576,37.0
7,S008_blocked_s,blocked,577,37.3
7,S008_blocked_s,blocked,578,37.4
7,S008_blocked_s,blocked,579,37.1
7,S008_blocked_s,blocked,580,37.2
7,S008_blocked_s,blocked,581,37.2
7,S008_blocked_s,blocked,582,37.5
7,S008_blocked_s,blocked,583,37.5
7,S008_blocked_s,blocked,584,37.3
7,S008_blocked_s,blocked,585,37.0
7,S008_blocked_s,blocked,586,37.6
7,S008_blocked_s,blocked,587,36.9
7,S008_blocked_s,blocked,588,37.8
7,S008_blocked_s,blocked,589,37.4
7,S008_blocked_s,blocked,590,37.3
7,S008_blocked_s,blocked,591,37.6
7,S008_blocked_s,blocked,592,37.6
7,S008_blocked_s,blocked,593,37.4
7,S008_blocked_s,blocked,594,37.7
7,S008_blocked_s,blocked,595,38.1
7,S008_blocked_s,blocked,596,37.5
7,S008_blocked_s,blocked,597,37.6
7,S008_blocked_s,blocked,598,37.9
7,S008_blocked_s,blocked,599,37.7
7,S008_blocked_s,blocked,600,37.7
7,S008_blocked_s,blocked,601,38.1
7,S008_blocked_s,blocked,602,37.8
7,S008_blocked_s,blocked,603,37.9
7,S008_blocked_s,blocked,604,38.1
7,S008_blocked_s,blocked,605,38.1
7,S008_blocked_s,blocked,606,38.2
7,S008_blocked_s,blocked,607,37.9
7,S008_blocked_s,blocked,608,37.9
7,S008_blocked_s,blocked,609,38.6
7,S008_blocked_s,blocked,610,38.0
7,S008_blocked_s,blocked,611,38.1
7,S008_blocked_s,blocked,612,38.4
7,S008_blocked_s,blocked,613,38.8
7,S008_blocked_s,blocked,614,38.2
7,S008_blocked_s,blocked,615,38.6
7,S008_blocked_s,blocked,616,38.3
7,S008_blocked_s,blocked,617,38.2
7,S008_blocked_s,blocked,618,38.8
7,S008_blocked_s,blocked,619,38.3
7,S008_blocked_s,blocked,620,38.6
7,S008_blocked_s,blocked,621,38.4
7,S008_blocked_s,blocked,622,38.8
7,S008_blocked_s,blocked,623,38.5
7,S008_blocked_s,blocked,624,38.7
7,S008_blocked_s,blocked,625,38.5
7,S008_blocked_s,blocked,626,38.6
7,S008_blocked_s,blocked,627,38.6
7,S008_blocked_s,blocked,628,38.7
7,S008_blocked_s,blocked,629,38.9
7,S008_blocked_s,blocked,630,38.8
7,S008_blocked_s,blocked,631,39.2
7,S008_blocked_s,blocked,632,38.6
7,S008_blocked_s,blocked,633,38.4
7,S008_blocked_s,blocked,634,39.2
7,S008_blocked_s,blocked,635,39.1
7,S008_blocked_s,blocked,636,38.8
7,S008_blocked_s,blocked,637,39.3
7,S008_blocked_s,blocked,638,39.1
7,S008_blocked_s,blocked,639,39.0
7,S008_blocked_s,blocked,640,39.0
7,S008_blocked_s,blocked,641,38.9
7,S008_blocked_s,blocked,642,39.3
7,S008_blocked_s,blocked,643,39.3
7,S008_blocked_s,blocked,644,39.1
7,S008_blocked_s,blocked,645,39.5
7,S008_blocked_s,blocked,646,39.6
7,S008_blocked_s,blocked,647,39.5
7,S008_blocked_s,blocked,648,39.4
7,S008_blocked_s,blocked,649,39.1
7,S008_blocked_s,blocked,650,39.4
7,S008_blocked_s,blocked,651,39.3
7,S008_blocked_s,blocked,652,39.3
7,S008_blocked_s,blocked,653,39.7
7,S008_blocked_s,blocked,654,39.8
7,S008_blocked_s,blocked,655,39.4
7,S008_blocked_s,blocked,656,39.3
7,S008_blocked_s,blocked,657,39.8
7,S008_blocked_s,blocked,658,39.6
7,S008_blocked_s,blocked,659,39.7
7,S008_blocked_s,blocked,660,40.4
7,S008_blocked_s,blocked,661,39.4
7,S008_blocked_s,blocked,662,39.4
7,S008_blocked_s,blocked,663,39.4
7,S008_blocked_s,blocked,664,39.6
7,S008_blocked_s,blocked,665,39.9
7,S008_blocked_s,blocked,666,40.1
7,S008_blocked_s,blocked,667,39.9
7,S008_blocked_s,blocked,668,40.0
7,S008_blocked_s,blocked,669,40.2
7,S008_blocked_s,blocked,670,40.0
7,S008_blocked_s,blocked,671,39.9
7,S008_blocked_s,blocked,672,40.1
7,S008_blocked_s,blocked,673,39.4
7,S008_blocked_s,blocked,674,40.2
7,S008_blocked_s,blocked,675,40.1
7,S008_blocked_s,blocked,676,40.1
7,S008_blocked_s,blocked,677,40.5
7,S008_blocked_s,blocked,678,40.1
7,S008_blocked_s,blocked,679,40.5
7,S008_blocked_s,blocked,680,40.3
7,S008_blocked_s,blocked,681,40.5
7,S008_blocked_s,blocked,682,40.3
7,S008_blocked_s,blocked,683,40.2
7,S008_blocked_s,blocked,684,40.4
7,S008_blocked_s,blocked,685,40.1
7,S008_blocked_s,blocked,686,40.6
7,S008_blocked_s,blocked,687,40.6
7,S008_blocked_s,blocked,688,40.4
7,S008_blocked_s,blocked,689,40.3
7,S008_blocked_s,blocked,690,40.8
7,S008_blocked_s,blocked,691,40.8
7,S008_blocked_s,blocked,692,40.9
7,S008_blocked_s,blocked,693,40.4
7,S008_blocked_s,blocked,694,40.5
7,S008_blocked_s,blocked,695,40.4
7,S008_blocked_s,blocked,696,40.8
7,S008_blocked_s,blocked,697,40.5
7,S008_blocked_s,blocked,698,40.6
7,S008_blocked_s,blocked,699,41.1
7,S008_blocked_s,blocked,700,40.9
7,S008_blocked_s,blocked,701,40.8
7,S008_blocked_s,blocked,702,41.3
7,S008_blocked_s,blocked,703,41.1
7,S008_blocked_s,blocked,704,40.9
7,S008_blocked_s,blocked,705,41.1
7,S008_blocked_s,blocked,706,41.2
7,S008_blocked_s,blocked,707,40.8
7,S008_blocked_s,blocked,708,41.0
7,S008_blocked_s,blocked,709,41.3
7,S008_blocked_s,blocked,710,41.1
7,S008_blocked_s,blocked,711,41.1
7,S008_blocked_s,blocked,712,40.9
7,S008_blocked_s,blocked,713,41.4
7,S008_blocked_s,blocked,714,41.1
7,S008_blocked_s,blocked,715,40.9
7,S008_blocked_s,blocked,716,41.2
7,S008_blocked_s,blocked,717,41.3
7,S008_blocked_s,blocked,718,41.3
7,S008_blocked_s,blocked,719,41.1
7,S008_blocked_s,blocked,720,41.9
7,S008_blocked_s,blocked,721,41.5
7,S008_blocked_s,blocked,722,41.2
7,S008_blocked_s,blocked,723,40.8
7,S008_blocked_s,blocked,724,41.6
7,S008_blocked_s,blocked,725,41.3
7,S008_blocked_s,blocked,726,41.7
7,S008_blocked_s,blocked,727,41.4
7,S008_blocked_s,blocked,728,41.7
7,S008_blocked_s,blocked,729,41.8
7,S008_blocked_s,blocked,730,41.8
7,S008_blocked_s,blocked,731,41.3
7,S008_blocked_s,blocked,732,41.8
7,S008_blocked_s,blocked,733,41.2
7,S008_blocked_s,blocked,734,41.5
7,S008_blocked_s,blocked,735,41.6
7,S008_blocked_s,blocked,736,41.7
7,S008_blocked_s,blocked,737,41.5
7,S008_blocked_s,blocked,738,42.0
7,S008_blocked_s,blocked,739,42.1
7,S008_blocked_s,blocked,740,41.8
7,S008_blocked_s,blocked,741,41.7
7,S008_blocked_s,blocked,742,41.8
7,S008_blocked_s,blocked,743,41.9
7,S008_blocked_s,blocked,744,41.9
7,S008_blocked_s,blocked,745,41.7
7,S008_blocked_s,blocked,746,41.7
7,S008_blocked_s,blocked,747,42.2
7,S008_blocked_s,blocked,748,42.3
7,S008_blocked_s,blocked,749,41.8
7,S008_blocked_s,blocked,750,42.2
7,S008_blocked_s,blocked,751,42.0
7,S008_blocked_s,blocked,752,41.8
7,S008_blocked_s,blocked,753,42.1
7,S008_blocked_s,blocked,754,42.2
7,S008_blocked_s,blocked,755,42.1
7,S008_blocked_s,blocked,756,41.9
7,S008_blocked_s,blocked,757,41.8
7,S008_blocked_s,blocked,758,42.2
7,S008_blocked_s,blocked,759,42.0
7,S008_blocked_s,blocked,760,41.9
7,S008_blocked_s,blocked,761,42.6
7,S008_blocked_s,blocked,762,41.7
7,S008_blocked_s,blocked,763,42.3
7,S008_blocked_s,blocked,764,42.7
7,S008_blocked_s,blocked,765,42.3
7,S008_blocked_s,blocked,766,42.2
7,S008_blocked_s,blocked,767,42.3
7,S008_blocked_s,blocked,768,42.3
7,S008_blocked_s,blocked,769,42.4
7,S008_blocked_s,blocked,770,42.5
7,S008_blocked_s,blocked,771,42.7
7,S008_blocked_s,blocked,772,42.5
7,S008_blocked_s,blocked,773,42.7
7,S008_blocked_s,blocked,774,42.6
7,S008_blocked_s,blocked,775,43.0
7,S008_blocked_s,blocked,776,42.2
7,S008_blocked_s,blocked,777,42.5
7,S008_blocked_s,blocked,778,42.5
7,S008_blocked_s,blocked,779,42.6
7,S008_blocked_s,blocked,780,42.8
7,S008_blocked_s,blocked,781,42.8
7,S008_blocked_s,blocked,782,42.9
7,S008_blocked_s,blocked,783,43.1
7,S008_blocked_s,blocked,784,42.8
7,S008_blocked_s,blocked,785,42.9
7,S008_blocked_s,blocked,786,43.0
7,S008_blocked_s,blocked,787,43.0
7,S008_blocked_s,blocked,788,42.9
7,S008_blocked_s,blocked,789,42.8
7,S008_blocked_s,blocked,790,42.9
7,S008_blocked_s,blocked,791,42.7
7,S008_blocked_s,blocked,792,43.1
7,S008_blocked_s,blocked,793,42.9
7,S008_blocked_s,blocked,794,43.1
7,S008_blocked_s,blocked,795,42.7
7,S008_blocked_s,blocked,796,43.5
7,S008_blocked_s,blocked,797,43.0
7,S008_blocked_s,blocked,798,42.8
7,S008_blocked_s,blocked,799,42.8
7,S008_blocked_s,blocked,800,43.3
7,S008_blocked_s,blocked,801,43.5
7,S008_blocked_s,blocked,802,43.6
7,S008_blocked_s,blocked,803,43.3
7,S008_blocked_s,blocked,804,43.4
7,S008_blocked_s,blocked,805,43.3
7,S008_blocked_s,blocked,806,43.3
7,S008_blocked_s,blocked,807,43.3
7,S008_blocked_s,blocked,808,43.2
7,S008_blocked_s,blocked,809,43.1
7,S008_blocked_s,blocked,810,43.3
7,S008_blocked_s,blocked,811,43.2
7,S008_blocked_s,blocked,812,43.0
7,S008_blocked_s,blocked,813,43.1
7,S008_blocked_s,blocked,814,43.3
7,S008_blocked_s,blocked,815,43.1
7,S008_blocked_s,blocked,816,43.4
7,S008_blocked_s,blocked,817,43.0
7,S008_blocked_s,blocked,818,43.6
7,S008_blocked_s,blocked,819,43.3
7,S008_blocked_s,blocked,820,43.3
7,S008_blocked_s,blocked,821,43.2
7,S008_blocked_s,blocked,822,43.7
7,S008_blocked_s,blocked,823,43.2
7,S008_blocked_s,blocked,824,43.7
7,S008_blocked_s,blocked,825,43.9
7,S008_blocked_s,blocked,826,43.3
7,S008_blocked_s,blocked,827,43.2
7,S008_blocked_s,blocked,828,43.2
7,S008_blocked_s,blocked,829,43.9
7,S008_blocked_s,blocked,830,43.9
7,S008_blocked_s,blocked,831,43.6
7,S008_blocked_s,blocked,832,43.8
7,S008_blocked_s,blocked,833,44.1
7,S008_blocked_s,blocked,834,43.8
7,S008_blocked_s,blocked,835,43.7
7,S008_blocked_s,blocked,836,44.2
7,S008_blocked_s,blocked,837,43.6
7,S008_blocked_s,blocked,838,44.0
7,S008_blocked_s,blocked,839,43.6
7,S008_blocked_s,blocked,840,43.8
7,S008_blocked_s,blocked,841,43.7
7,S008_blocked_s,blocked,842,43.7
7,S008_blocked_s,blocked,843,44.1
7,S008_blocked_s,blocked,844,43.9
7,S008_blocked_s,blocked,845,43.8
7,S008_blocked_s,blocked,846,44.0
7,S008_blocked_s,blocked,847,44.1
7,S008_blocked_s,blocked,848,44.0
7,S008_blocked_s,blocked,849,44.2
7,S008_blocked_s,blocked,850,43.5
7,S008_blocked_s,blocked,851,44.1
7,S008_blocked_s,blocked,852,44.1
7,S008_blocked_s,blocked,853,44.2
7,S008_blocked_s,blocked,854,43.8
7,S008_blocked_s,blocked,855,43.9
7,S008_blocked_s,blocked,856,44.3
7,S008_blocked_s,blocked,857,44.1
7,S008_blocked_s,blocked,858,44.2
7,S008_blocked_s,blocked,859,44.1
7,S008_blocked_s,blocked,860,44.1
7,S008_blocked_s,blocked,861,43.8
7,S008_blocked_s,blocked,862,44.0
7,S008_blocked_s,blocked,863,44.1
7,S008_blocked_s,blocked,864,44.1
7,S008_blocked_s,blocked,865,44.2
7,S008_blocked_s,blocked,866,44.0
7,S008_blocked_s,blocked,867,43.8
7,S008_blocked_s,blocked,868,44.1
7,S008_blocked_s,blocked,869,44.4
7,S008_blocked_s,blocked,870,44.4
7,S008_blocked_s,blocked,871,44.0
7,S008_blocked_s,blocked,872,44.1
7,S008_blocked_s,blocked,873,44.4
7,S008_blocked_s,blocked,874,44.7
7,S008_blocked_s,blocked,875,44.5
7,S008_blocked_s,blocked,876,44.1
7,S008_blocked_s,blocked,877,44.6
7,S008_blocked_s,blocked,878,44.2
7,S008_blocked_s,blocked,879,44.2
7,S008_blocked_s,blocked,880,44.8
7,S008_blocked_s,blocked,881,44.3
7,S008_blocked_s,blocked,882,44.0
7,S008_blocked_s,blocked,883,44.6
7,S008_blocked_s,blocked,884,44.7
7,S008_blocked_s,blocked,885,44.8
7,S008_blocked_s,blocked,886,44.8
7,S008_blocked_s,blocked,887,44.4
7,S008_blocked_s,blocked,888,44.4
7,S008_blocked_s,blocked,889,44.8
7,S008_blocked_s,blocked,890,44.7
7,S008_blocked_s,blocked,891,44.5
7,S008_blocked_s,blocked,892,44.8
7,S008_blocked_s,blocked,893,44.7
7,S008_blocked_s,blocked,894,44.4
7,S008_blocked_s,blocked,895,44.7
7,S008_blocked_s,blocked,896,44.6
7,S008_blocked_s,blocked,897,44.8
7,S008_blocked_s,blocked,898,44.9
7,S008_blocked_s,blocked,899,44.4
7,S008_blocked_s,blocked,900,44.4
7,S008_blocked_s,blocked,901,44.7
7,S008_blocked_s,blocked,902,44.5
7,S008_blocked_s,blocked,903,45.0
7,S008_blocked_s,blocked,904,44.6
7,S008_blocked_s,blocked,905,44.4
7,S008_blocked_s,blocked,906,44.7
7,S008_blocked_s,blocked,907,45.1
7,S008_blocked_s,blocked,908,44.7
7,S008_blocked_s,blocked,909,44.6
7,S008_blocked_s,blocked,910,44.8
7,S008_blocked_s,blocked,911,45.0
7,S008_blocked_s,blocked,912,45.0
7,S008_blocked_s,blocked,913,45.4
7,S008_blocked_s,blocked,914,45.0
7,S008_blocked_s,blocked,915,44.8
7,S008_blocked_s,blocked,916,44.9
7,S008_blocked_s,blocked,917,44.6
7,S008_blocked_s,blocked,918,45.4
7,S008_blocked_s,blocked,919,45.3
7,S008_blocked_s,blocked,920,45.0
7,S008_blocked_s,blocked,921,45.0
7,S008_blocked_s,blocked,922,45.3
7,S008_blocked_s,blocked,923,45.1
7,S008_blocked_s,blocked,924,45.0
7,S008_blocked_s,blocked,925,45.3
7,S008_blocked_s,blocked,926,44.9
7,S008_blocked_s,blocked,927,44.9
7,S008_blocked_s,blocked,928,45.1
7,S008_blocked_s,blocked,929,45.1
7,S008_blocked_s,blocked,930,45.3
7,S008_blocked_s,blocked,931,45.2
7,S008_blocked_s,blocked,932,45.6
7,S008_blocked_s,blocked,933,45.0
7,S008_blocked_s,blocked,934,45.1
7,S008_blocked_s,blocked,935,45.3
7,S008_blocked_s,blocked,936,45.3
7,S008_blocked_s,blocked,937,45.2
7,S008_blocked_s,blocked,938,45.0
7,S008_blocked_s,blocked,939,45.0
7,S008_blocked_s,blocked,940,45.4
7,S008_blocked_s,blocked,941,45.5
7,S008_blocked_s,blocked,942,45.4
7,S008_blocked_s,blocked,943,45.4
7,S008_blocked_s,blocked,944,45.4
7,S008_blocked_s,blocked,945,45.5
7,S008_blocked_s,blocked,946,45.6
7,S008_blocked_s,blocked,947,45.2
7,S008_blocked_s,blocked,948,45.6
7,S008_blocked_s,blocked,949,45.3
7,S008_blocked_s,blocked,950,45.3
7,S008_blocked_s,blocked,951,45.6
7,S008_blocked_s,blocked,952,45.4
7,S008_blocked_s,blocked,953,45.6
7,S008_blocked_s,blocked,954,45.7
7,S008_blocked_s,blocked,955,46.1
7,S008_blocked_s,blocked,956,45.8
7,S008_blocked_s,blocked,957,45.7
7,S008_blocked_s,blocked,958,45.8
7,S008_blocked_s,blocked,959,45.7
7,S008_blocked_s,blocked,960,45.7
7,S008_blocked_s,blocked,961,45.5
7,S008_blocked_s,blocked,962,45.5
7,S008_blocked_s,blocked,963,45.5
7,S008_blocked_s,blocked,964,45.7
7,S008_blocked_s,blocked,965,45.8
7,S008_blocked_s,blocked,966,46.0
7,S008_blocked_s,blocked,967,46.0
7,S008_blocked_s,blocked,968,45.4
7,S008_blocked_s,blocked,969,45.4
7,S008_blocked_s,blocked,970,45.4
7,S008_blocked_s,blocked,971,45.8
7,S008_blocked_s,blocked,972,45.3
7,S008_blocked_s,blocked,973,45.5
7,S008_blocked_s,blocked,974,45.9
7,S008_blocked_s,blocked,975,45.9
7,S008_blocked_s,blocked,976,45.6
7,S008_blocked_s,blocked,977,45.8
7,S008_blocked_s,blocked,978,45.6
7,S008_blocked_s,blocked,979,45.9
7,S008_blocked_s,blocked,980,45.6
7,S008_blocked_s,blocked,981,45.9
7,S008_blocked_s,blocked,982,46.0
7,S008_blocked_s,blocked,983,45.9
7,S008_blocked_s,blocked,984,46.0
7,S008_blocked_s,blocked,985,45.7
7,S008_blocked_s,blocked,986,45.5
7,S008_blocked_s,blocked,987,46.0
7,S008_blocked_s,blocked,988,45.7
7,S008_blocked_s,blocked,989,45.9
7,S008_blocked_s,blocked,990,45.8
7,S008_blocked_s,blocked,991,45.9
7,S008_blocked_s,blocked,992,45.6
7,S008_blocked_s,blocked,993,46.1
7,S008_blocked_s,blocked,994,46.3
7,S008_blocked_s,blocked,995,45.8
7,S008_blocked_s,blocked,996,45.8
7,S008_blocked_s,blocked,997,46.2
7,S008_blocked_s,blocked,998,45.8
7,S008_blocked_s,blocked,999,46.0
7,S008_blocked_s,blocked,1000,46.2
7,S008_blocked_s,blocked,1001,46.3
7,S008_blocked_s,blocked,1002,46.4
7,S008_blocked_s,blocked,1003,46.1
7,S008_blocked_s,blocked,1004,46.4
7,S008_blocked_s,blocked,1005,45.7
7,S008_blocked_s,blocked,1006,46.2
7,S008_blocked_s,blocked,1007,46.1
7,S008_blocked_s,blocked,1008,45.9
7,S008_blocked_s,blocked,1009,46.3
7,S008_blocked_s,blocked,1010,45.6
7,S008_blocked_s,blocked,1011,46.6
7,S008_blocked_s,blocked,1012,46.3
7,S008_blocked_s,blocked,1013,46.1
7,S008_blocked_s,blocked,1014,45.9
7,S008_blocked_s,blocked,1015,46.2
7,S008_blocked_s,blocked,1016,46.3
7,S008_blocked_s,blocked,1017,46.2
7,S008_blocked_s,blocked,1018,46.0
7,S008_blocked_s,blocked,1019,46.2
7,S008_blocked_s,blocked,1020,45.8
7,S008_blocked_s,blocked,1021,45.9
7,S008_blocked_s,blocked,1022,46.3
7,S008_blocked_s,blocked,1023,46.2
7,S008_blocked_s,blocked,1024,46.0
7,S008_blocked_s,blocked,1025,46.1
7,S008_blocked_s,blocked,1026,46.6
7,S008_blocked_s,blocked,1027,46.5
7,S008_blocked_s,blocked,1028,46.2
7,S008_blocked_s,blocked,1029,46.0
7,S008_blocked_s,blocked,1030,45.8
7,S008_blocked_s,blocked,1031,46.6
7,S008_blocked_s,blocked,1032,46.0
7,S008_blocked_s,blocked,1033,46.2
7,S008_blocked_s,blocked,1034,46.4
7,S008_blocked_s,blocked,1035,46.5
7,S008_blocked_s,blocked,1036,46.5
7,S008_blocked_s,blocked,1037,46.3
7,S008_blocked_s,blocked,1038,46.6
7,S008_blocked_s,blocked,1039,46.1
7,S008_blocked_s,blocked,1040,46.4
7,S008_blocked_s,blocked,1041,46.7
7,S008_blocked_s,blocked,1042,46.5
7,S008_blocked_s,blocked,1043,46.5
7,S008_blocked_s,blocked,1044,46.5
7,S008_blocked_s,blocked,1045,46.3
7,S008_blocked_s,blocked,1046,46.3
7,S008_blocked_s,blocked,1047,46.2
7,S008_blocked_s,blocked,1048,46.5
7,S008_blocked_s,blocked,1049,46.8
7,S008_blocked_s,blocked,1050,46.9
7,S008_blocked_s,blocked,1051,46.4
7,S008_blocked_s,blocked,1052,46.7
7,S008_blocked_s,blocked,1053,46.8
7,S008_blocked_s,blocked,1054,46.6
7,S008_blocked_s,blocked,1055,46.7
7,S008_blocked_s,blocked,1056,46.5
7,S008_blocked_s,blocked,1057,47.1
7,S008_blocked_s,blocked,1058,46.4
7,S008_blocked_s,blocked,1059,46.6
7,S008_blocked_s,blocked,1060,46.5
7,S008_blocked_s,blocked,1061,46.8
7,S008_blocked_s,blocked,1062,46.5
7,S008_blocked_s,blocked,1063,46.5
7,S008_blocked_s,blocked,1064,46.4
7,S008_blocked_s,blocked,1065,46.6
7,S008_blocked_s,blocked,1066,46.6
7,S008_blocked_s,blocked,1067,46.4
7,S008_blocked_s,blocked,1068,47.1
7,S008_blocked_s,blocked,1069,46.6
7,S008_blocked_s,blocked,1070,47.0
7,S008_blocked_s,blocked,1071,46.6
7,S008_blocked_s,blocked,1072,46.9
7,S008_blocked_s,blocked,1073,46.9
7,S008_blocked_s,blocked,1074,46.3
7,S008_blocked_s,blocked,1075,47.1
7,S008_blocked_s,blocked,1076,46.7
7,S008_blocked_s,blocked,1077,47.0
7,S008_blocked_s,blocked,1078,47.0
7,S008_blocked_s,blocked,1079,46.8
7,S008_blocked_s,blocked,1080,46.8
7,S008_blocked_s,blocked,1081,46.7
7,S008_blocked_s,blocked,1082,46.9
7,S008_blocked_s,blocked,1083,46.8
7,S008_blocked_s,blocked,1084,46.9
7,S008_blocked_s,blocked,1085,46.8
7,S008_blocked_s,blocked,1086,46.8
7,S008_blocked_s,blocked,1087,47.5
7,S008_blocked_s,blocked,1088,47.1
7,S008_blocked_s,blocked,1089,47.3
7,S008_blocked_s,blocked,1090,46.8
7,S008_blocked_s,blocked,1091,46.8
7,S008_blocked_s,blocked,1092,47.2
7,S008_blocked_s,blocked,1093,47.0
7,S008_blocked_s,blocked,1094,47.0
7,S008_blocked_s,blocked,1095,47.0
7,S008_blocked_s,blocked,1096,47.1
7,S008_blocked_s,blocked,1097,46.8
7,S008_blocked_s,blocked,1098,47.0
7,S008_blocked_s,blocked,1099,46.7
7,S008_blocked_s,blocked,1100,46.8
7,S008_blocked_s,blocked,1101,46.9
7,S008_blocked_s,blocked,1102,46.5
7,S008_blocked_s,blocked,1103,46.8
7,S008_blocked_s,blocked,1104,47.1
7,S008_blocked_s,blocked,1105,46.9
7,S008_blocked_s,blocked,1106,47.0
7,S008_blocked_s,blocked,1107,46.9
7,S008_blocked_s,blocked,1108,47.0
7,S008_blocked_s,blocked,1109,46.7
7,S008_blocked_s,blocked,1110,46.9
7,S008_blocked_s,blocked,1111,47.3
7,S008_blocked_s,blocked,1112,46.9
7,S008_blocked_s,blocked,1113,47.0
7,S008_blocked_s,blocked,1114,47.1
7,S008_blocked_s,blocked,1115,46.9
7,S008_blocked_s,blocked,1116,47.1
7,S008_blocked_s,blocked,1117,46.8
7,S008_blocked_s,blocked,1118,47.2
7,S008_blocked_s,blocked,1119,47.0
7,S008_blocked_s,blocked,1120,46.7
7,S008_blocked_s,blocked,1121,46.9
7,S008_blocked_s,blocked,1122,47.2
7,S008_blocked_s,blocked,1123,47.2
7,S008_blocked_s,blocked,1124,47.4
7,S008_blocked_s,blocked,1125,47.1
7,S008_blocked_s,blocked,1126,47.6
7,S008_blocked_s,blocked,1127,47.5
7,S008_blocked_s,blocked,1128,47.2
7,S008_blocked_s,blocked,1129,47.1
7,S008_blocked_s,blocked,1130,47.3
7,S008_blocked_s,blocked,1131,47.2
7,S008_blocked_s,blocked,1132,47.4
7,S008_blocked_s,blocked,1133,47.7
7,S008_blocked_s,blocked,1134,47.4
7,S008_blocked_s,blocked,1135,47.1
7,S008_blocked_s,blocked,1136,46.8
7,S008_blocked_s,blocked,1137,47.2
7,S008_blocked_s,blocked,1138,47.0
7,S008_blocked_s,blocked,1139,48.0
7,S008_blocked_s,blocked,1140,47.8
7,S008_blocked_s,blocked,1141,47.4
7,S008_blocked_s,blocked,1142,47.4
7,S008_blocked_s,blocked,1143,47.2
7,S008_blocked_s,blocked,1144,47.8
7,S008_blocked_s,blocked,1145,47.0
7,S008_blocked_s,blocked,1146,47.3
7,S008_blocked_s,blocked,1147,47.8
7,S008_blocked_s,blocked,1148,47.7
7,S008_blocked_s,blocked,1149,47.4
7,S008_blocked_s,blocked,1150,47.3
7,S008_blocked_s,blocked,1151,47.2
7,S008_blocked_s,blocked,1152,47.6
7,S008_blocked_s,blocked,1153,47.0
7,S008_blocked_s,blocked,1154,47.7
7,S008_blocked_s,blocked,1155,47.7
7,S008_blocked_s,blocked,1156,47.6
7,S008_blocked_s,blocked,1157,47.4
7,S008_blocked_s,blocked,1158,46.9
7,S008_blocked_s,blocked,1159,47.0
7,S008_blocked_s,blocked,1160,47.4
7,S008_blocked_s,blocked,1161,47.7
7,S008_blocked_s,blocked,1162,47.3
7,S008_blocked_s,blocked,1163,47.9
7,S008_blocked_s,blocked,1164,47.4
7,S008_blocked_s,blocked,1165,47.3
7,S008_blocked_s,blocked,1166,47.1
7,S008_blocked_s,blocked,1167,47.4
7,S008_blocked_s,blocked,1168,47.4
7,S008_blocked_s,blocked,1169,47.2
7,S008_blocked_s,blocked,1170,47.7
7,S008_blocked_s,blocked,1171,47.8
7,S008_blocked_s,blocked,1172,47.7
7,S008_blocked_s,blocked,1173,47.7
7,S008_blocked_s,blocked,1174,47.9
7,S008_blocked_s,blocked,1175,47.5
7,S008_blocked_s,blocked,1176,47.8
7,S008_blocked_s,blocked,1177,47.6
7,S008_blocked_s,blocked,1178,47.3
7,S008_blocked_s,blocked,1179,47.6
7,S008_blocked_s,blocked,1180,47.7
7,S008_blocked_s,blocked,1181,47.9
7,S008_blocked_s,blocked,1182,47.7
7,S008_blocked_s,blocked,1183,47.5
7,S008_blocked_s,blocked,1184,48.1
7,S008_blocked_s,blocked,1185,48.2
7,S008_blocked_s,blocked,1186,47.6
7,S008_blocked_s,blocked,1187,47.9
7,S008_blocked_s,blocked,1188,48.1
7,S008_blocked_s,blocked,1189,47.9
7,S008_blocked_s,blocked,1190,47.5
7,S008_blocked_s,blocked,1191,47.6
7,S008_blocked_s,blocked,1192,47.8
7,S008_blocked_s,blocked,1193,47.5
7,S008_blocked_s,blocked,1194,47.4
7,S008_blocked_s,blocked,1195,48.0
7,S008_blocked_s,blocked,1196,48.1
7,S008_blocked_s,blocked,1197,47.5
7,S008_blocked_s,blocked,1198,48.3
7,S008_blocked_s,blocked,1199,47.7
7,S008_blocked_s,blocked,1200,47.4
7,S008_blocked_s,blocked,1201,47.8
7,S008_blocked_s,blocked,1202,47.8
7,S008_blocked_s,blocked,1203,47.4
7,S008_blocked_s,blocked,1204,47.5
7,S008_blocked_s,blocked,1205,46.9
7,S008_blocked_s,blocked,1206,47.8
7,S008_blocked_s,blocked,1207,47.3
7,S008_blocked_s,blocked,1208,47.2
7,S008_blocked_s,blocked,1209,47.6
7,S008_blocked_s,blocked,1210,47.1
7,S008_blocked_s,blocked,1211,47.0
7,S008_blocked_s,blocked,1212,47.1
7,S008_blocked_s,blocked,1213,46.9
7,S008_blocked_s,blocked,1214,47.0
7,S008_blocked_s,blocked,1215,46.4
7,S008_blocked_s,blocked,1216,47.0
7,S008_blocked_s,blocked,1217,46.9
7,S008_blocked_s,blocked,1218,46.9
7,S008_blocked_s,blocked,1219,47.2
7,S008_blocked_s,blocked,1220,47.0
7,S008_blocked_s,blocked,1221,47.0
7,S008_blocked_s,blocked,1222,47.1
7,S008_blocked_s,blocked,1223,46.9
7,S008_blocked_s,blocked,1224,47.4
7,S008_blocked_s,blocked,1225,46.8
7,S008_blocked_s,blocked,1226,47.0
7,S008_blocked_s,blocked,1227,46.7
7,S008_blocked_s,blocked,1228,46.9
7,S008_blocked_s,blocked,1229,47.2
7,S008_blocked_s,blocked,1230,46.2
7,S008_blocked_s,blocked,1231,46.7
7,S008_blocked_s,blocked,1232,46.5
7,S008_blocked_s,blocked,1233,46.6
7,S008_blocked_s,blocked,1234,46.4
7,S008_blocked_s,blocked,1235,46.3
7,S008_blocked_s,blocked,1236,46.2
7,S008_blocked_s,blocked,1237,46.1
7,S008_blocked_s,blocked,1238,46.3
7,S008_blocked_s,blocked,1239,46.5
7,S008_blocked_s,blocked,1240,46.5
7,S008_blocked_s,blocked,1241,46.1
7,S008_blocked_s,blocked,1242,46.3
7,S008_blocked_s,blocked,1243,46.3
7,S008_blocked_s,blocked,1244,46.0
7,S008_blocked_s,blocked,1245,46.1
7,S008_blocked_s,blocked,1246,46.1
7,S008_blocked_s,blocked,1247,45.9
7,S008_blocked_s,blocked,1248,45.8
7,S008_blocked_s,blocked,1249,46.0
7,S008_blocked_s,blocked,1250,46.0
7,S008_blocked_s,blocked,1251,45.8
7,S008_blocked_s,blocked,1252,46.2
7,S008_blocked_s,blocked,1253,45.9
7,S008_blocked_s,blocked,1254,46.3
7,S008_blocked_s,blocked,1255,45.8
7,S008_blocked_s,blocked,1256,46.0
7,S008_blocked_s,blocked,1257,45.6
7,S008_blocked_s,blocked,1258,45.7
7,S008_blocked_s,blocked,1259,45.7
7,S008_blocked_s,blocked,1260,46.2
7,S008_blocked_s,blocked,1261,45.3
7,S008_blocked_s,blocked,1262,45.4
7,S008_blocked_s,blocked,1263,45.4
7,S008_blocked_s,blocked,1264,45.5
7,S008_blocked_s,blocked,1265,45.1
7,S008_blocked_s,blocked,1266,45.3
7,S008_blocked_s,blocked,1267,45.1
7,S008_blocked_s,blocked,1268,45.7
7,S008_blocked_s,blocked,1269,45.2
7,S008_blocked_s,blocked,1270,45.3
7,S008_blocked_s,blocked,1271,45.1
7,S008_blocked_s,blocked,1272,45.6
7,S008_blocked_s,blocked,1273,45.1
7,S008_blocked_s,blocked,1274,45.2
7,S008_blocked_s,blocked,1275,45.1
7,S008_blocked_s,blocked,1276,45.1
7,S008_blocked_s,blocked,1277,44.6
7,S008_blocked_s,blocked,1278,45.1
7,S008_blocked_s,blocked,1279,44.8
7,S008_blocked_s,blocked,1280,44.4
7,S008_blocked_s,blocked,1281,44.6
7,S008_blocked_s,blocked,1282,44.6
7,S008_blocked_s,blocked,1283,44.5
7,S008_blocked_s,blocked,1284,44.5
7,S008_blocked_s,blocked,1285,44.8
7,S008_blocked_s,blocked,1286,44.4
7,S008_blocked_s,blocked,1287,44.4
7,S008_blocked_s,blocked,1288,44.6
7,S008_blocked_s,blocked,1289,44.6
7,S008_blocked_s,blocked,1290,44.6
7,S008_blocked_s,blocked,1291,44.4
7,S008_blocked_s,blocked,1292,44.5
7,S008_blocked_s,blocked,1293,44.4
7,S008_blocked_s,blocked,1294,44.2
7,S008_blocked_s,blocked,1295,44.6
7,S008_blocked_s,blocked,1296,44.5
7,S008_blocked_s,blocked,1297,44.1
7,S008_blocked_s,blocked,1298,43.8
7,S008_blocked_s,blocked,1299,44.6
7,S008_blocked_s,blocked,1300,44.2
7,S008_blocked_s,blocked,1301,44.2
7,S008_blocked_s,blocked,1302,44.0
7,S008_blocked_s,blocked,1303,43.9
7,S008_blocked_s,blocked,1304,44.3
7,S008_blocked_s,blocked,1305,44.3
7,S008_blocked_s,blocked,1306,44.0
7,S008_blocked_s,blocked,1307,44.0
7,S008_blocked_s,blocked,1308,44.2
7,S008_blocked_s,blocked,1309,44.0
7,S008_blocked_s,blocked,1310,43.5
7,S008_blocked_s,blocked,1311,43.8
7,S008_blocked_s,blocked,1312,44.0
7,S008_blocked_s,blocked,1313,43.4
7,S008_blocked_s,blocked,1314,43.8
7,S008_blocked_s,blocked,1315,43.9
7,S008_blocked_s,blocked,1316,43.6
7,S008_blocked_s,blocked,1317,43.5
7,S008_blocked_s,blocked,1318,43.5
7,S008_blocked_s,blocked,1319,43.4
7,S008_blocked_s,blocked,1320,43.8
7,S008_blocked_s,blocked,1321,43.4
7,S008_blocked_s,blocked,1322,43.2
7,S008_blocked_s,blocked,1323,43.7
7,S008_blocked_s,blocked,1324,43.1
7,S008_blocked_s,blocked,1325,43.5
7,S008_blocked_s,blocked,1326,42.9
7,S008_blocked_s,blocked,1327,43.2
7,S008_blocked_s,blocked,1328,42.9
7,S008_blocked_s,blocked,1329,43.0
7,S008_blocked_s,blocked,1330,43.1
7,S008_blocked_s,blocked,1331,43.2
7,S008_blocked_s,blocked,1332,43.5
7,S008_blocked_s,blocked,1333,42.7
7,S008_blocked_s,blocked,1334,43.1
7,S008_blocked_s,blocked,1335,42.5
7,S008_blocked_s,blocked,1336,43.1
7,S008_blocked_s,blocked,1337,42.9
7,S008_blocked_s,blocked,1338,42.6
7,S008_blocked_s,blocked,1339,42.5
7,S008_blocked_s,blocked,1340,43.0
7,S008_blocked_s,blocked,1341,43.0
7,S008_blocked_s,blocked,1342,42.8
7,S008_blocked_s,blocked,1343,42.6
7,S008_blocked_s,blocked,1344,42.8
7,S008_blocked_s,blocked,1345,42.7
7,S008_blocked_s,blocked,1346,42.6
7,S008_blocked_s,blocked,1347,42.7
7,S008_blocked_s,blocked,1348,43.3
7,S008_blocked_s,blocked,1349,42.6
7,S008_blocked_s,blocked,1350,42.3
7,S008_blocked_s,blocked,1351,42.7
7,S008_blocked_s,blocked,1352,42.8
7,S008_blocked_s,blocked,1353,42.5
7,S008_blocked_s,blocked,1354,42.4
7,S008_blocked_s,blocked,1355,42.4
7,S008_blocked_s,blocked,1356,42.1
7,S008_blocked_s,blocked,1357,41.9
7,S008_blocked_s,blocked,1358,42.1
7,S008_blocked_s,blocked,1359,42.2
7,S008_blocked_s,blocked,1360,42.4
7,S008_blocked_s,blocked,1361,42.1
7,S008_blocked_s,blocked,1362,41.6
7,S008_blocked_s,blocked,1363,41.9
7,S008_blocked_s,blocked,1364,41.9
7,S008_blocked_s,blocked,1365,41.9
7,S008_blocked_s,blocked,1366,42.2
7,S008_blocked_s,blocked,1367,42.0
7,S008_blocked_s,blocked,1368,41.7
7,S008_blocked_s,blocked,1369,42.0
7,S008_blocked_s,blocked,1370,42.2
7,S008_blocked_s,blocked,1371,41.6
7,S008_blocked_s,blocked,1372,41.7
7,S008_blocked_s,blocked,1373,41.5
7,S008_blocked_s,blocked,1374,41.7
7,S008_blocked_s,blocked,1375,41.9
7,S008_blocked_s,blocked,1376,41.9
7,S008_blocked_s,blocked,1377,41.6
7,S008_blocked_s,blocked,1378,41.5
7,S008_blocked_s,blocked,1379,41.7
7,S008_blocked_s,blocked,1380,41.7
7,S008_blocked_s,blocked,1381,41.7
7,S008_blocked_s,blocked,1382,41.4
7,S008_blocked_s,blocked,1383,41.2
7,S008_blocked_s,blocked,1384,41.3
7,S008_blocked_s,blocked,1385,41.3
7,S008_blocked_s,blocked,1386,41.8
7,S008_blocked_s,blocked,1387,41.7
7,S008_blocked_s,blocked,1388,41.4
7,S008_blocked_s,blocked,1389,41.2
7,S008_blocked_s,blocked,1390,41.4
7,S008_blocked_s,blocked,1391,41.4
7,S008_blocked_s,blocked,1392,40.5
7,S008_blocked_s,blocked,1393,41.2
7,S008_blocked_s,blocked,1394,41.3
7,S008_blocked_s,blocked,1395,41.1
7,S008_blocked_s,blocked,1396,41.2
7,S008_blocked_s,blocked,1397,41.0
7,S008_blocked_s,blocked,1398,41.0
7,S008_blocked_s,blocked,1399,41.1
7,S008_blocked_s,blocked,1400,40.9
7,S008_blocked_s,blocked,1401,41.1
7,S008_blocked_s,blocked,1402,40.9
7,S008_blocked_s,blocked,1403,40.7
7,S008_blocked_s,blocked,1404,40.6
7,S008_blocked_s,blocked,1405,41.1
7,S008_blocked_s,blocked,1406,40.9
7,S008_blocked_s,blocked,1407,40.9
7,S008_blocked_s,blocked,1408,40.8
7,S008_blocked_s,blocked,1409,40.7
7,S008_blocked_s,blocked,1410,40.6
7,S008_blocked_s,blocked,1411,41.0
7,S008_blocked_s,blocked,1412,40.8
7,S008_blocked_s,blocked,1413,40.8
7,S008_blocked_s,blocked,1414,41.0
7,S008_blocked_s,blocked,1415,41.1
7,S008_blocked_s,blocked,1416,40.8
7,S008_blocked_s,blocked,1417,40.5
7,S008_blocked_s,blocked,1418,40.7
7,S008_blocked_s,blocked,1419,40.4
7,S008_blocked_s,blocked,1420,40.7
7,S008_blocked_s,blocked,1421,40.6
7,S008_blocked_s,blocked,1422,40.5
7,S008_blocked_s,blocked,1423,40.1
7,S008_blocked_s,blocked,1424,40.2
7,S008_blocked_s,blocked,1425,39.8
7,S008_blocked_s,blocked,1426,40.6
7,S008_blocked_s,blocked,1427,40.1
7,S008_blocked_s,blocked,1428,40.5
7,S008_blocked_s,blocked,1429,40.2
7,S008_blocked_s,blocked,1430,40.1
7,S008_blocked_s,blocked,1431,40.1
7,S008_blocked_s,blocked,1432,40.6
7,S008_blocked_s,blocked,1433,40.0
7,S008_blocked_s,blocked,1434,40.0
7,S008_blocked_s,blocked,1435,40.3
7,S008_blocked_s,blocked,1436,39.9
7,S008_blocked_s,blocked,1437,39.9
7,S008_blocked_s,blocked,1438,40.2
7,S008_blocked_s,blocked,1439,39.7
7,S008_blocked_s,blocked,1440,40.0
7,S008_blocked_s,blocked,1441,40.2
7,S008_blocked_s,blocked,1442,39.7
7,S008_blocked_s,blocked,1443,39.7
7,S008_blocked_s,blocked,1444,39.7
7,S008_blocked_s,blocked,1445,39.7
7,S008_blocked_s,blocked,1446,39.9
7,S008_blocked_s,blocked,1447,39.7
7,S008_blocked_s,blocked,1448,39.8
7,S008_blocked_s,blocked,1449,39.9
7,S008_blocked_s,blocked,1450,39.7
7,S008_blocked_s,blocked,1451,40.0
7,S008_blocked_s,blocked,1452,39.4
7,S008_blocked_s,blocked,1453,39.2
7,S008_blocked_s,blocked,1454,39.3
7,S008_blocked_s,blocked,1455,39.4
7,S008_blocked_s,blocked,1456,39.1
7,S008_blocked_s,blocked,1457,39.3
7,S008_blocked_s,blocked,1458,39.4
7,S008_blocked_s,blocked,1459,39.6
7,S008_blocked_s,blocked,1460,39.7
7,S008_blocked_s,blocked,1461,39.3
7,S008_blocked_s,blocked,1462,39.4
7,S008_blocked_s,blocked,1463,39.2
7,S008_blocked_s,blocked,1464,39.3
7,S008_blocked_s,blocked,1465,38.9
7,S008_blocked_s,blocked,1466,39.2
7,S008_blocked_s,blocked,1467,39.0
7,S008_blocked_s,blocked,1468,39.1
7,S008_blocked_s,blocked,1469,38.8
7,S008_blocked_s,blocked,1470,39.0
7,S008_blocked_s,blocked,1471,39.0
7,S008_blocked_s,blocked,1472,38.8
7,S008_blocked_s,blocked,1473,38.9
7,S008_blocked_s,blocked,1474,38.8
7,S008_blocked_s,blocked,1475,39.1
7,S008_blocked_s,blocked,1476,38.7
7,S008_blocked_s,blocked,1477,39.1
7,S008_blocked_s,blocked,1478,39.0
7,S008_blocked_s,blocked,1479,38.7
7,S008_blocked_s,blocked,1480,38.6
7,S008_blocked_s,blocked,1481,38.7
7,S008_blocked_s,blocked,1482,38.3
7,S008_blocked_s,blocked,1483,38.6
7,S008_blocked_s,blocked,1484,38.6
7,S008_blocked_s,blocked,1485,38.8
7,S008_blocked_s,blocked,1486,39.0
7,S008_blocked_s,blocked,1487,38.8
7,S008_blocked_s,blocked,1488,38.7
7,S008_blocked_s,blocked,1489,38.3
7,S008_blocked_s,blocked,1490,38.4
7,S008_blocked_s,blocked,1491,38.6
7,S008_blocked_s,blocked,1492,38.7
7,S008_blocked_s,blocked,1493,38.6
7,S008_blocked_s,blocked,1494,38.4
7,S008_blocked_s,blocked,1495,38.8
7,S008_blocked_s,blocked,1496,38.3
7,S008_blocked_s,blocked,1497,38.6
7,S008_blocked_s,blocked,1498,38.7
7,S008_blocked_s,blocked,1499,38.3
