fold,session_id,condition,t_s,score
0,S001_normal_s,normal,0,0.0
0,S001_normal_s,normal,1,0.0
0,S001_normal_s,normal,2,0.0
0,S001_normal_s,normal,3,0.0
0,S001_normal_s,normal,4,0.0
0,S001_normal_s,normal,5,0.0
0,S001_normal_s,normal,6,0.0
0,S001_normal_s,normal,7,0.0
0,S001_normal_s,normal,8,0.0
0,S001_normal_s,normal,9,0.0
0,S001_normal_s,normal,10,0.0
0,S001_normal_s,normal,11,0.0
0,S001_normal_s,normal,12,0.0
0,S001_normal_s,normal,13,0.0
0,S001_normal_s,normal,14,0.0
0,S001_normal_s,normal,15,0.0
0,S001_normal_s,normal,16,0.0
0,S001_normal_s,normal,17,0.0
0,S001_normal_s,normal,18,0.0
0,S001_normal_s,normal,19,0.0
0,S001_normal_s,normal,20,0.0
0,S001_normal_s,normal,21,0.0
0,S001_normal_s,normal,22,0.0
0,S001_normal_s,normal,23,0.0
0,S001_normal_s,normal,24,0.0
0,S001_normal_s,normal,25,0.0
0,S001_normal_s,normal,26,0.0
0,S001_normal_s,normal,27,0.0
0,S001_normal_s,normal,28,0.0
0,S001_normal_s,normal,29,0.0
0,S001_normal_s,normal,30,-0.21227777777777845
0,S001_normal_s,normal,31,-0.21227777777777845
0,S001_normal_s,normal,32,-0.21227777777777845
0,S001_normal_s,normal,33,-0.21227777777777845
0,S001_normal_s,normal,34,-0.21227777777777845
0,S001_normal_s,normal,35,-0.2072777777777759
0,S001_normal_s,normal,36,-0.2072777777777759
0,S001_normal_s,normal,37,-0.2072777777777759
0,S001_normal_s,normal,38,-0.2072777777777759
0,S001_normal_s,normal,39,-0.2072777777777759
0,S001_normal_s,normal,40,-0.1722777777777793
0,S001_normal_s,normal,41,-0.1722777777777793
0,S001_normal_s,normal,42,-0.1722777777777793
0,S001_normal_s,normal,43,-0.1722777777777793
0,S001_normal_s,normal,44,-0.1722777777777793
0,S001_normal_s,normal,45,-0.15227777777777973
0,S001_normal_s,normal,46,-0.15227777777777973
0,S001_normal_s,normal,47,-0.15227777777777973
0,S001_normal_s,normal,48,-0.15227777777777973
0,S001_normal_s,normal,49,-0.15227777777777973
0,S001_normal_s,normal,50,-0.14061111111111302
0,S001_normal_s,normal,51,-0.14061111111111302
0,S001_normal_s,normal,52,-0.14061111111111302
0,S001_normal_s,normal,53,-0.14061111111111302
0,S001_normal_s,normal,54,-0.14061111111111302
0,S001_normal_s,normal,55,-0.1322777777777766
0,S001_normal_s,normal,56,-0.1322777777777766
0,S001_normal_s,normal,57,-0.1322777777777766
0,S001_normal_s,normal,58,-0.1322777777777766
0,S001_normal_s,normal,59,-0.1322777777777766
0,S001_normal_s,normal,60,-0.1289444444444463
0,S001_normal_s,normal,61,-0.1289444444444463
0,S001_normal_s,normal,62,-0.1289444444444463
0,S001_normal_s,normal,63,-0.1289444444444463
0,S001_normal_s,normal,64,-0.1289444444444463
0,S001_normal_s,normal,65,-0.12394444444444375
0,S001_normal_s,normal,66,-0.12394444444444375
0,S001_normal_s,normal,67,-0.12394444444444375
0,S001_normal_s,normal,68,-0.12394444444444375
0,S001_normal_s,normal,69,-0.12394444444444375
0,S001_normal_s,normal,70,-0.1289444444444463
0,S001_normal_s,normal,71,-0.1289444444444463
0,S001_normal_s,normal,72,-0.1289444444444463
0,S001_normal_s,normal,73,-0.1289444444444463
0,S001_normal_s,normal,74,-0.1289444444444463
0,S001_normal_s,normal,75,-0.09894444444444517
0,S001_normal_s,normal,76,-0.09894444444444517
0,S001_normal_s,normal,77,-0.09894444444444517
0,S001_normal_s,normal,78,-0.09894444444444517
0,S001_normal_s,normal,79,-0.09894444444444517
0,S001_normal_s,normal,80,-0.09061111111111231
0,S001_normal_s,normal,81,-0.09061111111111231
0,S001_normal_s,normal,82,-0.09061111111111231
0,S001_normal_s,normal,83,-0.09061111111111231
0,S001_normal_s,normal,84,-0.09061111111111231
0,S001_normal_s,normal,85,-0.09227777777777746
0,S001_normal_s,normal,86,-0.09227777777777746
0,S001_normal_s,normal,87,-0.09227777777777746
0,S001_normal_s,normal,88,-0.09227777777777746
0,S001_normal_s,normal,89,-0.09227777777777746
0,S001_normal_s,normal,90,-0.09227777777777746
0,S001_normal_s,normal,91,-0.09227777777777746
0,S001_normal_s,normal,92,-0.09227777777777746
0,S001_normal_s,normal,93,-0.09227777777777746
0,S001_normal_s,normal,94,-0.09227777777777746
0,S001_normal_s,normal,95,-0.0872777777777749
0,S001_normal_s,normal,96,-0.0872777777777749
0,S001_normal_s,normal,97,-0.0872777777777749
0,S001_normal_s,normal,98,-0.0872777777777749
0,S001_normal_s,normal,99,-0.0872777777777749
0,S001_normal_s,normal,100,-0.09394444444444261
0,S001_normal_s,normal,101,-0.09394444444444261
0,S001_normal_s,normal,102,-0.09394444444444261
0,S001_normal_s,normal,103,-0.09394444444444261
0,S001_normal_s,normal,104,-0.09394444444444261
0,S001_normal_s,normal,105,-0.09061111111111586
0,S001_normal_s,normal,106,-0.09061111111111586
0,S001_normal_s,normal,107,-0.09061111111111586
0,S001_normal_s,normal,108,-0.09061111111111586
0,S001_normal_s,normal,109,-0.09061111111111586
0,S001_normal_s,normal,110,-0.09061111111111231
0,S001_normal_s,normal,111,-0.09061111111111231
0,S001_normal_s,normal,112,-0.09061111111111231
0,S001_normal_s,normal,113,-0.09061111111111231
0,S001_normal_s,normal,114,-0.09061111111111231
0,S001_normal_s,normal,115,-0.08727777777777845
0,S001_normal_s,normal,116,-0.08727777777777845
0,S001_normal_s,normal,117,-0.08727777777777845
0,S001_normal_s,normal,118,-0.08727777777777845
0,S001_normal_s,normal,119,-0.08727777777777845
0,S001_normal_s,normal,120,-0.0789444444444456
0,S001_normal_s,normal,121,-0.0789444444444456
0,S001_normal_s,normal,122,-0.0789444444444456
0,S001_normal_s,normal,123,-0.0789444444444456
0,S001_normal_s,normal,124,-0.0789444444444456
0,S001_normal_s,normal,125,-0.09894444444444161
0,S001_normal_s,normal,126,-0.09894444444444161
0,S001_normal_s,normal,127,-0.09894444444444161
0,S001_normal_s,normal,128,-0.09894444444444161
0,S001_normal_s,normal,129,-0.09894444444444161
0,S001_normal_s,normal,130,-0.06727777777777888
0,S001_normal_s,normal,131,-0.06727777777777888
0,S001_normal_s,normal,132,-0.06727777777777888
0,S001_normal_s,normal,133,-0.06727777777777888
0,S001_normal_s,normal,134,-0.06727777777777888
0,S001_normal_s,normal,135,-0.06894444444444758
0,S001_normal_s,normal,136,-0.06894444444444758
0,S001_normal_s,normal,137,-0.06894444444444758
0,S001_normal_s,normal,138,-0.06894444444444758
0,S001_normal_s,normal,139,-0.06894444444444758
0,S001_normal_s,normal,140,-0.07061111111111273
0,S001_normal_s,normal,141,-0.07061111111111273
0,S001_normal_s,normal,142,-0.07061111111111273
0,S001_normal_s,normal,143,-0.07061111111111273
0,S001_normal_s,normal,144,-0.07061111111111273
0,S001_normal_s,normal,145,-0.06394444444444147
0,S001_normal_s,normal,146,-0.06394444444444147
0,S001_normal_s,normal,147,-0.06394444444444147
0,S001_normal_s,normal,148,-0.06394444444444147
0,S001_normal_s,normal,149,-0.06394444444444147
0,S001_normal_s,normal,150,-0.06561111111110662
0,S001_normal_s,normal,151,-0.06561111111110662
0,S001_normal_s,normal,152,-0.06561111111110662
0,S001_normal_s,normal,153,-0.06561111111110662
0,S001_normal_s,normal,154,-0.06561111111110662
0,S001_normal_s,normal,155,-0.0806111111111143
0,S001_normal_s,normal,156,-0.0806111111111143
0,S001_normal_s,normal,157,-0.0806111111111143
0,S001_normal_s,normal,158,-0.0806111111111143
0,S001_normal_s,normal,159,-0.0806111111111143
0,S001_normal_s,normal,160,-0.08894444444444005
0,S001_normal_s,normal,161,-0.08894444444444005
0,S001_normal_s,normal,162,-0.08894444444444005
0,S001_normal_s,normal,163,-0.08894444444444005
0,S001_normal_s,normal,164,-0.08894444444444005
0,S001_normal_s,normal,165,-0.07394444444444304
0,S001_normal_s,normal,166,-0.07394444444444304
0,S001_normal_s,normal,167,-0.07394444444444304
0,S001_normal_s,normal,168,-0.07394444444444304
0,S001_normal_s,normal,169,-0.07394444444444304
0,S001_normal_s,normal,170,-0.0839444444444446
0,S001_normal_s,normal,171,-0.0839444444444446
0,S001_normal_s,normal,172,-0.0839444444444446
0,S001_normal_s,normal,173,-0.0839444444444446
0,S001_normal_s,normal,174,-0.0839444444444446
0,S001_normal_s,normal,175,-0.10061111111110677
0,S001_normal_s,normal,176,-0.10061111111110677
0,S001_normal_s,normal,177,-0.10061111111110677
0,S001_normal_s,normal,178,-0.10061111111110677
0,S001_normal_s,normal,179,-0.10061111111110677
0,S001_normal_s,normal,180,-0.11227777777778059
0,S001_normal_s,normal,181,-0.11227777777778059
0,S001_normal_s,normal,182,-0.11227777777778059
0,S001_normal_s,normal,183,-0.11227777777778059
0,S001_normal_s,normal,184,-0.11227777777778059
0,S001_normal_s,normal,185,-0.10727777777777803
0,S001_normal_s,normal,186,-0.10727777777777803
0,S001_normal_s,normal,187,-0.10727777777777803
0,S001_normal_s,normal,188,-0.10727777777777803
0,S001_normal_s,normal,189,-0.10727777777777803
0,S001_normal_s,normal,190,-0.11561111111111444
0,S001_normal_s,normal,191,-0.11561111111111444
0,S001_normal_s,normal,192,-0.11561111111111444
0,S001_normal_s,normal,193,-0.11561111111111444
0,S001_normal_s,normal,194,-0.11561111111111444
0,S001_normal_s,normal,195,-0.14394444444443977
0,S001_normal_s,normal,196,-0.14394444444443977
0,S001_normal_s,normal,197,-0.14394444444443977
0,S001_normal_s,normal,198,-0.14394444444443977
0,S001_normal_s,normal,199,-0.14394444444443977
0,S001_normal_s,normal,200,-0.13727777777778272
0,S001_normal_s,normal,201,-0.13727777777778272
0,S001_normal_s,normal,202,-0.13727777777778272
0,S001_normal_s,normal,203,-0.13727777777778272
0,S001_normal_s,normal,204,-0.13727777777778272
0,S001_normal_s,normal,205,-0.1372777777777756
0,S001_normal_s,normal,206,-0.1372777777777756
0,S001_normal_s,normal,207,-0.1372777777777756
0,S001_normal_s,normal,208,-0.1372777777777756
0,S001_normal_s,normal,209,-0.1372777777777756
0,S001_normal_s,normal,210,-0.1239444444444473
0,S001_normal_s,normal,211,-0.1239444444444473
0,S001_normal_s,normal,212,-0.1239444444444473
0,S001_normal_s,normal,213,-0.1239444444444473
0,S001_normal_s,normal,214,-0.1239444444444473
0,S001_normal_s,normal,215,-0.11727777777777604
0,S001_normal_s,normal,216,-0.11727777777777604
0,S001_normal_s,normal,217,-0.11727777777777604
0,S001_normal_s,normal,218,-0.11727777777777604
0,S001_normal_s,normal,219,-0.11727777777777604
0,S001_normal_s,normal,220,-0.11061111111111543
0,S001_normal_s,normal,221,-0.11061111111111543
0,S001_normal_s,normal,222,-0.11061111111111543
0,S001_normal_s,normal,223,-0.11061111111111543
0,S001_normal_s,normal,224,-0.11061111111111543
0,S001_normal_s,normal,225,-0.13061111111111146
0,S001_normal_s,normal,226,-0.13061111111111146
0,S001_normal_s,normal,227,-0.13061111111111146
0,S001_normal_s,normal,228,-0.13061111111111146
0,S001_normal_s,normal,229,-0.13061111111111146
0,S001_normal_s,normal,230,-0.11061111111111543
0,S001_normal_s,normal,231,-0.11061111111111543
0,S001_normal_s,normal,232,-0.11061111111111543
0,S001_normal_s,normal,233,-0.11061111111111543
0,S001_normal_s,normal,234,-0.11061111111111543
0,S001_normal_s,normal,235,-0.0789444444444456
0,S001_normal_s,normal,236,-0.0789444444444456
0,S001_normal_s,normal,237,-0.0789444444444456
0,S001_normal_s,normal,238,-0.0789444444444456
0,S001_normal_s,normal,239,-0.0789444444444456
0,S001_normal_s,normal,240,-0.05727777777778442
0,S001_normal_s,normal,241,-0.05727777777778442
0,S001_normal_s,normal,242,-0.05727777777778442
0,S001_normal_s,normal,243,-0.05727777777778442
0,S001_normal_s,normal,244,-0.05727777777778442
0,S001_normal_s,normal,245,-0.04561111111111771
0,S001_normal_s,normal,246,-0.04561111111111771
0,S001_normal_s,normal,247,-0.04561111111111771
0,S001_normal_s,normal,248,-0.04561111111111771
0,S001_normal_s,normal,249,-0.04561111111111771
0,S001_normal_s,normal,250,-0.04894444444444801
0,S001_normal_s,normal,251,-0.04894444444444801
0,S001_normal_s,normal,252,-0.04894444444444801
0,S001_normal_s,normal,253,-0.04894444444444801
0,S001_normal_s,normal,254,-0.04894444444444801
0,S001_normal_s,normal,255,-0.02061111111110847
0,S001_normal_s,normal,256,-0.02061111111110847
0,S001_normal_s,normal,257,-0.02061111111110847
0,S001_normal_s,normal,258,-0.02061111111110847
0,S001_normal_s,normal,259,-0.02061111111110847
0,S001_normal_s,normal,260,-0.017277777777781722
0,S001_normal_s,normal,261,-0.017277777777781722
0,S001_normal_s,normal,262,-0.017277777777781722
0,S001_normal_s,normal,263,-0.017277777777781722
0,S001_normal_s,normal,264,-0.017277777777781722
0,S001_normal_s,normal,265,-0.01727777777777817
0,S001_normal_s,normal,266,-0.01727777777777817
0,S001_normal_s,normal,267,-0.01727777777777817
0,S001_normal_s,normal,268,-0.01727777777777817
0,S001_normal_s,normal,269,-0.01727777777777817
0,S001_normal_s,normal,270,-0.040611111111108045
0,S001_normal_s,normal,271,-0.040611111111108045
0,S001_normal_s,normal,272,-0.040611111111108045
0,S001_normal_s,normal,273,-0.040611111111108045
0,S001_normal_s,normal,274,-0.040611111111108045
0,S001_normal_s,normal,275,-0.033944444444440336
0,S001_normal_s,normal,276,-0.033944444444440336
0,S001_normal_s,normal,277,-0.033944444444440336
0,S001_normal_s,normal,278,-0.033944444444440336
0,S001_normal_s,normal,279,-0.033944444444440336
0,S001_normal_s,normal,280,-0.005611111111111455
0,S001_normal_s,normal,281,-0.005611111111111455
0,S001_normal_s,normal,282,-0.005611111111111455
0,S001_normal_s,normal,283,-0.005611111111111455
0,S001_normal_s,normal,284,-0.005611111111111455
0,S001_normal_s,normal,285,0.061055555555554974
0,S001_normal_s,normal,286,0.061055555555554974
0,S001_normal_s,normal,287,0.061055555555554974
0,S001_normal_s,normal,288,0.061055555555554974
0,S001_normal_s,normal,289,0.061055555555554974
0,S001_normal_s,normal,290,0.1177222222222234
0,S001_normal_s,normal,291,0.1177222222222234
0,S001_normal_s,normal,292,0.1177222222222234
0,S001_normal_s,normal,293,0.1177222222222234
0,S001_normal_s,normal,294,0.1177222222222234
0,S001_normal_s,normal,295,0.201055555555552
0,S001_normal_s,normal,296,0.201055555555552
0,S001_normal_s,normal,297,0.201055555555552
0,S001_normal_s,normal,298,0.201055555555552
0,S001_normal_s,normal,299,0.201055555555552
0,S001_normal_s,normal,300,0.3127222222222166
0,S001_normal_s,normal,301,0.3127222222222166
0,S001_normal_s,normal,302,0.3127222222222166
0,S001_normal_s,normal,303,0.3127222222222166
0,S001_normal_s,normal,304,0.3127222222222166
0,S001_normal_s,normal,305,0.4577222222222197
0,S001_normal_s,normal,306,0.4577222222222197
0,S001_normal_s,normal,307,0.4577222222222197
0,S001_normal_s,normal,308,0.4577222222222197
0,S001_normal_s,normal,309,0.4577222222222197
0,S001_normal_s,normal,310,0.6310555555555553
0,S001_normal_s,normal,311,0.6310555555555553
0,S001_normal_s,normal,312,0.6310555555555553
0,S001_normal_s,normal,313,0.6310555555555553
0,S001_normal_s,normal,314,0.6310555555555553
0,S001_normal_s,normal,315,0.8143888888888888
0,S001_normal_s,normal,316,0.8143888888888888
0,S001_normal_s,normal,317,0.8143888888888888
0,S001_normal_s,normal,318,0.8143888888888888
0,S001_normal_s,normal,319,0.8143888888888888
0,S001_normal_s,normal,320,1.0210555555555594
0,S001_normal_s,normal,321,1.0210555555555594
0,S001_normal_s,normal,322,1.0210555555555594
0,S001_normal_s,normal,323,1.0210555555555594
0,S001_normal_s,normal,324,1.0210555555555594
0,S001_normal_s,normal,325,1.2610555555555578
0,S001_normal_s,normal,326,1.2610555555555578
0,S001_normal_s,normal,327,1.2610555555555578
0,S001_normal_s,normal,328,1.2610555555555578
0,S001_normal_s,normal,329,1.2610555555555578
0,S001_normal_s,normal,330,1.5310555555555574
0,S001_normal_s,normal,331,1.5310555555555574
0,S001_normal_s,normal,332,1.5310555555555574
0,S001_normal_s,normal,333,1.5310555555555574
0,S001_normal_s,normal,334,1.5310555555555574
0,S001_normal_s,normal,335,1.7943888888888893
0,S001_normal_s,normal,336,1.7943888888888893
0,S001_normal_s,normal,337,1.7943888888888893
0,S001_normal_s,normal,338,1.7943888888888893
0,S001_normal_s,normal,339,1.7943888888888893
0,S001_normal_s,normal,340,2.046055555555558
0,S001_normal_s,normal,341,2.046055555555558
0,S001_normal_s,normal,342,2.046055555555558
0,S001_normal_s,normal,343,2.046055555555558
0,S001_normal_s,normal,344,2.046055555555558
0,S001_normal_s,normal,345,2.2893888888888867
0,S001_normal_s,normal,346,2.2893888888888867
0,S001_normal_s,normal,347,2.2893888888888867
0,S001_normal_s,normal,348,2.2893888888888867
0,S001_normal_s,normal,349,2.2893888888888867
0,S001_normal_s,normal,350,2.5443888888888893
0,S001_normal_s,normal,351,2.5443888888888893
0,S001_normal_s,normal,352,2.5443888888888893
0,S001_normal_s,normal,353,2.5443888888888893
0,S001_normal_s,normal,354,2.5443888888888893
0,S001_normal_s,normal,355,2.784388888888895
0,S001_normal_s,normal,356,2.784388888888895
0,S001_normal_s,normal,357,2.784388888888895
0,S001_normal_s,normal,358,2.784388888888895
0,S001_normal_s,normal,359,2.784388888888895
0,S001_normal_s,normal,360,3.007722222222217
0,S001_normal_s,normal,361,3.007722222222217
0,S001_normal_s,normal,362,3.007722222222217
0,S001_normal_s,normal,363,3.007722222222217
0,S001_normal_s,normal,364,3.007722222222217
0,S001_normal_s,normal,365,3.247722222222219
0,S001_normal_s,normal,366,3.247722222222219
0,S001_normal_s,normal,367,3.247722222222219
0,S001_normal_s,normal,368,3.247722222222219
0,S001_normal_s,normal,369,3.247722222222219
0,S001_normal_s,normal,370,3.4710555555555587
0,S001_normal_s,normal,371,3.4710555555555587
0,S001_normal_s,normal,372,3.4710555555555587
0,S001_normal_s,normal,373,3.4710555555555587
0,S001_normal_s,normal,374,3.4710555555555587
0,S001_normal_s,normal,375,3.6893888888888853
0,S001_normal_s,normal,376,3.6893888888888853
0,S001_normal_s,normal,377,3.6893888888888853
0,S001_normal_s,normal,378,3.6893888888888853
0,S001_normal_s,normal,379,3.6893888888888853
0,S001_normal_s,normal,380,3.889388888888888
0,S001_normal_s,normal,381,3.889388888888888
0,S001_normal_s,normal,382,3.889388888888888
0,S001_normal_s,normal,383,3.889388888888888
0,S001_normal_s,normal,384,3.889388888888888
0,S001_normal_s,normal,385,4.072722222222225
0,S001_normal_s,normal,386,4.072722222222225
0,S001_normal_s,normal,387,4.072722222222225
0,S001_normal_s,normal,388,4.072722222222225
0,S001_normal_s,normal,389,4.072722222222225
0,S001_normal_s,normal,390,4.262722222222216
0,S001_normal_s,normal,391,4.262722222222216
0,S001_normal_s,normal,392,4.262722222222216
0,S001_normal_s,normal,393,4.262722222222216
0,S001_normal_s,normal,394,4.262722222222216
0,S001_normal_s,normal,395,4.464388888888891
0,S001_normal_s,normal,396,4.464388888888891
0,S001_normal_s,normal,397,4.464388888888891
0,S001_normal_s,normal,398,4.464388888888891
0,S001_normal_s,normal,399,4.464388888888891
0,S001_normal_s,normal,400,4.662722222222218
0,S001_normal_s,normal,401,4.662722222222218
0,S001_normal_s,normal,402,4.662722222222218
0,S001_normal_s,normal,403,4.662722222222218
0,S001_normal_s,normal,404,4.662722222222218
0,S001_normal_s,normal,405,4.856055555555557
0,S001_normal_s,normal,406,4.856055555555557
0,S001_normal_s,normal,407,4.856055555555557
0,S001_normal_s,normal,408,4.856055555555557
0,S001_normal_s,normal,409,4.856055555555557
0,S001_normal_s,normal,410,5.054388888888887
0,S001_normal_s,normal,411,5.054388888888887
0,S001_normal_s,normal,412,5.054388888888887
0,S001_normal_s,normal,413,5.054388888888887
0,S001_normal_s,normal,414,5.054388888888887
0,S001_normal_s,normal,415,5.261055555555547
0,S001_normal_s,normal,416,5.261055555555547
0,S001_normal_s,normal,417,5.261055555555547
0,S001_normal_s,normal,418,5.261055555555547
0,S001_normal_s,normal,419,5.261055555555547
0,S001_normal_s,normal,420,5.449388888888887
0,S001_normal_s,normal,421,5.449388888888887
0,S001_normal_s,normal,422,5.449388888888887
0,S001_normal_s,normal,423,5.449388888888887
0,S001_normal_s,normal,424,5.449388888888887
0,S001_normal_s,normal,425,5.622722222222222
0,S001_normal_s,normal,426,5.622722222222222
0,S001_normal_s,normal,427,5.622722222222222
0,S001_normal_s,normal,428,5.622722222222222
0,S001_normal_s,normal,429,5.622722222222222
0,S001_normal_s,normal,430,5.794388888888886
0,S001_normal_s,normal,431,5.794388888888886
0,S001_normal_s,normal,432,5.794388888888886
0,S001_normal_s,normal,433,5.794388888888886
0,S001_normal_s,normal,434,5.794388888888886
0,S001_normal_s,normal,435,5.959388888888885
0,S001_normal_s,normal,436,5.959388888888885
0,S001_normal_s,normal,437,5.959388888888885
0,S001_normal_s,normal,438,5.959388888888885
0,S001_normal_s,normal,439,5.959388888888885
0,S001_normal_s,normal,440,6.132722222222224
0,S001_normal_s,normal,441,6.132722222222224
0,S001_normal_s,normal,442,6.132722222222224
0,S001_normal_s,normal,443,6.132722222222224
0,S001_normal_s,normal,444,6.132722222222224
0,S001_normal_s,normal,445,6.314388888888889
0,S001_normal_s,normal,446,6.314388888888889
0,S001_normal_s,normal,447,6.314388888888889
0,S001_normal_s,normal,448,6.314388888888889
0,S001_normal_s,normal,449,6.314388888888889
0,S001_normal_s,normal,450,6.482722222222218
0,S001_normal_s,normal,451,6.482722222222218
0,S001_normal_s,normal,452,6.482722222222218
0,S001_normal_s,normal,453,6.482722222222218
0,S001_normal_s,normal,454,6.482722222222218
0,S001_normal_s,normal,455,6.6577222222222225
0,S001_normal_s,normal,456,6.6577222222222225
0,S001_normal_s,normal,457,6.6577222222222225
0,S001_normal_s,normal,458,6.6577222222222225
0,S001_normal_s,normal,459,6.6577222222222225
0,S001_normal_s,normal,460,6.837722222222226
0,S001_normal_s,normal,461,6.837722222222226
0,S001_normal_s,normal,462,6.837722222222226
0,S001_normal_s,normal,463,6.837722222222226
0,S001_normal_s,normal,464,6.837722222222226
0,S001_normal_s,normal,465,6.987722222222217
0,S001_normal_s,normal,466,6.987722222222217
0,S001_normal_s,normal,467,6.987722222222217
0,S001_normal_s,normal,468,6.987722222222217
0,S001_normal_s,normal,469,6.987722222222217
0,S001_normal_s,normal,470,7.132722222222217
0,S001_normal_s,normal,471,7.132722222222217
0,S001_normal_s,normal,472,7.132722222222217
0,S001_normal_s,normal,473,7.132722222222217
0,S001_normal_s,normal,474,7.132722222222217
0,S001_normal_s,normal,475,7.262722222222219
0,S001_normal_s,normal,476,7.262722222222219
0,S001_normal_s,normal,477,7.262722222222219
0,S001_normal_s,normal,478,7.262722222222219
0,S001_normal_s,normal,479,7.262722222222219
0,S001_normal_s,normal,480,7.41438888888889
0,S001_normal_s,normal,481,7.41438888888889
0,S001_normal_s,normal,482,7.41438888888889
0,S001_normal_s,normal,483,7.41438888888889
0,S001_normal_s,normal,484,7.41438888888889
0,S001_normal_s,normal,485,7.557722222222225
0,S001_normal_s,normal,486,7.557722222222225
0,S001_normal_s,normal,487,7.557722222222225
0,S001_normal_s,normal,488,7.557722222222225
0,S001_normal_s,normal,489,7.557722222222225
0,S001_normal_s,normal,490,7.6860555555555585
0,S001_normal_s,normal,491,7.6860555555555585
0,S001_normal_s,normal,492,7.6860555555555585
0,S001_normal_s,normal,493,7.6860555555555585
0,S001_normal_s,normal,494,7.6860555555555585
0,S001_normal_s,normal,495,7.826055555555552
0,S001_normal_s,normal,496,7.826055555555552
0,S001_normal_s,normal,497,7.826055555555552
0,S001_normal_s,normal,498,7.826055555555552
0,S001_normal_s,normal,499,7.826055555555552
0,S001_normal_s,normal,500,7.952722222222221
0,S001_normal_s,normal,501,7.952722222222221
0,S001_normal_s,normal,502,7.952722222222221
0,S001_normal_s,normal,503,7.952722222222221
0,S001_normal_s,normal,504,7.952722222222221
0,S001_normal_s,normal,505,8.086055555555557
0,S001_normal_s,normal,506,8.086055555555557
0,S001_normal_s,normal,507,8.086055555555557
0,S001_normal_s,normal,508,8.086055555555557
0,S001_normal_s,normal,509,8.086055555555557
0,S001_normal_s,normal,510,8.212722222222222
0,S001_normal_s,normal,511,8.212722222222222
0,S001_normal_s,normal,512,8.212722222222222
0,S001_normal_s,normal,513,8.212722222222222
0,S001_normal_s,normal,514,8.212722222222222
0,S001_normal_s,normal,515,8.316055555555554
0,S001_normal_s,normal,516,8.316055555555554
0,S001_normal_s,normal,517,8.316055555555554
0,S001_normal_s,normal,518,8.316055555555554
0,S001_normal_s,normal,519,8.316055555555554
0,S001_normal_s,normal,520,8.41938888888889
0,S001_normal_s,normal,521,8.41938888888889
0,S001_normal_s,normal,522,8.41938888888889
0,S001_normal_s,normal,523,8.41938888888889
0,S001_normal_s,normal,524,8.41938888888889
0,S001_normal_s,normal,525,8.557722222222221
0,S001_normal_s,normal,526,8.557722222222221
0,S001_normal_s,normal,527,8.557722222222221
0,S001_normal_s,normal,528,8.557722222222221
0,S001_normal_s,normal,529,8.557722222222221
0,S001_normal_s,normal,530,8.684388888888886
0,S001_normal_s,normal,531,8.684388888888886
0,S001_normal_s,normal,532,8.684388888888886
0,S001_normal_s,normal,533,8.684388888888886
0,S001_normal_s,normal,534,8.684388888888886
0,S001_normal_s,normal,535,8.79438888888889
0,S001_normal_s,normal,536,8.79438888888889
0,S001_normal_s,normal,537,8.79438888888889
0,S001_normal_s,normal,538,8.79438888888889
0,S001_normal_s,normal,539,8.79438888888889
0,S001_normal_s,normal,540,8.89938888888889
0,S001_normal_s,normal,541,8.89938888888889
0,S001_normal_s,normal,542,8.89938888888889
0,S001_normal_s,normal,543,8.89938888888889
0,S001_normal_s,normal,544,8.89938888888889
0,S001_normal_s,normal,545,8.997722222222215
0,S001_normal_s,normal,546,8.997722222222215
0,S001_normal_s,normal,547,8.997722222222215
0,S001_normal_s,normal,548,8.997722222222215
0,S001_normal_s,normal,549,8.997722222222215
0,S001_normal_s,normal,550,9.107722222222225
0,S001_normal_s,normal,551,9.107722222222225
0,S001_normal_s,normal,552,9.107722222222225
0,S001_normal_s,normal,553,9.107722222222225
0,S001_normal_s,normal,554,9.107722222222225
0,S001_normal_s,normal,555,9.199388888888887
0,S001_normal_s,normal,556,9.199388888888887
0,S001_normal_s,normal,557,9.199388888888887
0,S001_normal_s,normal,558,9.199388888888887
0,S001_normal_s,normal,559,9.199388888888887
0,S001_normal_s,normal,560,9.306055555555552
0,S001_normal_s,normal,561,9.306055555555552
0,S001_normal_s,normal,562,9.306055555555552
0,S001_normal_s,normal,563,9.306055555555552
0,S001_normal_s,normal,564,9.306055555555552
0,S001_normal_s,normal,565,9.399388888888886
0,S001_normal_s,normal,566,9.399388888888886
0,S001_normal_s,normal,567,9.399388888888886
0,S001_normal_s,normal,568,9.399388888888886
0,S001_normal_s,normal,569,9.399388888888886
0,S001_normal_s,normal,570,9.50105555555556
0,S001_normal_s,normal,571,9.50105555555556
0,S001_normal_s,normal,572,9.50105555555556
0,S001_normal_s,normal,573,9.50105555555556
0,S001_normal_s,normal,574,9.50105555555556
0,S001_normal_s,normal,575,9.619388888888885
0,S001_normal_s,normal,576,9.619388888888885
0,S001_normal_s,normal,577,9.619388888888885
0,S001_normal_s,normal,578,9.619388888888885
0,S001_normal_s,normal,579,9.619388888888885
0,S001_normal_s,normal,580,9.707722222222223
0,S001_normal_s,normal,581,9.707722222222223
0,S001_normal_s,normal,582,9.707722222222223
0,S001_normal_s,normal,583,9.707722222222223
0,S001_normal_s,normal,584,9.707722222222223
0,S001_normal_s,normal,585,9.772722222222221
0,S001_normal_s,normal,586,9.772722222222221
0,S001_normal_s,normal,587,9.772722222222221
0,S001_normal_s,normal,588,9.772722222222221
0,S001_normal_s,normal,589,9.772722222222221
0,S001_normal_s,normal,590,9.856055555555557
0,S001_normal_s,normal,591,9.856055555555557
0,S001_normal_s,normal,592,9.856055555555557
0,S001_normal_s,normal,593,9.856055555555557
0,S001_normal_s,normal,594,9.856055555555557
0,S001_normal_s,normal,595,9.962722222222226
0,S001_normal_s,normal,596,9.962722222222226
0,S001_normal_s,normal,597,9.962722222222226
0,S001_normal_s,normal,598,9.962722222222226
0,S001_normal_s,normal,599,9.962722222222226
0,S001_normal_s,normal,600,10.069388888888888
0,S001_normal_s,normal,601,10.069388888888888
0,S001_normal_s,normal,602,10.069388888888888
0,S001_normal_s,normal,603,10.069388888888888
0,S001_normal_s,normal,604,10.069388888888888
0,S001_normal_s,normal,605,10.159388888888891
0,S001_normal_s,normal,606,10.159388888888891
0,S001_normal_s,normal,607,10.159388888888891
0,S001_normal_s,normal,608,10.159388888888891
0,S001_normal_s,normal,609,10.159388888888891
0,S001_normal_s,normal,610,10.259388888888886
0,S001_normal_s,normal,611,10.259388888888886
0,S001_normal_s,normal,612,10.259388888888886
0,S001_normal_s,normal,613,10.259388888888886
0,S001_normal_s,normal,614,10.259388888888886
0,S001_normal_s,normal,615,10.36772222222222
0,S001_normal_s,normal,616,10.36772222222222
0,S001_normal_s,normal,617,10.36772222222222
0,S001_normal_s,normal,618,10.36772222222222
0,S001_normal_s,normal,619,10.36772222222222
0,S001_normal_s,normal,620,10.456055555555551
0,S001_normal_s,normal,621,10.456055555555551
0,S001_normal_s,normal,622,10.456055555555551
0,S001_normal_s,normal,623,10.456055555555551
0,S001_normal_s,normal,624,10.456055555555551
0,S001_normal_s,normal,625,10.546055555555554
0,S001_normal_s,normal,626,10.546055555555554
0,S001_normal_s,normal,627,10.546055555555554
0,S001_normal_s,normal,628,10.546055555555554
0,S001_normal_s,normal,629,10.546055555555554
0,S001_normal_s,normal,630,10.634388888888893
0,S001_normal_s,normal,631,10.634388888888893
0,S001_normal_s,normal,632,10.634388888888893
0,S001_normal_s,normal,633,10.634388888888893
0,S001_normal_s,normal,634,10.634388888888893
0,S001_normal_s,normal,635,10.714388888888891
0,S001_normal_s,normal,636,10.714388888888891
0,S001_normal_s,normal,637,10.714388888888891
0,S001_normal_s,normal,638,10.714388888888891
0,S001_normal_s,normal,639,10.714388888888891
0,S001_normal_s,normal,640,10.822722222222225
0,S001_normal_s,normal,641,10.822722222222225
0,S001_normal_s,normal,642,10.822722222222225
0,S001_normal_s,normal,643,10.822722222222225
0,S001_normal_s,normal,644,10.822722222222225
0,S001_normal_s,normal,645,10.916055555555559
0,S001_normal_s,normal,646,10.916055555555559
0,S001_normal_s,normal,647,10.916055555555559
0,S001_normal_s,normal,648,10.916055555555559
0,S001_normal_s,normal,649,10.916055555555559
0,S001_normal_s,normal,650,10.996055555555564
0,S001_normal_s,normal,651,10.996055555555564
0,S001_normal_s,normal,652,10.996055555555564
0,S001_normal_s,normal,653,10.996055555555564
0,S001_normal_s,normal,654,10.996055555555564
0,S001_normal_s,normal,655,11.07105555555556
0,S001_normal_s,normal,656,11.07105555555556
0,S001_normal_s,normal,657,11.07105555555556
0,S001_normal_s,normal,658,11.07105555555556
0,S001_normal_s,normal,659,11.07105555555556
0,S001_normal_s,normal,660,11.141055555555553
0,S001_normal_s,normal,661,11.141055555555553
0,S001_normal_s,normal,662,11.141055555555553
0,S001_normal_s,normal,663,11.141055555555553
0,S001_normal_s,normal,664,11.141055555555553
0,S001_normal_s,normal,665,11.219388888888886
0,S001_normal_s,normal,666,11.219388888888886
0,S001_normal_s,normal,667,11.219388888888886
0,S001_normal_s,normal,668,11.219388888888886
0,S001_normal_s,normal,669,11.219388888888886
0,S001_normal_s,normal,670,11.299388888888885
0,S001_normal_s,normal,671,11.299388888888885
0,S001_normal_s,normal,672,11.299388888888885
0,S001_normal_s,normal,673,11.299388888888885
0,S001_normal_s,normal,674,11.299388888888885
0,S001_normal_s,normal,675,11.361055555555552
0,S001_normal_s,normal,676,11.361055555555552
0,S001_normal_s,normal,677,11.361055555555552
0,S001_normal_s,normal,678,11.361055555555552
0,S001_normal_s,normal,679,11.361055555555552
0,S001_normal_s,normal,680,11.42938888888888
0,S001_normal_s,normal,681,11.42938888888888
0,S001_normal_s,normal,682,11.42938888888888
0,S001_normal_s,normal,683,11.42938888888888
0,S001_normal_s,normal,684,11.42938888888888
0,S001_normal_s,normal,685,11.491055555555548
0,S001_normal_s,normal,686,11.491055555555548
0,S001_normal_s,normal,687,11.491055555555548
0,S001_normal_s,normal,688,11.491055555555548
0,S001_normal_s,normal,689,11.491055555555548
0,S001_normal_s,normal,690,11.546055555555554
0,S001_normal_s,normal,691,11.546055555555554
0,S001_normal_s,normal,692,11.546055555555554
0,S001_normal_s,normal,693,11.546055555555554
0,S001_normal_s,normal,694,11.546055555555554
0,S001_normal_s,normal,695,11.609388888888887
0,S001_normal_s,normal,696,11.609388888888887
0,S001_normal_s,normal,697,11.609388888888887
0,S001_normal_s,normal,698,11.609388888888887
0,S001_normal_s,normal,699,11.609388888888887
0,S001_normal_s,normal,700,11.649388888888886
0,S001_normal_s,normal,701,11.649388888888886
0,S001_normal_s,normal,702,11.649388888888886
0,S001_normal_s,normal,703,11.649388888888886
0,S001_normal_s,normal,704,11.649388888888886
0,S001_normal_s,normal,705,11.707722222222216
0,S001_normal_s,normal,706,11.707722222222216
0,S001_normal_s,normal,707,11.707722222222216
0,S001_normal_s,normal,708,11.707722222222216
0,S001_normal_s,normal,709,11.707722222222216
0,S001_normal_s,normal,710,11.764388888888888
0,S001_normal_s,normal,711,11.764388888888888
0,S001_normal_s,normal,712,11.764388888888888
0,S001_normal_s,normal,713,11.764388888888888
0,S001_normal_s,normal,714,11.764388888888888
0,S001_normal_s,normal,715,11.807722222222225
0,S001_normal_s,normal,716,11.807722222222225
0,S001_normal_s,normal,717,11.807722222222225
0,S001_normal_s,normal,718,11.807722222222225
0,S001_normal_s,normal,719,11.807722222222225
0,S001_normal_s,normal,720,11.85605555555555
0,S001_normal_s,normal,721,11.85605555555555
0,S001_normal_s,normal,722,11.85605555555555
0,S001_normal_s,normal,723,11.85605555555555
0,S001_normal_s,normal,724,11.85605555555555
0,S001_normal_s,normal,725,11.912722222222222
0,S001_normal_s,normal,726,11.912722222222222
0,S001_normal_s,normal,727,11.912722222222222
0,S001_normal_s,normal,728,11.912722222222222
0,S001_normal_s,normal,729,11.912722222222222
0,S001_normal_s,normal,730,11.959388888888888
0,S001_normal_s,normal,731,11.959388888888888
0,S001_normal_s,normal,732,11.959388888888888
0,S001_normal_s,normal,733,11.959388888888888
0,S001_normal_s,normal,734,11.959388888888888
0,S001_normal_s,normal,735,12.006055555555548
0,S001_normal_s,normal,736,12.006055555555548
0,S001_normal_s,normal,737,12.006055555555548
0,S001_normal_s,normal,738,12.006055555555548
0,S001_normal_s,normal,739,12.006055555555548
0,S001_normal_s,normal,740,12.079388888888893
0,S001_normal_s,normal,741,12.079388888888893
0,S001_normal_s,normal,742,12.079388888888893
0,S001_normal_s,normal,743,12.079388888888893
0,S001_normal_s,normal,744,12.079388888888893
0,S001_normal_s,normal,745,12.152722222222216
0,S001_normal_s,normal,746,12.152722222222216
0,S001_normal_s,normal,747,12.152722222222216
0,S001_normal_s,normal,748,12.152722222222216
0,S001_normal_s,normal,749,12.152722222222216
0,S001_normal_s,normal,750,12.229388888888892
0,S001_normal_s,normal,751,12.229388888888892
0,S001_normal_s,normal,752,12.229388888888892
0,S001_normal_s,normal,753,12.229388888888892
0,S001_normal_s,normal,754,12.229388888888892
0,S001_normal_s,normal,755,12.279388888888882
0,S001_normal_s,normal,756,12.279388888888882
0,S001_normal_s,normal,757,12.279388888888882
0,S001_normal_s,normal,758,12.279388888888882
0,S001_normal_s,normal,759,12.279388888888882
0,S001_normal_s,normal,760,12.322722222222225
0,S001_normal_s,normal,761,12.322722222222225
0,S001_normal_s,normal,762,12.322722222222225
0,S001_normal_s,normal,763,12.322722222222225
0,S001_normal_s,normal,764,12.322722222222225
0,S001_normal_s,normal,765,12.371055555555557
0,S001_normal_s,normal,766,12.371055555555557
0,S001_normal_s,normal,767,12.371055555555557
0,S001_normal_s,normal,768,12.371055555555557
0,S001_normal_s,normal,769,12.371055555555557
0,S001_normal_s,normal,770,12.416055555555552
0,S001_normal_s,normal,771,12.416055555555552
0,S001_normal_s,normal,772,12.416055555555552
0,S001_normal_s,normal,773,12.416055555555552
0,S001_normal_s,normal,774,12.416055555555552
0,S001_normal_s,normal,775,12.474388888888896
0,S001_normal_s,normal,776,12.474388888888896
0,S001_normal_s,normal,777,12.474388888888896
0,S001_normal_s,normal,778,12.474388888888896
0,S001_normal_s,normal,779,12.474388888888896
0,S001_normal_s,normal,780,12.512722222222216
0,S001_normal_s,normal,781,12.512722222222216
0,S001_normal_s,normal,782,12.512722222222216
0,S001_normal_s,normal,783,12.512722222222216
0,S001_normal_s,normal,784,12.512722222222216
0,S001_normal_s,normal,785,12.557722222222232
0,S001_normal_s,normal,786,12.557722222222232
0,S001_normal_s,normal,787,12.557722222222232
0,S001_normal_s,normal,788,12.557722222222232
0,S001_normal_s,normal,789,12.557722222222232
0,S001_normal_s,normal,790,12.592722222222221
0,S001_normal_s,normal,791,12.592722222222221
0,S001_normal_s,normal,792,12.592722222222221
0,S001_normal_s,normal,793,12.592722222222221
0,S001_normal_s,normal,794,12.592722222222221
0,S001_normal_s,normal,795,12.641055555555546
0,S001_normal_s,normal,796,12.641055555555546
0,S001_normal_s,normal,797,12.641055555555546
0,S001_normal_s,normal,798,12.641055555555546
0,S001_normal_s,normal,799,12.641055555555546
0,S001_normal_s,normal,800,12.66105555555555
0,S001_normal_s,normal,801,12.66105555555555
0,S001_normal_s,normal,802,12.66105555555555
0,S001_normal_s,normal,803,12.66105555555555
0,S001_normal_s,normal,804,12.66105555555555
0,S001_normal_s,normal,805,12.67605555555555
0,S001_normal_s,normal,806,12.67605555555555
0,S001_normal_s,normal,807,12.67605555555555
0,S001_normal_s,normal,808,12.67605555555555
0,S001_normal_s,normal,809,12.67605555555555
0,S001_normal_s,normal,810,12.684388888888876
0,S001_normal_s,normal,811,12.684388888888876
0,S001_normal_s,normal,812,12.684388888888876
0,S001_normal_s,normal,813,12.684388888888876
0,S001_normal_s,normal,814,12.684388888888876
0,S001_normal_s,normal,815,12.704388888888893
0,S001_normal_s,normal,816,12.704388888888893
0,S001_normal_s,normal,817,12.704388888888893
0,S001_normal_s,normal,818,12.704388888888893
0,S001_normal_s,normal,819,12.704388888888893
0,S001_normal_s,normal,820,12.73938888888889
0,S001_normal_s,normal,821,12.73938888888889
0,S001_normal_s,normal,822,12.73938888888889
0,S001_normal_s,normal,823,12.73938888888889
0,S001_normal_s,normal,824,12.73938888888889
0,S001_normal_s,normal,825,12.774388888888886
0,S001_normal_s,normal,826,12.774388888888886
0,S001_normal_s,normal,827,12.774388888888886
0,S001_normal_s,normal,828,12.774388888888886
0,S001_normal_s,normal,829,12.774388888888886
0,S001_normal_s,normal,830,12.814388888888885
0,S001_normal_s,normal,831,12.814388888888885
0,S001_normal_s,normal,832,12.814388888888885
0,S001_normal_s,normal,833,12.814388888888885
0,S001_normal_s,normal,834,12.814388888888885
0,S001_normal_s,normal,835,12.852722222222226
0,S001_normal_s,normal,836,12.852722222222226
0,S001_normal_s,normal,837,12.852722222222226
0,S001_normal_s,normal,838,12.852722222222226
0,S001_normal_s,normal,839,12.852722222222226
0,S001_normal_s,normal,840,12.89438888888889
0,S001_normal_s,normal,841,12.89438888888889
0,S001_normal_s,normal,842,12.89438888888889
0,S001_normal_s,normal,843,12.89438888888889
0,S001_normal_s,normal,844,12.89438888888889
0,S001_normal_s,normal,845,12.917722222222217
0,S001_normal_s,normal,846,12.917722222222217
0,S001_normal_s,normal,847,12.917722222222217
0,S001_normal_s,normal,848,12.917722222222217
0,S001_normal_s,normal,849,12.917722222222217
0,S001_normal_s,normal,850,12.956055555555565
0,S001_normal_s,normal,851,12.956055555555565
0,S001_normal_s,normal,852,12.956055555555565
0,S001_normal_s,normal,853,12.956055555555565
0,S001_normal_s,normal,854,12.956055555555565
0,S001_normal_s,normal,855,12.98938888888889
0,S001_normal_s,normal,856,12.98938888888889
0,S001_normal_s,normal,857,12.98938888888889
0,S001_normal_s,normal,858,12.98938888888889
0,S001_normal_s,normal,859,12.98938888888889
0,S001_normal_s,normal,860,13.016055555555553
0,S001_normal_s,normal,861,13.016055555555553
0,S001_normal_s,normal,862,13.016055555555553
0,S001_normal_s,normal,863,13.016055555555553
0,S001_normal_s,normal,864,13.016055555555553
0,S001_normal_s,normal,865,13.05105555555555
0,S001_normal_s,normal,866,13.05105555555555
0,S001_normal_s,normal,867,13.05105555555555
0,S001_normal_s,normal,868,13.05105555555555
0,S001_normal_s,normal,869,13.05105555555555
0,S001_normal_s,normal,870,13.109388888888887
0,S001_normal_s,normal,871,13.109388888888887
0,S001_normal_s,normal,872,13.109388888888887
0,S001_normal_s,normal,873,13.109388888888887
0,S001_normal_s,normal,874,13.109388888888887
0,S001_normal_s,normal,875,13.164388888888887
0,S001_normal_s,normal,876,13.164388888888887
0,S001_normal_s,normal,877,13.164388888888887
0,S001_normal_s,normal,878,13.164388888888887
0,S001_normal_s,normal,879,13.164388888888887
0,S001_normal_s,normal,880,13.214388888888891
0,S001_normal_s,normal,881,13.214388888888891
0,S001_normal_s,normal,882,13.214388888888891
0,S001_normal_s,normal,883,13.214388888888891
0,S001_normal_s,normal,884,13.214388888888891
0,S001_normal_s,normal,885,13.236055555555552
0,S001_normal_s,normal,886,13.236055555555552
0,S001_normal_s,normal,887,13.236055555555552
0,S001_normal_s,normal,888,13.236055555555552
0,S001_normal_s,normal,889,13.236055555555552
0,S001_normal_s,normal,890,13.267722222222218
0,S001_normal_s,normal,891,13.267722222222218
0,S001_normal_s,normal,892,13.267722222222218
0,S001_normal_s,normal,893,13.267722222222218
0,S001_normal_s,normal,894,13.267722222222218
0,S001_normal_s,normal,895,13.291055555555545
0,S001_normal_s,normal,896,13.291055555555545
0,S001_normal_s,normal,897,13.291055555555545
0,S001_normal_s,normal,898,13.291055555555545
0,S001_normal_s,normal,899,13.291055555555545
0,S001_normal_s,normal,900,13.321055555555553
0,S001_normal_s,normal,901,13.321055555555553
0,S001_normal_s,normal,902,13.321055555555553
0,S001_normal_s,normal,903,13.321055555555553
0,S001_normal_s,normal,904,13.321055555555553
0,S001_normal_s,normal,905,13.357722222222222
0,S001_normal_s,normal,906,13.357722222222222
0,S001_normal_s,normal,907,13.357722222222222
0,S001_normal_s,normal,908,13.357722222222222
0,S001_normal_s,normal,909,13.357722222222222
0,S001_normal_s,normal,910,13.376055555555553
0,S001_normal_s,normal,911,13.376055555555553
0,S001_normal_s,normal,912,13.376055555555553
0,S001_normal_s,normal,913,13.376055555555553
0,S001_normal_s,normal,914,13.376055555555553
0,S001_normal_s,normal,915,13.421055555555554
0,S001_normal_s,normal,916,13.421055555555554
0,S001_normal_s,normal,917,13.421055555555554
0,S001_normal_s,normal,918,13.421055555555554
0,S001_normal_s,normal,919,13.421055555555554
0,S001_normal_s,normal,920,13.451055555555563
0,S001_normal_s,normal,921,13.451055555555563
0,S001_normal_s,normal,922,13.451055555555563
0,S001_normal_s,normal,923,13.451055555555563
0,S001_normal_s,normal,924,13.451055555555563
0,S001_normal_s,normal,925,13.47772222222222
0,S001_normal_s,normal,926,13.47772222222222
0,S001_normal_s,normal,927,13.47772222222222
0,S001_normal_s,normal,928,13.47772222222222
0,S001_normal_s,normal,929,13.47772222222222
0,S001_normal_s,normal,930,13.487722222222217
0,S001_normal_s,normal,931,13.487722222222217
0,S001_normal_s,normal,932,13.487722222222217
0,S001_normal_s,normal,933,13.487722222222217
0,S001_normal_s,normal,934,13.487722222222217
0,S001_normal_s,normal,935,13.50772222222222
0,S001_normal_s,normal,936,13.50772222222222
0,S001_normal_s,normal,937,13.50772222222222
0,S001_normal_s,normal,938,13.50772222222222
0,S001_normal_s,normal,939,13.50772222222222
0,S001_normal_s,normal,940,13.521055555555556
0,S001_normal_s,normal,941,13.521055555555556
0,S001_normal_s,normal,942,13.521055555555556
0,S001_normal_s,normal,943,13.521055555555556
0,S001_normal_s,normal,944,13.521055555555556
0,S001_normal_s,normal,945,13.55605555555556
0,S001_normal_s,normal,946,13.55605555555556
0,S001_normal_s,normal,947,13.55605555555556
0,S001_normal_s,normal,948,13.55605555555556
0,S001_normal_s,normal,949,13.55605555555556
0,S001_normal_s,normal,950,13.587722222222226
0,S001_normal_s,normal,951,13.587722222222226
0,S001_normal_s,normal,952,13.587722222222226
0,S001_normal_s,normal,953,13.587722222222226
0,S001_normal_s,normal,954,13.587722222222226
0,S001_normal_s,normal,955,13.596055555555559
0,S001_normal_s,normal,956,13.596055555555559
0,S001_normal_s,normal,957,13.596055555555559
0,S001_normal_s,normal,958,13.596055555555559
0,S001_normal_s,normal,959,13.596055555555559
0,S001_normal_s,normal,960,13.626055555555553
0,S001_normal_s,normal,961,13.626055555555553
0,S001_normal_s,normal,962,13.626055555555553
0,S001_normal_s,normal,963,13.626055555555553
0,S001_normal_s,normal,964,13.626055555555553
0,S001_normal_s,normal,965,13.639388888888895
0,S001_normal_s,normal,966,13.639388888888895
0,S001_normal_s,normal,967,13.639388888888895
0,S001_normal_s,normal,968,13.639388888888895
0,S001_normal_s,normal,969,13.639388888888895
0,S001_normal_s,normal,970,13.66938888888889
0,S001_normal_s,normal,971,13.66938888888889
0,S001_normal_s,normal,972,13.66938888888889
0,S001_normal_s,normal,973,13.66938888888889
0,S001_normal_s,normal,974,13.66938888888889
0,S001_normal_s,normal,975,13.674388888888899
0,S001_normal_s,normal,976,13.674388888888899
0,S001_normal_s,normal,977,13.674388888888899
0,S001_normal_s,normal,978,13.674388888888899
0,S001_normal_s,normal,979,13.674388888888899
0,S001_normal_s,normal,980,13.69272222222223
0,S001_normal_s,normal,981,13.69272222222223
0,S001_normal_s,normal,982,13.69272222222223
0,S001_normal_s,normal,983,13.69272222222223
0,S001_normal_s,normal,984,13.69272222222223
0,S001_normal_s,normal,985,13.706055555555558
0,S001_normal_s,normal,986,13.706055555555558
0,S001_normal_s,normal,987,13.706055555555558
0,S001_normal_s,normal,988,13.706055555555558
0,S001_normal_s,normal,989,13.706055555555558
0,S001_normal_s,normal,990,13.734388888888887
0,S001_normal_s,normal,991,13.734388888888887
0,S001_normal_s,normal,992,13.734388888888887
0,S001_normal_s,normal,993,13.734388888888887
0,S001_normal_s,normal,994,13.734388888888887
0,S001_normal_s,normal,995,13.74605555555555
0,S001_normal_s,normal,996,13.74605555555555
0,S001_normal_s,normal,997,13.74605555555555
0,S001_normal_s,normal,998,13.74605555555555
0,S001_normal_s,normal,999,13.74605555555555
0,S001_normal_s,normal,1000,13.76105555555555
0,S001_normal_s,normal,1001,13.76105555555555
0,S001_normal_s,normal,1002,13.76105555555555
0,S001_normal_s,normal,1003,13.76105555555555
0,S001_normal_s,normal,1004,13.76105555555555
0,S001_normal_s,normal,1005,13.787722222222222
0,S001_normal_s,normal,1006,13.787722222222222
0,S001_normal_s,normal,1007,13.787722222222222
0,S001_normal_s,normal,1008,13.787722222222222
0,S001_normal_s,normal,1009,13.787722222222222
0,S001_normal_s,normal,1010,13.781055555555554
0,S001_normal_s,normal,1011,13.781055555555554
0,S001_normal_s,normal,1012,13.781055555555554
0,S001_normal_s,normal,1013,13.781055555555554
0,S001_normal_s,normal,1014,13.781055555555554
0,S001_normal_s,normal,1015,13.811055555555555
0,S001_normal_s,normal,1016,13.811055555555555
0,S001_normal_s,normal,1017,13.811055555555555
0,S001_normal_s,normal,1018,13.811055555555555
0,S001_normal_s,normal,1019,13.811055555555555
0,S001_normal_s,normal,1020,13.816055555555558
0,S001_normal_s,normal,1021,13.816055555555558
0,S001_normal_s,normal,1022,13.816055555555558
0,S001_normal_s,normal,1023,13.816055555555558
0,S001_normal_s,normal,1024,13.816055555555558
0,S001_normal_s,normal,1025,13.841055555555549
0,S001_normal_s,normal,1026,13.841055555555549
0,S001_normal_s,normal,1027,13.841055555555549
0,S001_normal_s,normal,1028,13.841055555555549
0,S001_normal_s,normal,1029,13.841055555555549
0,S001_normal_s,normal,1030,13.861055555555552
0,S001_normal_s,normal,1031,13.861055555555552
0,S001_normal_s,normal,1032,13.861055555555552
0,S001_normal_s,normal,1033,13.861055555555552
0,S001_normal_s,normal,1034,13.861055555555552
0,S001_normal_s,normal,1035,13.872722222222215
0,S001_normal_s,normal,1036,13.872722222222215
0,S001_normal_s,normal,1037,13.872722222222215
0,S001_normal_s,normal,1038,13.872722222222215
0,S001_normal_s,normal,1039,13.872722222222215
0,S001_normal_s,normal,1040,13.907722222222219
0,S001_normal_s,normal,1041,13.907722222222219
0,S001_normal_s,normal,1042,13.907722222222219
0,S001_normal_s,normal,1043,13.907722222222219
0,S001_normal_s,normal,1044,13.907722222222219
0,S001_normal_s,normal,1045,13.944388888888888
0,S001_normal_s,normal,1046,13.944388888888888
0,S001_normal_s,normal,1047,13.944388888888888
0,S001_normal_s,normal,1048,13.944388888888888
0,S001_normal_s,normal,1049,13.944388888888888
0,S001_normal_s,normal,1050,13.939388888888892
0,S001_normal_s,normal,1051,13.939388888888892
0,S001_normal_s,normal,1052,13.939388888888892
0,S001_normal_s,normal,1053,13.939388888888892
0,S001_normal_s,normal,1054,13.939388888888892
0,S001_normal_s,normal,1055,13.962722222222226
0,S001_normal_s,normal,1056,13.962722222222226
0,S001_normal_s,normal,1057,13.962722222222226
0,S001_normal_s,normal,1058,13.962722222222226
0,S001_normal_s,normal,1059,13.962722222222226
0,S001_normal_s,normal,1060,13.991055555555548
0,S001_normal_s,normal,1061,13.991055555555548
0,S001_normal_s,normal,1062,13.991055555555548
0,S001_normal_s,normal,1063,13.991055555555548
0,S001_normal_s,normal,1064,13.991055555555548
0,S001_normal_s,normal,1065,13.994388888888892
0,S001_normal_s,normal,1066,13.994388888888892
0,S001_normal_s,normal,1067,13.994388888888892
0,S001_normal_s,normal,1068,13.994388888888892
0,S001_normal_s,normal,1069,13.994388888888892
0,S001_normal_s,normal,1070,14.041055555555552
0,S001_normal_s,normal,1071,14.041055555555552
0,S001_normal_s,normal,1072,14.041055555555552
0,S001_normal_s,normal,1073,14.041055555555552
0,S001_normal_s,normal,1074,14.041055555555552
0,S001_normal_s,normal,1075,14.061055555555562
0,S001_normal_s,normal,1076,14.061055555555562
0,S001_normal_s,normal,1077,14.061055555555562
0,S001_normal_s,normal,1078,14.061055555555562
0,S001_normal_s,normal,1079,14.061055555555562
0,S001_normal_s,normal,1080,14.096055555555559
0,S001_normal_s,normal,1081,14.096055555555559
0,S001_normal_s,normal,1082,14.096055555555559
0,S001_normal_s,normal,1083,14.096055555555559
0,S001_normal_s,normal,1084,14.096055555555559
0,S001_normal_s,normal,1085,14.112722222222224
0,S001_normal_s,normal,1086,14.112722222222224
0,S001_normal_s,normal,1087,14.112722222222224
0,S001_normal_s,normal,1088,14.112722222222224
0,S001_normal_s,normal,1089,14.112722222222224
0,S001_normal_s,normal,1090,14.12272222222223
0,S001_normal_s,normal,1091,14.12272222222223
0,S001_normal_s,normal,1092,14.12272222222223
0,S001_normal_s,normal,1093,14.12272222222223
0,S001_normal_s,normal,1094,14.12272222222223
0,S001_normal_s,normal,1095,14.144388888888884
0,S001_normal_s,normal,1096,14.144388888888884
0,S001_normal_s,normal,1097,14.144388888888884
0,S001_normal_s,normal,1098,14.144388888888884
0,S001_normal_s,normal,1099,14.144388888888884
0,S001_normal_s,normal,1100,14.147722222222221
0,S001_normal_s,normal,1101,14.147722222222221
0,S001_normal_s,normal,1102,14.147722222222221
0,S001_normal_s,normal,1103,14.147722222222221
0,S001_normal_s,normal,1104,14.147722222222221
0,S001_normal_s,normal,1105,14.146055555555549
0,S001_normal_s,normal,1106,14.146055555555549
0,S001_normal_s,normal,1107,14.146055555555549
0,S001_normal_s,normal,1108,14.146055555555549
0,S001_normal_s,normal,1109,14.146055555555549
0,S001_normal_s,normal,1110,14.151055555555558
0,S001_normal_s,normal,1111,14.151055555555558
0,S001_normal_s,normal,1112,14.151055555555558
0,S001_normal_s,normal,1113,14.151055555555558
0,S001_normal_s,normal,1114,14.151055555555558
0,S001_normal_s,normal,1115,14.146055555555556
0,S001_normal_s,normal,1116,14.146055555555556
0,S001_normal_s,normal,1117,14.146055555555556
0,S001_normal_s,normal,1118,14.146055555555556
0,S001_normal_s,normal,1119,14.146055555555556
0,S001_normal_s,normal,1120,14.156055555555554
0,S001_normal_s,normal,1121,14.156055555555554
0,S001_normal_s,normal,1122,14.156055555555554
0,S001_normal_s,normal,1123,14.156055555555554
0,S001_normal_s,normal,1124,14.156055555555554
0,S001_normal_s,normal,1125,14.167722222222217
0,S001_normal_s,normal,1126,14.167722222222217
0,S001_normal_s,normal,1127,14.167722222222217
0,S001_normal_s,normal,1128,14.167722222222217
0,S001_normal_s,normal,1129,14.167722222222217
0,S001_normal_s,normal,1130,14.151055555555551
0,S001_normal_s,normal,1131,14.151055555555551
0,S001_normal_s,normal,1132,14.151055555555551
0,S001_normal_s,normal,1133,14.151055555555551
0,S001_normal_s,normal,1134,14.151055555555551
0,S001_normal_s,normal,1135,14.152722222222216
0,S001_normal_s,normal,1136,14.152722222222216
0,S001_normal_s,normal,1137,14.152722222222216
0,S001_normal_s,normal,1138,14.152722222222216
0,S001_normal_s,normal,1139,14.152722222222216
0,S001_normal_s,normal,1140,14.149388888888893
0,S001_normal_s,normal,1141,14.149388888888893
0,S001_normal_s,normal,1142,14.149388888888893
0,S001_normal_s,normal,1143,14.149388888888893
0,S001_normal_s,normal,1144,14.149388888888893
0,S001_normal_s,normal,1145,14.14438888888889
0,S001_normal_s,normal,1146,14.14438888888889
0,S001_normal_s,normal,1147,14.14438888888889
0,S001_normal_s,normal,1148,14.14438888888889
0,S001_normal_s,normal,1149,14.14438888888889
0,S001_normal_s,normal,1150,14.151055555555551
0,S001_normal_s,normal,1151,14.151055555555551
0,S001_normal_s,normal,1152,14.151055555555551
0,S001_normal_s,normal,1153,14.151055555555551
0,S001_normal_s,normal,1154,14.151055555555551
0,S001_normal_s,normal,1155,14.156055555555547
0,S001_normal_s,normal,1156,14.156055555555547
0,S001_normal_s,normal,1157,14.156055555555547
0,S001_normal_s,normal,1158,14.156055555555547
0,S001_normal_s,normal,1159,14.156055555555547
0,S001_normal_s,normal,1160,14.166055555555552
0,S001_normal_s,normal,1161,14.166055555555552
0,S001_normal_s,normal,1162,14.166055555555552
0,S001_normal_s,normal,1163,14.166055555555552
0,S001_normal_s,normal,1164,14.166055555555552
0,S001_normal_s,normal,1165,14.18605555555554
0,S001_normal_s,normal,1166,14.18605555555554
0,S001_normal_s,normal,1167,14.18605555555554
0,S001_normal_s,normal,1168,14.18605555555554
0,S001_normal_s,normal,1169,14.18605555555554
0,S001_normal_s,normal,1170,14.212722222222219
0,S001_normal_s,normal,1171,14.212722222222219
0,S001_normal_s,normal,1172,14.212722222222219
0,S001_normal_s,normal,1173,14.212722222222219
0,S001_normal_s,normal,1174,14.212722222222219
0,S001_normal_s,normal,1175,14.226055555555554
0,S001_normal_s,normal,1176,14.226055555555554
0,S001_normal_s,normal,1177,14.226055555555554
0,S001_normal_s,normal,1178,14.226055555555554
0,S001_normal_s,normal,1179,14.226055555555554
0,S001_normal_s,normal,1180,14.19938888888889
0,S001_normal_s,normal,1181,14.19938888888889
0,S001_normal_s,normal,1182,14.19938888888889
0,S001_normal_s,normal,1183,14.19938888888889
0,S001_normal_s,normal,1184,14.19938888888889
0,S001_normal_s,normal,1185,14.169388888888882
0,S001_normal_s,normal,1186,14.169388888888882
0,S001_normal_s,normal,1187,14.169388888888882
0,S001_normal_s,normal,1188,14.169388888888882
0,S001_normal_s,normal,1189,14.169388888888882
0,S001_normal_s,normal,1190,14.107722222222222
0,S001_normal_s,normal,1191,14.107722222222222
0,S001_normal_s,normal,1192,14.107722222222222
0,S001_normal_s,normal,1193,14.107722222222222
0,S001_normal_s,normal,1194,14.107722222222222
0,S001_normal_s,normal,1195,14.016055555555553
0,S001_normal_s,normal,1196,14.016055555555553
0,S001_normal_s,normal,1197,14.016055555555553
0,S001_normal_s,normal,1198,14.016055555555553
0,S001_normal_s,normal,1199,14.016055555555553
0,S001_normal_s,normal,1200,13.899388888888886
0,S001_normal_s,normal,1201,13.899388888888886
0,S001_normal_s,normal,1202,13.899388888888886
0,S001_normal_s,normal,1203,13.899388888888886
0,S001_normal_s,normal,1204,13.899388888888886
0,S001_normal_s,normal,1205,13.779388888888889
0,S001_normal_s,normal,1206,13.779388888888889
0,S001_normal_s,normal,1207,13.779388888888889
0,S001_normal_s,normal,1208,13.779388888888889
0,S001_normal_s,normal,1209,13.779388888888889
0,S001_normal_s,normal,1210,13.626055555555553
0,S001_normal_s,normal,1211,13.626055555555553
0,S001_normal_s,normal,1212,13.626055555555553
0,S001_normal_s,normal,1213,13.626055555555553
0,S001_normal_s,normal,1214,13.626055555555553
0,S001_normal_s,normal,1215,13.441055555555558
0,S001_normal_s,normal,1216,13.441055555555558
0,S001_normal_s,normal,1217,13.441055555555558
0,S001_normal_s,normal,1218,13.441055555555558
0,S001_normal_s,normal,1219,13.441055555555558
0,S001_normal_s,normal,1220,13.252722222222225
0,S001_normal_s,normal,1221,13.252722222222225
0,S001_normal_s,normal,1222,13.252722222222225
0,S001_normal_s,normal,1223,13.252722222222225
0,S001_normal_s,normal,1224,13.252722222222225
0,S001_normal_s,normal,1225,13.049388888888885
0,S001_normal_s,normal,1226,13.049388888888885
0,S001_normal_s,normal,1227,13.049388888888885
0,S001_normal_s,normal,1228,13.049388888888885
0,S001_normal_s,normal,1229,13.049388888888885
0,S001_normal_s,normal,1230,12.816055555555565
0,S001_normal_s,normal,1231,12.816055555555565
0,S001_normal_s,normal,1232,12.816055555555565
0,S001_normal_s,normal,1233,12.816055555555565
0,S001_normal_s,normal,1234,12.816055555555565
0,S001_normal_s,normal,1235,12.566055555555558
0,S001_normal_s,normal,1236,12.566055555555558
0,S001_normal_s,normal,1237,12.566055555555558
0,S001_normal_s,normal,1238,12.566055555555558
0,S001_normal_s,normal,1239,12.566055555555558
0,S001_normal_s,normal,1240,12.31938888888888
0,S001_normal_s,normal,1241,12.31938888888888
0,S001_normal_s,normal,1242,12.31938888888888
0,S001_normal_s,normal,1243,12.31938888888888
0,S001_normal_s,normal,1244,12.31938888888888
0,S001_normal_s,normal,1245,12.064388888888885
0,S001_normal_s,normal,1246,12.064388888888885
0,S001_normal_s,normal,1247,12.064388888888885
0,S001_normal_s,normal,1248,12.064388888888885
0,S001_normal_s,normal,1249,12.064388888888885
0,S001_normal_s,normal,1250,11.834388888888888
0,S001_normal_s,normal,1251,11.834388888888888
0,S001_normal_s,normal,1252,11.834388888888888
0,S001_normal_s,normal,1253,11.834388888888888
0,S001_normal_s,normal,1254,11.834388888888888
0,S001_normal_s,normal,1255,11.61772222222222
0,S001_normal_s,normal,1256,11.61772222222222
0,S001_normal_s,normal,1257,11.61772222222222
0,S001_normal_s,normal,1258,11.61772222222222
0,S001_normal_s,normal,1259,11.61772222222222
0,S001_normal_s,normal,1260,11.391055555555553
0,S001_normal_s,normal,1261,11.391055555555553
0,S001_normal_s,normal,1262,11.391055555555553
0,S001_normal_s,normal,1263,11.391055555555553
0,S001_normal_s,normal,1264,11.391055555555553
0,S001_normal_s,normal,1265,11.17605555555555
0,S001_normal_s,normal,1266,11.17605555555555
0,S001_normal_s,normal,1267,11.17605555555555
0,S001_normal_s,normal,1268,11.17605555555555
0,S001_normal_s,normal,1269,11.17605555555555
0,S001_normal_s,normal,1270,10.961055555555554
0,S001_normal_s,normal,1271,10.961055555555554
0,S001_normal_s,normal,1272,10.961055555555554
0,S001_normal_s,normal,1273,10.961055555555554
0,S001_normal_s,normal,1274,10.961055555555554
0,S001_normal_s,normal,1275,10.751055555555553
0,S001_normal_s,normal,1276,10.751055555555553
0,S001_normal_s,normal,1277,10.751055555555553
0,S001_normal_s,normal,1278,10.751055555555553
0,S001_normal_s,normal,1279,10.751055555555553
0,S001_normal_s,normal,1280,10.542722222222224
0,S001_normal_s,normal,1281,10.542722222222224
0,S001_normal_s,normal,1282,10.542722222222224
0,S001_normal_s,normal,1283,10.542722222222224
0,S001_normal_s,normal,1284,10.542722222222224
0,S001_normal_s,normal,1285,10.30605555555556
0,S001_normal_s,normal,1286,10.30605555555556
0,S001_normal_s,normal,1287,10.30605555555556
0,S001_normal_s,normal,1288,10.30605555555556
0,S001_normal_s,normal,1289,10.30605555555556
0,S001_normal_s,normal,1290,10.114388888888882
0,S001_normal_s,normal,1291,10.114388888888882
0,S001_normal_s,normal,1292,10.114388888888882
0,S001_normal_s,normal,1293,10.114388888888882
0,S001_normal_s,normal,1294,10.114388888888882
0,S001_normal_s,normal,1295,9.916055555555552
0,S001_normal_s,normal,1296,9.916055555555552
0,S001_normal_s,normal,1297,9.916055555555552
0,S001_normal_s,normal,1298,9.916055555555552
0,S001_normal_s,normal,1299,9.916055555555552
0,S001_normal_s,normal,1300,9.721055555555552
0,S001_normal_s,normal,1301,9.721055555555552
0,S001_normal_s,normal,1302,9.721055555555552
0,S001_normal_s,normal,1303,9.721055555555552
0,S001_normal_s,normal,1304,9.721055555555552
0,S001_normal_s,normal,1305,9.524388888888886
0,S001_normal_s,normal,1306,9.524388888888886
0,S001_normal_s,normal,1307,9.524388888888886
0,S001_normal_s,normal,1308,9.524388888888886
0,S001_normal_s,normal,1309,9.524388888888886
0,S001_normal_s,normal,1310,9.34438888888889
0,S001_normal_s,normal,1311,9.34438888888889
0,S001_normal_s,normal,1312,9.34438888888889
0,S001_normal_s,normal,1313,9.34438888888889
0,S001_normal_s,normal,1314,9.34438888888889
0,S001_normal_s,normal,1315,9.13772222222222
0,S001_normal_s,normal,1316,9.13772222222222
0,S001_normal_s,normal,1317,9.13772222222222
0,S001_normal_s,normal,1318,9.13772222222222
0,S001_normal_s,normal,1319,9.13772222222222
0,S001_normal_s,normal,1320,8.971055555555552
0,S001_normal_s,normal,1321,8.971055555555552
0,S001_normal_s,normal,1322,8.971055555555552
0,S001_normal_s,normal,1323,8.971055555555552
0,S001_normal_s,normal,1324,8.971055555555552
0,S001_normal_s,normal,1325,8.792722222222228
0,S001_normal_s,normal,1326,8.792722222222228
0,S001_normal_s,normal,1327,8.792722222222228
0,S001_normal_s,normal,1328,8.792722222222228
0,S001_normal_s,normal,1329,8.792722222222228
0,S001_normal_s,normal,1330,8.619388888888889
0,S001_normal_s,normal,1331,8.619388888888889
0,S001_normal_s,normal,1332,8.619388888888889
0,S001_normal_s,normal,1333,8.619388888888889
0,S001_normal_s,normal,1334,8.619388888888889
0,S001_normal_s,normal,1335,8.442722222222223
0,S001_normal_s,normal,1336,8.442722222222223
0,S001_normal_s,normal,1337,8.442722222222223
0,S001_normal_s,normal,1338,8.442722222222223
0,S001_normal_s,normal,1339,8.442722222222223
0,S001_normal_s,normal,1340,8.274388888888883
0,S001_normal_s,normal,1341,8.274388888888883
0,S001_normal_s,normal,1342,8.274388888888883
0,S001_normal_s,normal,1343,8.274388888888883
0,S001_normal_s,normal,1344,8.274388888888883
0,S001_normal_s,normal,1345,8.116055555555555
0,S001_normal_s,normal,1346,8.116055555555555
0,S001_normal_s,normal,1347,8.116055555555555
0,S001_normal_s,normal,1348,8.116055555555555
0,S001_normal_s,normal,1349,8.116055555555555
0,S001_normal_s,normal,1350,7.956055555555562
0,S001_normal_s,normal,1351,7.956055555555562
0,S001_normal_s,normal,1352,7.956055555555562
0,S001_normal_s,normal,1353,7.956055555555562
0,S001_normal_s,normal,1354,7.956055555555562
0,S001_normal_s,normal,1355,7.801055555555557
0,S001_normal_s,normal,1356,7.801055555555557
0,S001_normal_s,normal,1357,7.801055555555557
0,S001_normal_s,normal,1358,7.801055555555557
0,S001_normal_s,normal,1359,7.801055555555557
0,S001_normal_s,normal,1360,7.651055555555555
0,S001_normal_s,normal,1361,7.651055555555555
0,S001_normal_s,normal,1362,7.651055555555555
0,S001_normal_s,normal,1363,7.651055555555555
0,S001_normal_s,normal,1364,7.651055555555555
0,S001_normal_s,normal,1365,7.516055555555553
0,S001_normal_s,normal,1366,7.516055555555553
0,S001_normal_s,normal,1367,7.516055555555553
0,S001_normal_s,normal,1368,7.516055555555553
0,S001_normal_s,normal,1369,7.516055555555553
0,S001_normal_s,normal,1370,7.364388888888886
0,S001_normal_s,normal,1371,7.364388888888886
0,S001_normal_s,normal,1372,7.364388888888886
0,S001_normal_s,normal,1373,7.364388888888886
0,S001_normal_s,normal,1374,7.364388888888886
0,S001_normal_s,normal,1375,7.232722222222225
0,S001_normal_s,normal,1376,7.232722222222225
0,S001_normal_s,normal,1377,7.232722222222225
0,S001_normal_s,normal,1378,7.232722222222225
0,S001_normal_s,normal,1379,7.232722222222225
0,S001_normal_s,normal,1380,7.071055555555553
0,S001_normal_s,normal,1381,7.071055555555553
0,S001_normal_s,normal,1382,7.071055555555553
0,S001_normal_s,normal,1383,7.071055555555553
0,S001_normal_s,normal,1384,7.071055555555553
0,S001_normal_s,normal,1385,6.917722222222224
0,S001_normal_s,normal,1386,6.917722222222224
0,S001_normal_s,normal,1387,6.917722222222224
0,S001_normal_s,normal,1388,6.917722222222224
0,S001_normal_s,normal,1389,6.917722222222224
0,S001_normal_s,normal,1390,6.7777222222222235
0,S001_normal_s,normal,1391,6.7777222222222235
0,S001_normal_s,normal,1392,6.7777222222222235
0,S001_normal_s,normal,1393,6.7777222222222235
0,S001_normal_s,normal,1394,6.7777222222222235
0,S001_normal_s,normal,1395,6.654388888888892
0,S001_normal_s,normal,1396,6.654388888888892
0,S001_normal_s,normal,1397,6.654388888888892
0,S001_normal_s,normal,1398,6.654388888888892
0,S001_normal_s,normal,1399,6.654388888888892
0,S001_normal_s,normal,1400,6.50772222222222
0,S001_normal_s,normal,1401,6.50772222222222
0,S001_normal_s,normal,1402,6.50772222222222
0,S001_normal_s,normal,1403,6.50772222222222
0,S001_normal_s,normal,1404,6.50772222222222
0,S001_normal_s,normal,1405,6.3743888888888875
0,S001_normal_s,normal,1406,6.3743888888888875
0,S001_normal_s,normal,1407,6.3743888888888875
0,S001_normal_s,normal,1408,6.3743888888888875
0,S001_normal_s,normal,1409,6.3743888888888875
0,S001_normal_s,normal,1410,6.237722222222224
0,S001_normal_s,normal,1411,6.237722222222224
0,S001_normal_s,normal,1412,6.237722222222224
0,S001_normal_s,normal,1413,6.237722222222224
0,S001_normal_s,normal,1414,6.237722222222224
0,S001_normal_s,normal,1415,6.111055555555556
0,S001_normal_s,normal,1416,6.111055555555556
0,S001_normal_s,normal,1417,6.111055555555556
0,S001_normal_s,normal,1418,6.111055555555556
0,S001_normal_s,normal,1419,6.111055555555556
0,S001_normal_s,normal,1420,5.992722222222227
0,S001_normal_s,normal,1421,5.992722222222227
0,S001_normal_s,normal,1422,5.992722222222227
0,S001_normal_s,normal,1423,5.992722222222227
0,S001_normal_s,normal,1424,5.992722222222227
0,S001_normal_s,normal,1425,5.872722222222219
0,S001_normal_s,normal,1426,5.872722222222219
0,S001_normal_s,normal,1427,5.872722222222219
0,S001_normal_s,normal,1428,5.872722222222219
0,S001_normal_s,normal,1429,5.872722222222219
0,S001_normal_s,normal,1430,5.757722222222217
0,S001_normal_s,normal,1431,5.757722222222217
0,S001_normal_s,normal,1432,5.757722222222217
0,S001_normal_s,normal,1433,5.757722222222217
0,S001_normal_s,normal,1434,5.757722222222217
0,S001_normal_s,normal,1435,5.631055555555552
0,S001_normal_s,normal,1436,5.631055555555552
0,S001_normal_s,normal,1437,5.631055555555552
0,S001_normal_s,normal,1438,5.631055555555552
0,S001_normal_s,normal,1439,5.631055555555552
0,S001_normal_s,normal,1440,5.517722222222218
0,S001_normal_s,normal,1441,5.517722222222218
0,S001_normal_s,normal,1442,5.517722222222218
0,S001_normal_s,normal,1443,5.517722222222218
0,S001_normal_s,normal,1444,5.517722222222218
0,S001_normal_s,normal,1445,5.406055555555561
0,S001_normal_s,normal,1446,5.406055555555561
0,S001_normal_s,normal,1447,5.406055555555561
0,S001_normal_s,normal,1448,5.406055555555561
0,S001_normal_s,normal,1449,5.406055555555561
0,S001_normal_s,normal,1450,5.299388888888888
0,S001_normal_s,normal,1451,5.299388888888888
0,S001_normal_s,normal,1452,5.299388888888888
0,S001_normal_s,normal,1453,5.299388888888888
0,S001_normal_s,normal,1454,5.299388888888888
0,S001_normal_s,normal,1455,5.192722222222223
0,S001_normal_s,normal,1456,5.192722222222223
0,S001_normal_s,normal,1457,5.192722222222223
0,S001_normal_s,normal,1458,5.192722222222223
0,S001_normal_s,normal,1459,5.192722222222223
0,S001_normal_s,normal,1460,5.067722222222223
0,S001_normal_s,normal,1461,5.067722222222223
0,S001_normal_s,normal,1462,5.067722222222223
0,S001_normal_s,normal,1463,5.067722222222223
0,S001_normal_s,normal,1464,5.067722222222223
0,S001_normal_s,normal,1465,4.977722222222219
0,S001_normal_s,normal,1466,4.977722222222219
0,S001_normal_s,normal,1467,4.977722222222219
0,S001_normal_s,normal,1468,4.977722222222219
0,S001_normal_s,normal,1469,4.977722222222219
0,S001_normal_s,normal,1470,4.977722222222219
0,S001_normal_s,normal,1471,4.977722222222219
0,S001_normal_s,normal,1472,4.977722222222219
0,S001_normal_s,normal,1473,4.977722222222219
0,S001_normal_s,normal,1474,4.977722222222219
0,S001_normal_s,normal,1475,4.977722222222219
0,S001_normal_s,normal,1476,4.977722222222219
0,S001_normal_s,normal,1477,4.977722222222219
0,S001_normal_s,normal,1478,4.977722222222219
0,S001_normal_s,normal,1479,4.977722222222219
0,S001_normal_s,normal,1480,4.977722222222219
0,S001_normal_s,normal,1481,4.977722222222219
0,S001_normal_s,normal,1482,4.977722222222219
0,S001_normal_s,normal,1483,4.977722222222219
0,S001_normal_s,normal,1484,4.977722222222219
0,S001_normal_s,normal,1485,4.977722222222219
0,S001_normal_s,normal,1486,4.977722222222219
0,S001_normal_s,normal,1487,4.977722222222219
0,S001_normal_s,normal,1488,4.977722222222219
0,S001_normal_s,normal,1489,4.977722222222219
0,S001_normal_s,normal,1490,4.977722222222219
0,S001_normal_s,normal,1491,4.977722222222219
0,S001_normal_s,normal,1492,4.977722222222219
0,S001_normal_s,normal,1493,4.977722222222219
0,S001_normal_s,normal,1494,4.977722222222219
0,S001_normal_s,normal,1495,4.977722222222219
0,S001_normal_s,normal,1496,4.977722222222219
0,S001_normal_s,normal,1497,4.977722222222219
0,S001_normal_s,normal,1498,4.977722222222219
0,S001_normal_s,normal,1499,4.977722222222219
1,S002_normal_s,normal,0,0.0
1,S002_normal_s,normal,1,0.0
1,S002_normal_s,normal,2,0.0
1,S002_normal_s,normal,3,0.0
1,S002_normal_s,normal,4,0.0
1,S002_normal_s,normal,5,0.0
1,S002_normal_s,normal,6,0.0
1,S002_normal_s,normal,7,0.0
1,S002_normal_s,normal,8,0.0
1,S002_normal_s,normal,9,0.0
1,S002_normal_s,normal,10,0.0
1,S002_normal_s,normal,11,0.0
1,S002_normal_s,normal,12,0.0
1,S002_normal_s,normal,13,0.0
1,S002_normal_s,normal,14,0.0
1,S002_normal_s,normal,15,0.0
1,S002_normal_s,normal,16,0.0
1,S002_normal_s,normal,17,0.0
1,S002_normal_s,normal,18,0.0
1,S002_normal_s,normal,19,0.0
1,S002_normal_s,normal,20,0.0
1,S002_normal_s,normal,21,0.0
1,S002_normal_s,normal,22,0.0
1,S002_normal_s,normal,23,0.0
1,S002_normal_s,normal,24,0.0
1,S002_normal_s,normal,25,0.0
1,S002_normal_s,normal,26,0.0
1,S002_normal_s,normal,27,0.0
1,S002_normal_s,normal,28,0.0
1,S002_normal_s,normal,29,0.0
1,S002_normal_s,normal,30,-0.04236111111110574
1,S002_normal_s,normal,31,-0.04236111111110574
1,S002_normal_s,normal,32,-0.04236111111110574
1,S002_normal_s,normal,33,-0.04236111111110574
1,S002_normal_s,normal,34,-0.04236111111110574
1,S002_normal_s,normal,35,-0.045694444444436044
1,S002_normal_s,normal,36,-0.045694444444436044
1,S002_normal_s,normal,37,-0.045694444444436044
1,S002_normal_s,normal,38,-0.045694444444436044
1,S002_normal_s,normal,39,-0.045694444444436044
1,S002_normal_s,normal,40,-0.05402777777777956
1,S002_normal_s,normal,41,-0.05402777777777956
1,S002_normal_s,normal,42,-0.05402777777777956
1,S002_normal_s,normal,43,-0.05402777777777956
1,S002_normal_s,normal,44,-0.05402777777777956
1,S002_normal_s,normal,45,-0.06736111111111143
1,S002_normal_s,normal,46,-0.06736111111111143
1,S002_normal_s,normal,47,-0.06736111111111143
1,S002_normal_s,normal,48,-0.06736111111111143
1,S002_normal_s,normal,49,-0.06736111111111143
1,S002_normal_s,normal,50,-0.08069444444443974
1,S002_normal_s,normal,51,-0.08069444444443974
1,S002_normal_s,normal,52,-0.08069444444443974
1,S002_normal_s,normal,53,-0.08069444444443974
1,S002_normal_s,normal,54,-0.08069444444443974
1,S002_normal_s,normal,55,-0.09236111111111
1,S002_normal_s,normal,56,-0.09236111111111
1,S002_normal_s,normal,57,-0.09236111111111
1,S002_normal_s,normal,58,-0.09236111111111
1,S002_normal_s,normal,59,-0.09236111111111
1,S002_normal_s,normal,60,-0.09402777777777516
1,S002_normal_s,normal,61,-0.09402777777777516
1,S002_normal_s,normal,62,-0.09402777777777516
1,S002_normal_s,normal,63,-0.09402777777777516
1,S002_normal_s,normal,64,-0.09402777777777516
1,S002_normal_s,normal,65,-0.09236111111110645
1,S002_normal_s,normal,66,-0.09236111111110645
1,S002_normal_s,normal,67,-0.09236111111110645
1,S002_normal_s,normal,68,-0.09236111111110645
1,S002_normal_s,normal,69,-0.09236111111110645
1,S002_normal_s,normal,70,-0.0940277777777716
1,S002_normal_s,normal,71,-0.0940277777777716
1,S002_normal_s,normal,72,-0.0940277777777716
1,S002_normal_s,normal,73,-0.0940277777777716
1,S002_normal_s,normal,74,-0.0940277777777716
1,S002_normal_s,normal,75,-0.09902777777777416
1,S002_normal_s,normal,76,-0.09902777777777416
1,S002_normal_s,normal,77,-0.09902777777777416
1,S002_normal_s,normal,78,-0.09902777777777416
1,S002_normal_s,normal,79,-0.09902777777777416
1,S002_normal_s,normal,80,-0.09902777777777771
1,S002_normal_s,normal,81,-0.09902777777777771
1,S002_normal_s,normal,82,-0.09902777777777771
1,S002_normal_s,normal,83,-0.09902777777777771
1,S002_normal_s,normal,84,-0.09902777777777771
1,S002_normal_s,normal,85,-0.10236111111110446
1,S002_normal_s,normal,86,-0.10236111111110446
1,S002_normal_s,normal,87,-0.10236111111110446
1,S002_normal_s,normal,88,-0.10236111111110446
1,S002_normal_s,normal,89,-0.10236111111110446
1,S002_normal_s,normal,90,-0.10069444444444287
1,S002_normal_s,normal,91,-0.10069444444444287
1,S002_normal_s,normal,92,-0.10069444444444287
1,S002_normal_s,normal,93,-0.10069444444444287
1,S002_normal_s,normal,94,-0.10069444444444287
1,S002_normal_s,normal,95,-0.10069444444444642
1,S002_normal_s,normal,96,-0.10069444444444642
1,S002_normal_s,normal,97,-0.10069444444444642
1,S002_normal_s,normal,98,-0.10069444444444642
1,S002_normal_s,normal,99,-0.10069444444444642
1,S002_normal_s,normal,100,-0.10902777777777928
1,S002_normal_s,normal,101,-0.10902777777777928
1,S002_normal_s,normal,102,-0.10902777777777928
1,S002_normal_s,normal,103,-0.10902777777777928
1,S002_normal_s,normal,104,-0.10902777777777928
1,S002_normal_s,normal,105,-0.10569444444443832
1,S002_normal_s,normal,106,-0.10569444444443832
1,S002_normal_s,normal,107,-0.10569444444443832
1,S002_normal_s,normal,108,-0.10569444444443832
1,S002_normal_s,normal,109,-0.10569444444443832
1,S002_normal_s,normal,110,-0.10902777777777217
1,S002_normal_s,normal,111,-0.10902777777777217
1,S002_normal_s,normal,112,-0.10902777777777217
1,S002_normal_s,normal,113,-0.10902777777777217
1,S002_normal_s,normal,114,-0.10902777777777217
1,S002_normal_s,normal,115,-0.1240277777777763
1,S002_normal_s,normal,116,-0.1240277777777763
1,S002_normal_s,normal,117,-0.1240277777777763
1,S002_normal_s,normal,118,-0.1240277777777763
1,S002_normal_s,normal,119,-0.1240277777777763
1,S002_normal_s,normal,120,-0.130694444444444
1,S002_normal_s,normal,121,-0.130694444444444
1,S002_normal_s,normal,122,-0.130694444444444
1,S002_normal_s,normal,123,-0.130694444444444
1,S002_normal_s,normal,124,-0.130694444444444
1,S002_normal_s,normal,125,-0.140694444444442
1,S002_normal_s,normal,126,-0.140694444444442
1,S002_normal_s,normal,127,-0.140694444444442
1,S002_normal_s,normal,128,-0.140694444444442
1,S002_normal_s,normal,129,-0.140694444444442
1,S002_normal_s,normal,130,-0.14402777777777231
1,S002_normal_s,normal,131,-0.14402777777777231
1,S002_normal_s,normal,132,-0.14402777777777231
1,S002_normal_s,normal,133,-0.14402777777777231
1,S002_normal_s,normal,134,-0.14402777777777231
1,S002_normal_s,normal,135,-0.1390277777777733
1,S002_normal_s,normal,136,-0.1390277777777733
1,S002_normal_s,normal,137,-0.1390277777777733
1,S002_normal_s,normal,138,-0.1390277777777733
1,S002_normal_s,normal,139,-0.1390277777777733
1,S002_normal_s,normal,140,-0.14402777777777231
1,S002_normal_s,normal,141,-0.14402777777777231
1,S002_normal_s,normal,142,-0.14402777777777231
1,S002_normal_s,normal,143,-0.14402777777777231
1,S002_normal_s,normal,144,-0.14402777777777231
1,S002_normal_s,normal,145,-0.15402777777777388
1,S002_normal_s,normal,146,-0.15402777777777388
1,S002_normal_s,normal,147,-0.15402777777777388
1,S002_normal_s,normal,148,-0.15402777777777388
1,S002_normal_s,normal,149,-0.15402777777777388
1,S002_normal_s,normal,150,-0.15736111111111128
1,S002_normal_s,normal,151,-0.15736111111111128
1,S002_normal_s,normal,152,-0.15736111111111128
1,S002_normal_s,normal,153,-0.15736111111111128
1,S002_normal_s,normal,154,-0.15736111111111128
1,S002_normal_s,normal,155,-0.14736111111110972
1,S002_normal_s,normal,156,-0.14736111111110972
1,S002_normal_s,normal,157,-0.14736111111110972
1,S002_normal_s,normal,158,-0.14736111111110972
1,S002_normal_s,normal,159,-0.14736111111110972
1,S002_normal_s,normal,160,-0.140694444444442
1,S002_normal_s,normal,161,-0.140694444444442
1,S002_normal_s,normal,162,-0.140694444444442
1,S002_normal_s,normal,163,-0.140694444444442
1,S002_normal_s,normal,164,-0.140694444444442
1,S002_normal_s,normal,165,-0.13736111111110816
1,S002_normal_s,normal,166,-0.13736111111110816
1,S002_normal_s,normal,167,-0.13736111111110816
1,S002_normal_s,normal,168,-0.13736111111110816
1,S002_normal_s,normal,169,-0.13736111111110816
1,S002_normal_s,normal,170,-0.1290277777777753
1,S002_normal_s,normal,171,-0.1290277777777753
1,S002_normal_s,normal,172,-0.1290277777777753
1,S002_normal_s,normal,173,-0.1290277777777753
1,S002_normal_s,normal,174,-0.1290277777777753
1,S002_normal_s,normal,175,-0.11736111111111214
1,S002_normal_s,normal,176,-0.11736111111111214
1,S002_normal_s,normal,177,-0.11736111111111214
1,S002_normal_s,normal,178,-0.11736111111111214
1,S002_normal_s,normal,179,-0.11736111111111214
1,S002_normal_s,normal,180,-0.12069444444444244
1,S002_normal_s,normal,181,-0.12069444444444244
1,S002_normal_s,normal,182,-0.12069444444444244
1,S002_normal_s,normal,183,-0.12069444444444244
1,S002_normal_s,normal,184,-0.12069444444444244
1,S002_normal_s,normal,185,-0.11902777777777729
1,S002_normal_s,normal,186,-0.11902777777777729
1,S002_normal_s,normal,187,-0.11902777777777729
1,S002_normal_s,normal,188,-0.11902777777777729
1,S002_normal_s,normal,189,-0.11902777777777729
1,S002_normal_s,normal,190,-0.11569444444443988
1,S002_normal_s,normal,191,-0.11569444444443988
1,S002_normal_s,normal,192,-0.11569444444443988
1,S002_normal_s,normal,193,-0.11569444444443988
1,S002_normal_s,normal,194,-0.11569444444443988
1,S002_normal_s,normal,195,-0.12236111111110759
1,S002_normal_s,normal,196,-0.12236111111110759
1,S002_normal_s,normal,197,-0.12236111111110759
1,S002_normal_s,normal,198,-0.12236111111110759
1,S002_normal_s,normal,199,-0.12236111111110759
1,S002_normal_s,normal,200,-0.1290277777777753
1,S002_normal_s,normal,201,-0.1290277777777753
1,S002_normal_s,normal,202,-0.1290277777777753
1,S002_normal_s,normal,203,-0.1290277777777753
1,S002_normal_s,normal,204,-0.1290277777777753
1,S002_normal_s,normal,205,-0.11902777777777374
1,S002_normal_s,normal,206,-0.11902777777777374
1,S002_normal_s,normal,207,-0.11902777777777374
1,S002_normal_s,normal,208,-0.11902777777777374
1,S002_normal_s,normal,209,-0.11902777777777374
1,S002_normal_s,normal,210,-0.13236111111110915
1,S002_normal_s,normal,211,-0.13236111111110915
1,S002_normal_s,normal,212,-0.13236111111110915
1,S002_normal_s,normal,213,-0.13236111111110915
1,S002_normal_s,normal,214,-0.13236111111110915
1,S002_normal_s,normal,215,-0.15236111111110517
1,S002_normal_s,normal,216,-0.15236111111110517
1,S002_normal_s,normal,217,-0.15236111111110517
1,S002_normal_s,normal,218,-0.15236111111110517
1,S002_normal_s,normal,219,-0.15236111111110517
1,S002_normal_s,normal,220,-0.14402777777777587
1,S002_normal_s,normal,221,-0.14402777777777587
1,S002_normal_s,normal,222,-0.14402777777777587
1,S002_normal_s,normal,223,-0.14402777777777587
1,S002_normal_s,normal,224,-0.14402777777777587
1,S002_normal_s,normal,225,-0.14569444444443747
1,S002_normal_s,normal,226,-0.14569444444443747
1,S002_normal_s,normal,227,-0.14569444444443747
1,S002_normal_s,normal,228,-0.14569444444443747
1,S002_normal_s,normal,229,-0.14569444444443747
1,S002_normal_s,normal,230,-0.1290277777777753
1,S002_normal_s,normal,231,-0.1290277777777753
1,S002_normal_s,normal,232,-0.1290277777777753
1,S002_normal_s,normal,233,-0.1290277777777753
1,S002_normal_s,normal,234,-0.1290277777777753
1,S002_normal_s,normal,235,-0.1273611111111137
1,S002_normal_s,normal,236,-0.1273611111111137
1,S002_normal_s,normal,237,-0.1273611111111137
1,S002_normal_s,normal,238,-0.1273611111111137
1,S002_normal_s,normal,239,-0.1273611111111137
1,S002_normal_s,normal,240,-0.13902777777777686
1,S002_normal_s,normal,241,-0.13902777777777686
1,S002_normal_s,normal,242,-0.13902777777777686
1,S002_normal_s,normal,243,-0.13902777777777686
1,S002_normal_s,normal,244,-0.13902777777777686
1,S002_normal_s,normal,245,-0.14569444444444102
1,S002_normal_s,normal,246,-0.14569444444444102
1,S002_normal_s,normal,247,-0.14569444444444102
1,S002_normal_s,normal,248,-0.14569444444444102
1,S002_normal_s,normal,249,-0.14569444444444102
1,S002_normal_s,normal,250,-0.15902777777777288
1,S002_normal_s,normal,251,-0.15902777777777288
1,S002_normal_s,normal,252,-0.15902777777777288
1,S002_normal_s,normal,253,-0.15902777777777288
1,S002_normal_s,normal,254,-0.15902777777777288
1,S002_normal_s,normal,255,-0.16569444444443704
1,S002_normal_s,normal,256,-0.16569444444443704
1,S002_normal_s,normal,257,-0.16569444444443704
1,S002_normal_s,normal,258,-0.16569444444443704
1,S002_normal_s,normal,259,-0.16569444444443704
1,S002_normal_s,normal,260,-0.174027777777777
1,S002_normal_s,normal,261,-0.174027777777777
1,S002_normal_s,normal,262,-0.174027777777777
1,S002_normal_s,normal,263,-0.174027777777777
1,S002_normal_s,normal,264,-0.174027777777777
1,S002_normal_s,normal,265,-0.19402777777777303
1,S002_normal_s,normal,266,-0.19402777777777303
1,S002_normal_s,normal,267,-0.19402777777777303
1,S002_normal_s,normal,268,-0.19402777777777303
1,S002_normal_s,normal,269,-0.19402777777777303
1,S002_normal_s,normal,270,-0.18902777777777402
1,S002_normal_s,normal,271,-0.18902777777777402
1,S002_normal_s,normal,272,-0.18902777777777402
1,S002_normal_s,normal,273,-0.18902777777777402
1,S002_normal_s,normal,274,-0.18902777777777402
1,S002_normal_s,normal,275,-0.17569444444444215
1,S002_normal_s,normal,276,-0.17569444444444215
1,S002_normal_s,normal,277,-0.17569444444444215
1,S002_normal_s,normal,278,-0.17569444444444215
1,S002_normal_s,normal,279,-0.17569444444444215
1,S002_normal_s,normal,280,-0.14902777777777487
1,S002_normal_s,normal,281,-0.14902777777777487
1,S002_normal_s,normal,282,-0.14902777777777487
1,S002_normal_s,normal,283,-0.14902777777777487
1,S002_normal_s,normal,284,-0.14902777777777487
1,S002_normal_s,normal,285,-0.07569444444444429
1,S002_normal_s,normal,286,-0.07569444444444429
1,S002_normal_s,normal,287,-0.07569444444444429
1,S002_normal_s,normal,288,-0.07569444444444429
1,S002_normal_s,normal,289,-0.07569444444444429
1,S002_normal_s,normal,290,0.029305555555559692
1,S002_normal_s,normal,291,0.029305555555559692
1,S002_normal_s,normal,292,0.029305555555559692
1,S002_normal_s,normal,293,0.029305555555559692
1,S002_normal_s,normal,294,0.029305555555559692
1,S002_normal_s,normal,295,0.17930555555555827
1,S002_normal_s,normal,296,0.17930555555555827
1,S002_normal_s,normal,297,0.17930555555555827
1,S002_normal_s,normal,298,0.17930555555555827
1,S002_normal_s,normal,299,0.17930555555555827
1,S002_normal_s,normal,300,0.37430555555555856
1,S002_normal_s,normal,301,0.37430555555555856
1,S002_normal_s,normal,302,0.37430555555555856
1,S002_normal_s,normal,303,0.37430555555555856
1,S002_normal_s,normal,304,0.37430555555555856
1,S002_normal_s,normal,305,0.6076388888888928
1,S002_normal_s,normal,306,0.6076388888888928
1,S002_normal_s,normal,307,0.6076388888888928
1,S002_normal_s,normal,308,0.6076388888888928
1,S002_normal_s,normal,309,0.6076388888888928
1,S002_normal_s,normal,310,0.864305555555557
1,S002_normal_s,normal,311,0.864305555555557
1,S002_normal_s,normal,312,0.864305555555557
1,S002_normal_s,normal,313,0.864305555555557
1,S002_normal_s,normal,314,0.864305555555557
1,S002_normal_s,normal,315,1.1376388888888904
1,S002_normal_s,normal,316,1.1376388888888904
1,S002_normal_s,normal,317,1.1376388888888904
1,S002_normal_s,normal,318,1.1376388888888904
1,S002_normal_s,normal,319,1.1376388888888904
1,S002_normal_s,normal,320,1.4443055555555588
1,S002_normal_s,normal,321,1.4443055555555588
1,S002_normal_s,normal,322,1.4443055555555588
1,S002_normal_s,normal,323,1.4443055555555588
1,S002_normal_s,normal,324,1.4443055555555588
1,S002_normal_s,normal,325,1.780972222222232
1,S002_normal_s,normal,326,1.780972222222232
1,S002_normal_s,normal,327,1.780972222222232
1,S002_normal_s,normal,328,1.780972222222232
1,S002_normal_s,normal,329,1.780972222222232
1,S002_normal_s,normal,330,2.1426388888888965
1,S002_normal_s,normal,331,2.1426388888888965
1,S002_normal_s,normal,332,2.1426388888888965
1,S002_normal_s,normal,333,2.1426388888888965
1,S002_normal_s,normal,334,2.1426388888888965
1,S002_normal_s,normal,335,2.524305555555557
1,S002_normal_s,normal,336,2.524305555555557
1,S002_normal_s,normal,337,2.524305555555557
1,S002_normal_s,normal,338,2.524305555555557
1,S002_normal_s,normal,339,2.524305555555557
1,S002_normal_s,normal,340,2.905972222222225
1,S002_normal_s,normal,341,2.905972222222225
1,S002_normal_s,normal,342,2.905972222222225
1,S002_normal_s,normal,343,2.905972222222225
1,S002_normal_s,normal,344,2.905972222222225
1,S002_normal_s,normal,345,3.2726388888888955
1,S002_normal_s,normal,346,3.2726388888888955
1,S002_normal_s,normal,347,3.2726388888888955
1,S002_normal_s,normal,348,3.2726388888888955
1,S002_normal_s,normal,349,3.2726388888888955
1,S002_normal_s,normal,350,3.6109722222222267
1,S002_normal_s,normal,351,3.6109722222222267
1,S002_normal_s,normal,352,3.6109722222222267
1,S002_normal_s,normal,353,3.6109722222222267
1,S002_normal_s,normal,354,3.6109722222222267
1,S002_normal_s,normal,355,3.937638888888891
1,S002_normal_s,normal,356,3.937638888888891
1,S002_normal_s,normal,357,3.937638888888891
1,S002_normal_s,normal,358,3.937638888888891
1,S002_normal_s,normal,359,3.937638888888891
1,S002_normal_s,normal,360,4.257638888888888
1,S002_normal_s,normal,361,4.257638888888888
1,S002_normal_s,normal,362,4.257638888888888
1,S002_normal_s,normal,363,4.257638888888888
1,S002_normal_s,normal,364,4.257638888888888
1,S002_normal_s,normal,365,4.5726388888889
1,S002_normal_s,normal,366,4.5726388888889
1,S002_normal_s,normal,367,4.5726388888889
1,S002_normal_s,normal,368,4.5726388888889
1,S002_normal_s,normal,369,4.5726388888889
1,S002_normal_s,normal,370,4.879305555555561
1,S002_normal_s,normal,371,4.879305555555561
1,S002_normal_s,normal,372,4.879305555555561
1,S002_normal_s,normal,373,4.879305555555561
1,S002_normal_s,normal,374,4.879305555555561
1,S002_normal_s,normal,375,5.207638888888891
1,S002_normal_s,normal,376,5.207638888888891
1,S002_normal_s,normal,377,5.207638888888891
1,S002_normal_s,normal,378,5.207638888888891
1,S002_normal_s,normal,379,5.207638888888891
1,S002_normal_s,normal,380,5.510972222222222
1,S002_normal_s,normal,381,5.510972222222222
1,S002_normal_s,normal,382,5.510972222222222
1,S002_normal_s,normal,383,5.510972222222222
1,S002_normal_s,normal,384,5.510972222222222
1,S002_normal_s,normal,385,5.810972222222222
1,S002_normal_s,normal,386,5.810972222222222
1,S002_normal_s,normal,387,5.810972222222222
1,S002_normal_s,normal,388,5.810972222222222
1,S002_normal_s,normal,389,5.810972222222222
1,S002_normal_s,normal,390,6.069305555555559
1,S002_normal_s,normal,391,6.069305555555559
1,S002_normal_s,normal,392,6.069305555555559
1,S002_normal_s,normal,393,6.069305555555559
1,S002_normal_s,normal,394,6.069305555555559
1,S002_normal_s,normal,395,6.31763888888889
1,S002_normal_s,normal,396,6.31763888888889
1,S002_normal_s,normal,397,6.31763888888889
1,S002_normal_s,normal,398,6.31763888888889
1,S002_normal_s,normal,399,6.31763888888889
1,S002_normal_s,normal,400,6.572638888888889
1,S002_normal_s,normal,401,6.572638888888889
1,S002_normal_s,normal,402,6.572638888888889
1,S002_normal_s,normal,403,6.572638888888889
1,S002_normal_s,normal,404,6.572638888888889
1,S002_normal_s,normal,405,6.812638888888891
1,S002_normal_s,normal,406,6.812638888888891
1,S002_normal_s,normal,407,6.812638888888891
1,S002_normal_s,normal,408,6.812638888888891
1,S002_normal_s,normal,409,6.812638888888891
1,S002_normal_s,normal,410,7.055972222222227
1,S002_normal_s,normal,411,7.055972222222227
1,S002_normal_s,normal,412,7.055972222222227
1,S002_normal_s,normal,413,7.055972222222227
1,S002_normal_s,normal,414,7.055972222222227
1,S002_normal_s,normal,415,7.297638888888891
1,S002_normal_s,normal,416,7.297638888888891
1,S002_normal_s,normal,417,7.297638888888891
1,S002_normal_s,normal,418,7.297638888888891
1,S002_normal_s,normal,419,7.297638888888891
1,S002_normal_s,normal,420,7.519305555555565
1,S002_normal_s,normal,421,7.519305555555565
1,S002_normal_s,normal,422,7.519305555555565
1,S002_normal_s,normal,423,7.519305555555565
1,S002_normal_s,normal,424,7.519305555555565
1,S002_normal_s,normal,425,7.735972222222223
1,S002_normal_s,normal,426,7.735972222222223
1,S002_normal_s,normal,427,7.735972222222223
1,S002_normal_s,normal,428,7.735972222222223
1,S002_normal_s,normal,429,7.735972222222223
1,S002_normal_s,normal,430,7.960972222222232
1,S002_normal_s,normal,431,7.960972222222232
1,S002_normal_s,normal,432,7.960972222222232
1,S002_normal_s,normal,433,7.960972222222232
1,S002_normal_s,normal,434,7.960972222222232
1,S002_normal_s,normal,435,8.160972222222227
1,S002_normal_s,normal,436,8.160972222222227
1,S002_normal_s,normal,437,8.160972222222227
1,S002_normal_s,normal,438,8.160972222222227
1,S002_normal_s,normal,439,8.160972222222227
1,S002_normal_s,normal,440,8.352638888888894
1,S002_normal_s,normal,441,8.352638888888894
1,S002_normal_s,normal,442,8.352638888888894
1,S002_normal_s,normal,443,8.352638888888894
1,S002_normal_s,normal,444,8.352638888888894
1,S002_normal_s,normal,445,8.549305555555563
1,S002_normal_s,normal,446,8.549305555555563
1,S002_normal_s,normal,447,8.549305555555563
1,S002_normal_s,normal,448,8.549305555555563
1,S002_normal_s,normal,449,8.549305555555563
1,S002_normal_s,normal,450,8.742638888888894
1,S002_normal_s,normal,451,8.742638888888894
1,S002_normal_s,normal,452,8.742638888888894
1,S002_normal_s,normal,453,8.742638888888894
1,S002_normal_s,normal,454,8.742638888888894
1,S002_normal_s,normal,455,8.93430555555556
1,S002_normal_s,normal,456,8.93430555555556
1,S002_normal_s,normal,457,8.93430555555556
1,S002_normal_s,normal,458,8.93430555555556
1,S002_normal_s,normal,459,8.93430555555556
1,S002_normal_s,normal,460,9.117638888888898
1,S002_normal_s,normal,461,9.117638888888898
1,S002_normal_s,normal,462,9.117638888888898
1,S002_normal_s,normal,463,9.117638888888898
1,S002_normal_s,normal,464,9.117638888888898
1,S002_normal_s,normal,465,9.30930555555556
1,S002_normal_s,normal,466,9.30930555555556
1,S002_normal_s,normal,467,9.30930555555556
1,S002_normal_s,normal,468,9.30930555555556
1,S002_normal_s,normal,469,9.30930555555556
1,S002_normal_s,normal,470,9.494305555555563
1,S002_normal_s,normal,471,9.494305555555563
1,S002_normal_s,normal,472,9.494305555555563
1,S002_normal_s,normal,473,9.494305555555563
1,S002_normal_s,normal,474,9.494305555555563
1,S002_normal_s,normal,475,9.650972222222222
1,S002_normal_s,normal,476,9.650972222222222
1,S002_normal_s,normal,477,9.650972222222222
1,S002_normal_s,normal,478,9.650972222222222
1,S002_normal_s,normal,479,9.650972222222222
1,S002_normal_s,normal,480,9.839305555555555
1,S002_normal_s,normal,481,9.839305555555555
1,S002_normal_s,normal,482,9.839305555555555
1,S002_normal_s,normal,483,9.839305555555555
1,S002_normal_s,normal,484,9.839305555555555
1,S002_normal_s,normal,485,9.990972222222226
1,S002_normal_s,normal,486,9.990972222222226
1,S002_normal_s,normal,487,9.990972222222226
1,S002_normal_s,normal,488,9.990972222222226
1,S002_normal_s,normal,489,9.990972222222226
1,S002_normal_s,normal,490,10.150972222222222
1,S002_normal_s,normal,491,10.150972222222222
1,S002_normal_s,normal,492,10.150972222222222
1,S002_normal_s,normal,493,10.150972222222222
1,S002_normal_s,normal,494,10.150972222222222
1,S002_normal_s,normal,495,10.300972222222228
1,S002_normal_s,normal,496,10.300972222222228
1,S002_normal_s,normal,497,10.300972222222228
1,S002_normal_s,normal,498,10.300972222222228
1,S002_normal_s,normal,499,10.300972222222228
1,S002_normal_s,normal,500,10.472638888888888
1,S002_normal_s,normal,501,10.472638888888888
1,S002_normal_s,normal,502,10.472638888888888
1,S002_normal_s,normal,503,10.472638888888888
1,S002_normal_s,normal,504,10.472638888888888
1,S002_normal_s,normal,505,10.619305555555563
1,S002_normal_s,normal,506,10.619305555555563
1,S002_normal_s,normal,507,10.619305555555563
1,S002_normal_s,normal,508,10.619305555555563
1,S002_normal_s,normal,509,10.619305555555563
1,S002_normal_s,normal,510,10.762638888888894
1,S002_normal_s,normal,511,10.762638888888894
1,S002_normal_s,normal,512,10.762638888888894
1,S002_normal_s,normal,513,10.762638888888894
1,S002_normal_s,normal,514,10.762638888888894
1,S002_normal_s,normal,515,10.912638888888893
1,S002_normal_s,normal,516,10.912638888888893
1,S002_normal_s,normal,517,10.912638888888893
1,S002_normal_s,normal,518,10.912638888888893
1,S002_normal_s,normal,519,10.912638888888893
1,S002_normal_s,normal,520,11.054305555555558
1,S002_normal_s,normal,521,11.054305555555558
1,S002_normal_s,normal,522,11.054305555555558
1,S002_normal_s,normal,523,11.054305555555558
1,S002_normal_s,normal,524,11.054305555555558
1,S002_normal_s,normal,525,11.200972222222227
1,S002_normal_s,normal,526,11.200972222222227
1,S002_normal_s,normal,527,11.200972222222227
1,S002_normal_s,normal,528,11.200972222222227
1,S002_normal_s,normal,529,11.200972222222227
1,S002_normal_s,normal,530,11.332638888888887
1,S002_normal_s,normal,531,11.332638888888887
1,S002_normal_s,normal,532,11.332638888888887
1,S002_normal_s,normal,533,11.332638888888887
1,S002_normal_s,normal,534,11.332638888888887
1,S002_normal_s,normal,535,11.499305555555566
1,S002_normal_s,normal,536,11.499305555555566
1,S002_normal_s,normal,537,11.499305555555566
1,S002_normal_s,normal,538,11.499305555555566
1,S002_normal_s,normal,539,11.499305555555566
1,S002_normal_s,normal,540,11.634305555555564
1,S002_normal_s,normal,541,11.634305555555564
1,S002_normal_s,normal,542,11.634305555555564
1,S002_normal_s,normal,543,11.634305555555564
1,S002_normal_s,normal,544,11.634305555555564
1,S002_normal_s,normal,545,11.795972222222225
1,S002_normal_s,normal,546,11.795972222222225
1,S002_normal_s,normal,547,11.795972222222225
1,S002_normal_s,normal,548,11.795972222222225
1,S002_normal_s,normal,549,11.795972222222225
1,S002_normal_s,normal,550,11.91597222222223
1,S002_normal_s,normal,551,11.91597222222223
1,S002_normal_s,normal,552,11.91597222222223
1,S002_normal_s,normal,553,11.91597222222223
1,S002_normal_s,normal,554,11.91597222222223
1,S002_normal_s,normal,555,12.045972222222225
1,S002_normal_s,normal,556,12.045972222222225
1,S002_normal_s,normal,557,12.045972222222225
1,S002_normal_s,normal,558,12.045972222222225
1,S002_normal_s,normal,559,12.045972222222225
1,S002_normal_s,normal,560,12.162638888888893
1,S002_normal_s,normal,561,12.162638888888893
1,S002_normal_s,normal,562,12.162638888888893
1,S002_normal_s,normal,563,12.162638888888893
1,S002_normal_s,normal,564,12.162638888888893
1,S002_normal_s,normal,565,12.285972222222227
1,S002_normal_s,normal,566,12.285972222222227
1,S002_normal_s,normal,567,12.285972222222227
1,S002_normal_s,normal,568,12.285972222222227
1,S002_normal_s,normal,569,12.285972222222227
1,S002_normal_s,normal,570,12.42597222222222
1,S002_normal_s,normal,571,12.42597222222222
1,S002_normal_s,normal,572,12.42597222222222
1,S002_normal_s,normal,573,12.42597222222222
1,S002_normal_s,normal,574,12.42597222222222
1,S002_normal_s,normal,575,12.54763888888889
1,S002_normal_s,normal,576,12.54763888888889
1,S002_normal_s,normal,577,12.54763888888889
1,S002_normal_s,normal,578,12.54763888888889
1,S002_normal_s,normal,579,12.54763888888889
1,S002_normal_s,normal,580,12.647638888888892
1,S002_normal_s,normal,581,12.647638888888892
1,S002_normal_s,normal,582,12.647638888888892
1,S002_normal_s,normal,583,12.647638888888892
1,S002_normal_s,normal,584,12.647638888888892
1,S002_normal_s,normal,585,12.749305555555551
1,S002_normal_s,normal,586,12.749305555555551
1,S002_normal_s,normal,587,12.749305555555551
1,S002_normal_s,normal,588,12.749305555555551
1,S002_normal_s,normal,589,12.749305555555551
1,S002_normal_s,normal,590,12.852638888888883
1,S002_normal_s,normal,591,12.852638888888883
1,S002_normal_s,normal,592,12.852638888888883
1,S002_normal_s,normal,593,12.852638888888883
1,S002_normal_s,normal,594,12.852638888888883
1,S002_normal_s,normal,595,12.935972222222226
1,S002_normal_s,normal,596,12.935972222222226
1,S002_normal_s,normal,597,12.935972222222226
1,S002_normal_s,normal,598,12.935972222222226
1,S002_normal_s,normal,599,12.935972222222226
1,S002_normal_s,normal,600,13.012638888888894
1,S002_normal_s,normal,601,13.012638888888894
1,S002_normal_s,normal,602,13.012638888888894
1,S002_normal_s,normal,603,13.012638888888894
1,S002_normal_s,normal,604,13.012638888888894
1,S002_normal_s,normal,605,13.07930555555555
1,S002_normal_s,normal,606,13.07930555555555
1,S002_normal_s,normal,607,13.07930555555555
1,S002_normal_s,normal,608,13.07930555555555
1,S002_normal_s,normal,609,13.07930555555555
1,S002_normal_s,normal,610,13.164305555555558
1,S002_normal_s,normal,611,13.164305555555558
1,S002_normal_s,normal,612,13.164305555555558
1,S002_normal_s,normal,613,13.164305555555558
1,S002_normal_s,normal,614,13.164305555555558
1,S002_normal_s,normal,615,13.240972222222226
1,S002_normal_s,normal,616,13.240972222222226
1,S002_normal_s,normal,617,13.240972222222226
1,S002_normal_s,normal,618,13.240972222222226
1,S002_normal_s,normal,619,13.240972222222226
1,S002_normal_s,normal,620,13.307638888888889
1,S002_normal_s,normal,621,13.307638888888889
1,S002_normal_s,normal,622,13.307638888888889
1,S002_normal_s,normal,623,13.307638888888889
1,S002_normal_s,normal,624,13.307638888888889
1,S002_normal_s,normal,625,13.36930555555557
1,S002_normal_s,normal,626,13.36930555555557
1,S002_normal_s,normal,627,13.36930555555557
1,S002_normal_s,normal,628,13.36930555555557
1,S002_normal_s,normal,629,13.36930555555557
1,S002_normal_s,normal,630,13.422638888888883
1,S002_normal_s,normal,631,13.422638888888883
1,S002_normal_s,normal,632,13.422638888888883
1,S002_normal_s,normal,633,13.422638888888883
1,S002_normal_s,normal,634,13.422638888888883
1,S002_normal_s,normal,635,13.477638888888883
1,S002_normal_s,normal,636,13.477638888888883
1,S002_normal_s,normal,637,13.477638888888883
1,S002_normal_s,normal,638,13.477638888888883
1,S002_normal_s,normal,639,13.477638888888883
1,S002_normal_s,normal,640,13.550972222222228
1,S002_normal_s,normal,641,13.550972222222228
1,S002_normal_s,normal,642,13.550972222222228
1,S002_normal_s,normal,643,13.550972222222228
1,S002_normal_s,normal,644,13.550972222222228
1,S002_normal_s,normal,645,13.602638888888904
1,S002_normal_s,normal,646,13.602638888888904
1,S002_normal_s,normal,647,13.602638888888904
1,S002_normal_s,normal,648,13.602638888888904
1,S002_normal_s,normal,649,13.602638888888904
1,S002_normal_s,normal,650,13.664305555555558
1,S002_normal_s,normal,651,13.664305555555558
1,S002_normal_s,normal,652,13.664305555555558
1,S002_normal_s,normal,653,13.664305555555558
1,S002_normal_s,normal,654,13.664305555555558
1,S002_normal_s,normal,655,13.725972222222225
1,S002_normal_s,normal,656,13.725972222222225
1,S002_normal_s,normal,657,13.725972222222225
1,S002_normal_s,normal,658,13.725972222222225
1,S002_normal_s,normal,659,13.725972222222225
1,S002_normal_s,normal,660,13.794305555555553
1,S002_normal_s,normal,661,13.794305555555553
1,S002_normal_s,normal,662,13.794305555555553
1,S002_normal_s,normal,663,13.794305555555553
1,S002_normal_s,normal,664,13.794305555555553
1,S002_normal_s,normal,665,13.85430555555557
1,S002_normal_s,normal,666,13.85430555555557
1,S002_normal_s,normal,667,13.85430555555557
1,S002_normal_s,normal,668,13.85430555555557
1,S002_normal_s,normal,669,13.85430555555557
1,S002_normal_s,normal,670,13.914305555555558
1,S002_normal_s,normal,671,13.914305555555558
1,S002_normal_s,normal,672,13.914305555555558
1,S002_normal_s,normal,673,13.914305555555558
1,S002_normal_s,normal,674,13.914305555555558
1,S002_normal_s,normal,675,13.975972222222225
1,S002_normal_s,normal,676,13.975972222222225
1,S002_normal_s,normal,677,13.975972222222225
1,S002_normal_s,normal,678,13.975972222222225
1,S002_normal_s,normal,679,13.975972222222225
1,S002_normal_s,normal,680,14.02930555555556
1,S002_normal_s,normal,681,14.02930555555556
1,S002_normal_s,normal,682,14.02930555555556
1,S002_normal_s,normal,683,14.02930555555556
1,S002_normal_s,normal,684,14.02930555555556
1,S002_normal_s,normal,685,14.08763888888889
1,S002_normal_s,normal,686,14.08763888888889
1,S002_normal_s,normal,687,14.08763888888889
1,S002_normal_s,normal,688,14.08763888888889
1,S002_normal_s,normal,689,14.08763888888889
1,S002_normal_s,normal,690,14.152638888888887
1,S002_normal_s,normal,691,14.152638888888887
1,S002_normal_s,normal,692,14.152638888888887
1,S002_normal_s,normal,693,14.152638888888887
1,S002_normal_s,normal,694,14.152638888888887
1,S002_normal_s,normal,695,14.21597222222222
1,S002_normal_s,normal,696,14.21597222222222
1,S002_normal_s,normal,697,14.21597222222222
1,S002_normal_s,normal,698,14.21597222222222
1,S002_normal_s,normal,699,14.21597222222222
1,S002_normal_s,normal,700,14.28930555555555
1,S002_normal_s,normal,701,14.28930555555555
1,S002_normal_s,normal,702,14.28930555555555
1,S002_normal_s,normal,703,14.28930555555555
1,S002_normal_s,normal,704,14.28930555555555
1,S002_normal_s,normal,705,14.33430555555556
1,S002_normal_s,normal,706,14.33430555555556
1,S002_normal_s,normal,707,14.33430555555556
1,S002_normal_s,normal,708,14.33430555555556
1,S002_normal_s,normal,709,14.33430555555556
1,S002_normal_s,normal,710,14.385972222222229
1,S002_normal_s,normal,711,14.385972222222229
1,S002_normal_s,normal,712,14.385972222222229
1,S002_normal_s,normal,713,14.385972222222229
1,S002_normal_s,normal,714,14.385972222222229
1,S002_normal_s,normal,715,14.429305555555565
1,S002_normal_s,normal,716,14.429305555555565
1,S002_normal_s,normal,717,14.429305555555565
1,S002_normal_s,normal,718,14.429305555555565
1,S002_normal_s,normal,719,14.429305555555565
1,S002_normal_s,normal,720,14.47430555555556
1,S002_normal_s,normal,721,14.47430555555556
1,S002_normal_s,normal,722,14.47430555555556
1,S002_normal_s,normal,723,14.47430555555556
1,S002_normal_s,normal,724,14.47430555555556
1,S002_normal_s,normal,725,14.54430555555556
1,S002_normal_s,normal,726,14.54430555555556
1,S002_normal_s,normal,727,14.54430555555556
1,S002_normal_s,normal,728,14.54430555555556
1,S002_normal_s,normal,729,14.54430555555556
1,S002_normal_s,normal,730,14.585972222222225
1,S002_normal_s,normal,731,14.585972222222225
1,S002_normal_s,normal,732,14.585972222222225
1,S002_normal_s,normal,733,14.585972222222225
1,S002_normal_s,normal,734,14.585972222222225
1,S002_normal_s,normal,735,14.615972222222233
1,S002_normal_s,normal,736,14.615972222222233
1,S002_normal_s,normal,737,14.615972222222233
1,S002_normal_s,normal,738,14.615972222222233
1,S002_normal_s,normal,739,14.615972222222233
1,S002_normal_s,normal,740,14.664305555555558
1,S002_normal_s,normal,741,14.664305555555558
1,S002_normal_s,normal,742,14.664305555555558
1,S002_normal_s,normal,743,14.664305555555558
1,S002_normal_s,normal,744,14.664305555555558
1,S002_normal_s,normal,745,14.727638888888904
1,S002_normal_s,normal,746,14.727638888888904
1,S002_normal_s,normal,747,14.727638888888904
1,S002_normal_s,normal,748,14.727638888888904
1,S002_normal_s,normal,749,14.727638888888904
1,S002_normal_s,normal,750,14.77930555555556
1,S002_normal_s,normal,751,14.77930555555556
1,S002_normal_s,normal,752,14.77930555555556
1,S002_normal_s,normal,753,14.77930555555556
1,S002_normal_s,normal,754,14.77930555555556
1,S002_normal_s,normal,755,14.825972222222227
1,S002_normal_s,normal,756,14.825972222222227
1,S002_normal_s,normal,757,14.825972222222227
1,S002_normal_s,normal,758,14.825972222222227
1,S002_normal_s,normal,759,14.825972222222227
1,S002_normal_s,normal,760,14.84430555555555
1,S002_normal_s,normal,761,14.84430555555555
1,S002_normal_s,normal,762,14.84430555555555
1,S002_normal_s,normal,763,14.84430555555555
1,S002_normal_s,normal,764,14.84430555555555
1,S002_normal_s,normal,765,14.875972222222224
1,S002_normal_s,normal,766,14.875972222222224
1,S002_normal_s,normal,767,14.875972222222224
1,S002_normal_s,normal,768,14.875972222222224
1,S002_normal_s,normal,769,14.875972222222224
1,S002_normal_s,normal,770,14.907638888888897
1,S002_normal_s,normal,771,14.907638888888897
1,S002_normal_s,normal,772,14.907638888888897
1,S002_normal_s,normal,773,14.907638888888897
1,S002_normal_s,normal,774,14.907638888888897
1,S002_normal_s,normal,775,14.954305555555564
1,S002_normal_s,normal,776,14.954305555555564
1,S002_normal_s,normal,777,14.954305555555564
1,S002_normal_s,normal,778,14.954305555555564
1,S002_normal_s,normal,779,14.954305555555564
1,S002_normal_s,normal,780,15.010972222222229
1,S002_normal_s,normal,781,15.010972222222229
1,S002_normal_s,normal,782,15.010972222222229
1,S002_normal_s,normal,783,15.010972222222229
1,S002_normal_s,normal,784,15.010972222222229
1,S002_normal_s,normal,785,15.030972222222232
1,S002_normal_s,normal,786,15.030972222222232
1,S002_normal_s,normal,787,15.030972222222232
1,S002_normal_s,normal,788,15.030972222222232
1,S002_normal_s,normal,789,15.030972222222232
1,S002_normal_s,normal,790,15.05597222222223
1,S002_normal_s,normal,791,15.05597222222223
1,S002_normal_s,normal,792,15.05597222222223
1,S002_normal_s,normal,793,15.05597222222223
1,S002_normal_s,normal,794,15.05597222222223
1,S002_normal_s,normal,795,15.084305555555552
1,S002_normal_s,normal,796,15.084305555555552
1,S002_normal_s,normal,797,15.084305555555552
1,S002_normal_s,normal,798,15.084305555555552
1,S002_normal_s,normal,799,15.084305555555552
1,S002_normal_s,normal,800,15.102638888888883
1,S002_normal_s,normal,801,15.102638888888883
1,S002_normal_s,normal,802,15.102638888888883
1,S002_normal_s,normal,803,15.102638888888883
1,S002_normal_s,normal,804,15.102638888888883
1,S002_normal_s,normal,805,15.11763888888889
1,S002_normal_s,normal,806,15.11763888888889
1,S002_normal_s,normal,807,15.11763888888889
1,S002_normal_s,normal,808,15.11763888888889
1,S002_normal_s,normal,809,15.11763888888889
1,S002_normal_s,normal,810,15.1226388888889
1,S002_normal_s,normal,811,15.1226388888889
1,S002_normal_s,normal,812,15.1226388888889
1,S002_normal_s,normal,813,15.1226388888889
1,S002_normal_s,normal,814,15.1226388888889
1,S002_normal_s,normal,815,15.137638888888901
1,S002_normal_s,normal,816,15.137638888888901
1,S002_normal_s,normal,817,15.137638888888901
1,S002_normal_s,normal,818,15.137638888888901
1,S002_normal_s,normal,819,15.137638888888901
1,S002_normal_s,normal,820,15.167638888888895
1,S002_normal_s,normal,821,15.167638888888895
1,S002_normal_s,normal,822,15.167638888888895
1,S002_normal_s,normal,823,15.167638888888895
1,S002_normal_s,normal,824,15.167638888888895
1,S002_normal_s,normal,825,15.19763888888889
1,S002_normal_s,normal,826,15.19763888888889
1,S002_normal_s,normal,827,15.19763888888889
1,S002_normal_s,normal,828,15.19763888888889
1,S002_normal_s,normal,829,15.19763888888889
1,S002_normal_s,normal,830,15.232638888888879
1,S002_normal_s,normal,831,15.232638888888879
1,S002_normal_s,normal,832,15.232638888888879
1,S002_normal_s,normal,833,15.232638888888879
1,S002_normal_s,normal,834,15.232638888888879
1,S002_normal_s,normal,835,15.267638888888904
1,S002_normal_s,normal,836,15.267638888888904
1,S002_normal_s,normal,837,15.267638888888904
1,S002_normal_s,normal,838,15.267638888888904
1,S002_normal_s,normal,839,15.267638888888904
1,S002_normal_s,normal,840,15.272638888888885
1,S002_normal_s,normal,841,15.272638888888885
1,S002_normal_s,normal,842,15.272638888888885
1,S002_normal_s,normal,843,15.272638888888885
1,S002_normal_s,normal,844,15.272638888888885
1,S002_normal_s,normal,845,15.300972222222214
1,S002_normal_s,normal,846,15.300972222222214
1,S002_normal_s,normal,847,15.300972222222214
1,S002_normal_s,normal,848,15.300972222222214
1,S002_normal_s,normal,849,15.300972222222214
1,S002_normal_s,normal,850,15.340972222222234
1,S002_normal_s,normal,851,15.340972222222234
1,S002_normal_s,normal,852,15.340972222222234
1,S002_normal_s,normal,853,15.340972222222234
1,S002_normal_s,normal,854,15.340972222222234
1,S002_normal_s,normal,855,15.394305555555562
1,S002_normal_s,normal,856,15.394305555555562
1,S002_normal_s,normal,857,15.394305555555562
1,S002_normal_s,normal,858,15.394305555555562
1,S002_normal_s,normal,859,15.394305555555562
1,S002_normal_s,normal,860,15.434305555555568
1,S002_normal_s,normal,861,15.434305555555568
1,S002_normal_s,normal,862,15.434305555555568
1,S002_normal_s,normal,863,15.434305555555568
1,S002_normal_s,normal,864,15.434305555555568
1,S002_normal_s,normal,865,15.442638888888894
1,S002_normal_s,normal,866,15.442638888888894
1,S002_normal_s,normal,867,15.442638888888894
1,S002_normal_s,normal,868,15.442638888888894
1,S002_normal_s,normal,869,15.442638888888894
1,S002_normal_s,normal,870,15.480972222222213
1,S002_normal_s,normal,871,15.480972222222213
1,S002_normal_s,normal,872,15.480972222222213
1,S002_normal_s,normal,873,15.480972222222213
1,S002_normal_s,normal,874,15.480972222222213
1,S002_normal_s,normal,875,15.48930555555556
1,S002_normal_s,normal,876,15.48930555555556
1,S002_normal_s,normal,877,15.48930555555556
1,S002_normal_s,normal,878,15.48930555555556
1,S002_normal_s,normal,879,15.48930555555556
1,S002_normal_s,normal,880,15.487638888888881
1,S002_normal_s,normal,881,15.487638888888881
1,S002_normal_s,normal,882,15.487638888888881
1,S002_normal_s,normal,883,15.487638888888881
1,S002_normal_s,normal,884,15.487638888888881
1,S002_normal_s,normal,885,15.49263888888889
1,S002_normal_s,normal,886,15.49263888888889
1,S002_normal_s,normal,887,15.49263888888889
1,S002_normal_s,normal,888,15.49263888888889
1,S002_normal_s,normal,889,15.49263888888889
1,S002_normal_s,normal,890,15.495972222222228
1,S002_normal_s,normal,891,15.495972222222228
1,S002_normal_s,normal,892,15.495972222222228
1,S002_normal_s,normal,893,15.495972222222228
1,S002_normal_s,normal,894,15.495972222222228
1,S002_normal_s,normal,895,15.479305555555555
1,S002_normal_s,normal,896,15.479305555555555
1,S002_normal_s,normal,897,15.479305555555555
1,S002_normal_s,normal,898,15.479305555555555
1,S002_normal_s,normal,899,15.479305555555555
1,S002_normal_s,normal,900,15.490972222222226
1,S002_normal_s,normal,901,15.490972222222226
1,S002_normal_s,normal,902,15.490972222222226
1,S002_normal_s,normal,903,15.490972222222226
1,S002_normal_s,normal,904,15.490972222222226
1,S002_normal_s,normal,905,15.474305555555546
1,S002_normal_s,normal,906,15.474305555555546
1,S002_normal_s,normal,907,15.474305555555546
1,S002_normal_s,normal,908,15.474305555555546
1,S002_normal_s,normal,909,15.474305555555546
1,S002_normal_s,normal,910,15.449305555555554
1,S002_normal_s,normal,911,15.449305555555554
1,S002_normal_s,normal,912,15.449305555555554
1,S002_normal_s,normal,913,15.449305555555554
1,S002_normal_s,normal,914,15.449305555555554
1,S002_normal_s,normal,915,15.424305555555563
1,S002_normal_s,normal,916,15.424305555555563
1,S002_normal_s,normal,917,15.424305555555563
1,S002_normal_s,normal,918,15.424305555555563
1,S002_normal_s,normal,919,15.424305555555563
1,S002_normal_s,normal,920,15.417638888888895
1,S002_normal_s,normal,921,15.417638888888895
1,S002_normal_s,normal,922,15.417638888888895
1,S002_normal_s,normal,923,15.417638888888895
1,S002_normal_s,normal,924,15.417638888888895
1,S002_normal_s,normal,925,15.422638888888883
1,S002_normal_s,normal,926,15.422638888888883
1,S002_normal_s,normal,927,15.422638888888883
1,S002_normal_s,normal,928,15.422638888888883
1,S002_normal_s,normal,929,15.422638888888883
1,S002_normal_s,normal,930,15.40430555555556
1,S002_normal_s,normal,931,15.40430555555556
1,S002_normal_s,normal,932,15.40430555555556
1,S002_normal_s,normal,933,15.40430555555556
1,S002_normal_s,normal,934,15.40430555555556
1,S002_normal_s,normal,935,15.417638888888895
1,S002_normal_s,normal,936,15.417638888888895
1,S002_normal_s,normal,937,15.417638888888895
1,S002_normal_s,normal,938,15.417638888888895
1,S002_normal_s,normal,939,15.417638888888895
1,S002_normal_s,normal,940,15.4426388888889
1,S002_normal_s,normal,941,15.4426388888889
1,S002_normal_s,normal,942,15.4426388888889
1,S002_normal_s,normal,943,15.4426388888889
1,S002_normal_s,normal,944,15.4426388888889
1,S002_normal_s,normal,945,15.464305555555562
1,S002_normal_s,normal,946,15.464305555555562
1,S002_normal_s,normal,947,15.464305555555562
1,S002_normal_s,normal,948,15.464305555555562
1,S002_normal_s,normal,949,15.464305555555562
1,S002_normal_s,normal,950,15.46097222222221
1,S002_normal_s,normal,951,15.46097222222221
1,S002_normal_s,normal,952,15.46097222222221
1,S002_normal_s,normal,953,15.46097222222221
1,S002_normal_s,normal,954,15.46097222222221
1,S002_normal_s,normal,955,15.477638888888883
1,S002_normal_s,normal,956,15.477638888888883
1,S002_normal_s,normal,957,15.477638888888883
1,S002_normal_s,normal,958,15.477638888888883
1,S002_normal_s,normal,959,15.477638888888883
1,S002_normal_s,normal,960,15.479305555555548
1,S002_normal_s,normal,961,15.479305555555548
1,S002_normal_s,normal,962,15.479305555555548
1,S002_normal_s,normal,963,15.479305555555548
1,S002_normal_s,normal,964,15.479305555555548
1,S002_normal_s,normal,965,15.495972222222235
1,S002_normal_s,normal,966,15.495972222222235
1,S002_normal_s,normal,967,15.495972222222235
1,S002_normal_s,normal,968,15.495972222222235
1,S002_normal_s,normal,969,15.495972222222235
1,S002_normal_s,normal,970,15.529305555555567
1,S002_normal_s,normal,971,15.529305555555567
1,S002_normal_s,normal,972,15.529305555555567
1,S002_normal_s,normal,973,15.529305555555567
1,S002_normal_s,normal,974,15.529305555555567
1,S002_normal_s,normal,975,15.552638888888893
1,S002_normal_s,normal,976,15.552638888888893
1,S002_normal_s,normal,977,15.552638888888893
1,S002_normal_s,normal,978,15.552638888888893
1,S002_normal_s,normal,979,15.552638888888893
1,S002_normal_s,normal,980,15.569305555555559
1,S002_normal_s,normal,981,15.569305555555559
1,S002_normal_s,normal,982,15.569305555555559
1,S002_normal_s,normal,983,15.569305555555559
1,S002_normal_s,normal,984,15.569305555555559
1,S002_normal_s,normal,985,15.580972222222229
1,S002_normal_s,normal,986,15.580972222222229
1,S002_normal_s,normal,987,15.580972222222229
1,S002_normal_s,normal,988,15.580972222222229
1,S002_normal_s,normal,989,15.580972222222229
1,S002_normal_s,normal,990,15.595972222222223
1,S002_normal_s,normal,991,15.595972222222223
1,S002_normal_s,normal,992,15.595972222222223
1,S002_normal_s,normal,993,15.595972222222223
1,S002_normal_s,normal,994,15.595972222222223
1,S002_normal_s,normal,995,15.61097222222223
1,S002_normal_s,normal,996,15.61097222222223
1,S002_normal_s,normal,997,15.61097222222223
1,S002_normal_s,normal,998,15.61097222222223
1,S002_normal_s,normal,999,15.61097222222223
1,S002_normal_s,normal,1000,15.619305555555563
1,S002_normal_s,normal,1001,15.619305555555563
1,S002_normal_s,normal,1002,15.619305555555563
1,S002_normal_s,normal,1003,15.619305555555563
1,S002_normal_s,normal,1004,15.619305555555563
1,S002_normal_s,normal,1005,15.61930555555557
1,S002_normal_s,normal,1006,15.61930555555557
1,S002_normal_s,normal,1007,15.61930555555557
1,S002_normal_s,normal,1008,15.61930555555557
1,S002_normal_s,normal,1009,15.61930555555557
1,S002_normal_s,normal,1010,15.630972222222226
1,S002_normal_s,normal,1011,15.630972222222226
1,S002_normal_s,normal,1012,15.630972222222226
1,S002_normal_s,normal,1013,15.630972222222226
1,S002_normal_s,normal,1014,15.630972222222226
1,S002_normal_s,normal,1015,15.629305555555568
1,S002_normal_s,normal,1016,15.629305555555568
1,S002_normal_s,normal,1017,15.629305555555568
1,S002_normal_s,normal,1018,15.629305555555568
1,S002_normal_s,normal,1019,15.629305555555568
1,S002_normal_s,normal,1020,15.629305555555561
1,S002_normal_s,normal,1021,15.629305555555561
1,S002_normal_s,normal,1022,15.629305555555561
1,S002_normal_s,normal,1023,15.629305555555561
1,S002_normal_s,normal,1024,15.629305555555561
1,S002_normal_s,normal,1025,15.639305555555566
1,S002_normal_s,normal,1026,15.639305555555566
1,S002_normal_s,normal,1027,15.639305555555566
1,S002_normal_s,normal,1028,15.639305555555566
1,S002_normal_s,normal,1029,15.639305555555566
1,S002_normal_s,normal,1030,15.644305555555562
1,S002_normal_s,normal,1031,15.644305555555562
1,S002_normal_s,normal,1032,15.644305555555562
1,S002_normal_s,normal,1033,15.644305555555562
1,S002_normal_s,normal,1034,15.644305555555562
1,S002_normal_s,normal,1035,15.660972222222227
1,S002_normal_s,normal,1036,15.660972222222227
1,S002_normal_s,normal,1037,15.660972222222227
1,S002_normal_s,normal,1038,15.660972222222227
1,S002_normal_s,normal,1039,15.660972222222227
1,S002_normal_s,normal,1040,15.67597222222222
1,S002_normal_s,normal,1041,15.67597222222222
1,S002_normal_s,normal,1042,15.67597222222222
1,S002_normal_s,normal,1043,15.67597222222222
1,S002_normal_s,normal,1044,15.67597222222222
1,S002_normal_s,normal,1045,15.695972222222224
1,S002_normal_s,normal,1046,15.695972222222224
1,S002_normal_s,normal,1047,15.695972222222224
1,S002_normal_s,normal,1048,15.695972222222224
1,S002_normal_s,normal,1049,15.695972222222224
1,S002_normal_s,normal,1050,15.710972222222217
1,S002_normal_s,normal,1051,15.710972222222217
1,S002_normal_s,normal,1052,15.710972222222217
1,S002_normal_s,normal,1053,15.710972222222217
1,S002_normal_s,normal,1054,15.710972222222217
1,S002_normal_s,normal,1055,15.71930555555555
1,S002_normal_s,normal,1056,15.71930555555555
1,S002_normal_s,normal,1057,15.71930555555555
1,S002_normal_s,normal,1058,15.71930555555555
1,S002_normal_s,normal,1059,15.71930555555555
1,S002_normal_s,normal,1060,15.740972222222211
1,S002_normal_s,normal,1061,15.740972222222211
1,S002_normal_s,normal,1062,15.740972222222211
1,S002_normal_s,normal,1063,15.740972222222211
1,S002_normal_s,normal,1064,15.740972222222211
1,S002_normal_s,normal,1065,15.769305555555562
1,S002_normal_s,normal,1066,15.769305555555562
1,S002_normal_s,normal,1067,15.769305555555562
1,S002_normal_s,normal,1068,15.769305555555562
1,S002_normal_s,normal,1069,15.769305555555562
1,S002_normal_s,normal,1070,15.799305555555556
1,S002_normal_s,normal,1071,15.799305555555556
1,S002_normal_s,normal,1072,15.799305555555556
1,S002_normal_s,normal,1073,15.799305555555556
1,S002_normal_s,normal,1074,15.799305555555556
1,S002_normal_s,normal,1075,15.83763888888889
1,S002_normal_s,normal,1076,15.83763888888889
1,S002_normal_s,normal,1077,15.83763888888889
1,S002_normal_s,normal,1078,15.83763888888889
1,S002_normal_s,normal,1079,15.83763888888889
1,S002_normal_s,normal,1080,15.864305555555568
1,S002_normal_s,normal,1081,15.864305555555568
1,S002_normal_s,normal,1082,15.864305555555568
1,S002_normal_s,normal,1083,15.864305555555568
1,S002_normal_s,normal,1084,15.864305555555568
1,S002_normal_s,normal,1085,15.8726388888889
1,S002_normal_s,normal,1086,15.8726388888889
1,S002_normal_s,normal,1087,15.8726388888889
1,S002_normal_s,normal,1088,15.8726388888889
1,S002_normal_s,normal,1089,15.8726388888889
1,S002_normal_s,normal,1090,15.89930555555555
1,S002_normal_s,normal,1091,15.89930555555555
1,S002_normal_s,normal,1092,15.89930555555555
1,S002_normal_s,normal,1093,15.89930555555555
1,S002_normal_s,normal,1094,15.89930555555555
1,S002_normal_s,normal,1095,15.909305555555555
1,S002_normal_s,normal,1096,15.909305555555555
1,S002_normal_s,normal,1097,15.909305555555555
1,S002_normal_s,normal,1098,15.909305555555555
1,S002_normal_s,normal,1099,15.909305555555555
1,S002_normal_s,normal,1100,15.929305555555565
1,S002_normal_s,normal,1101,15.929305555555565
1,S002_normal_s,normal,1102,15.929305555555565
1,S002_normal_s,normal,1103,15.929305555555565
1,S002_normal_s,normal,1104,15.929305555555565
1,S002_normal_s,normal,1105,15.944305555555552
1,S002_normal_s,normal,1106,15.944305555555552
1,S002_normal_s,normal,1107,15.944305555555552
1,S002_normal_s,normal,1108,15.944305555555552
1,S002_normal_s,normal,1109,15.944305555555552
1,S002_normal_s,normal,1110,15.937638888888891
1,S002_normal_s,normal,1111,15.937638888888891
1,S002_normal_s,normal,1112,15.937638888888891
1,S002_normal_s,normal,1113,15.937638888888891
1,S002_normal_s,normal,1114,15.937638888888891
1,S002_normal_s,normal,1115,15.949305555555554
1,S002_normal_s,normal,1116,15.949305555555554
1,S002_normal_s,normal,1117,15.949305555555554
1,S002_normal_s,normal,1118,15.949305555555554
1,S002_normal_s,normal,1119,15.949305555555554
1,S002_normal_s,normal,1120,15.94763888888889
1,S002_normal_s,normal,1121,15.94763888888889
1,S002_normal_s,normal,1122,15.94763888888889
1,S002_normal_s,normal,1123,15.94763888888889
1,S002_normal_s,normal,1124,15.94763888888889
1,S002_normal_s,normal,1125,15.955972222222222
1,S002_normal_s,normal,1126,15.955972222222222
1,S002_normal_s,normal,1127,15.955972222222222
1,S002_normal_s,normal,1128,15.955972222222222
1,S002_normal_s,normal,1129,15.955972222222222
1,S002_normal_s,normal,1130,15.957638888888894
1,S002_normal_s,normal,1131,15.957638888888894
1,S002_normal_s,normal,1132,15.957638888888894
1,S002_normal_s,normal,1133,15.957638888888894
1,S002_normal_s,normal,1134,15.957638888888894
1,S002_normal_s,normal,1135,15.93930555555555
1,S002_normal_s,normal,1136,15.93930555555555
1,S002_normal_s,normal,1137,15.93930555555555
1,S002_normal_s,normal,1138,15.93930555555555
1,S002_normal_s,normal,1139,15.93930555555555
1,S002_normal_s,normal,1140,15.94763888888889
1,S002_normal_s,normal,1141,15.94763888888889
1,S002_normal_s,normal,1142,15.94763888888889
1,S002_normal_s,normal,1143,15.94763888888889
1,S002_normal_s,normal,1144,15.94763888888889
1,S002_normal_s,normal,1145,15.955972222222222
1,S002_normal_s,normal,1146,15.955972222222222
1,S002_normal_s,normal,1147,15.955972222222222
1,S002_normal_s,normal,1148,15.955972222222222
1,S002_normal_s,normal,1149,15.955972222222222
1,S002_normal_s,normal,1150,15.965972222222227
1,S002_normal_s,normal,1151,15.965972222222227
1,S002_normal_s,normal,1152,15.965972222222227
1,S002_normal_s,normal,1153,15.965972222222227
1,S002_normal_s,normal,1154,15.965972222222227
1,S002_normal_s,normal,1155,15.965972222222213
1,S002_normal_s,normal,1156,15.965972222222213
1,S002_normal_s,normal,1157,15.965972222222213
1,S002_normal_s,normal,1158,15.965972222222213
1,S002_normal_s,normal,1159,15.965972222222213
1,S002_normal_s,normal,1160,15.954305555555557
1,S002_normal_s,normal,1161,15.954305555555557
1,S002_normal_s,normal,1162,15.954305555555557
1,S002_normal_s,normal,1163,15.954305555555557
1,S002_normal_s,normal,1164,15.954305555555557
1,S002_normal_s,normal,1165,15.949305555555561
1,S002_normal_s,normal,1166,15.949305555555561
1,S002_normal_s,normal,1167,15.949305555555561
1,S002_normal_s,normal,1168,15.949305555555561
1,S002_normal_s,normal,1169,15.949305555555561
1,S002_normal_s,normal,1170,15.990972222222226
1,S002_normal_s,normal,1171,15.990972222222226
1,S002_normal_s,normal,1172,15.990972222222226
1,S002_normal_s,normal,1173,15.990972222222226
1,S002_normal_s,normal,1174,15.990972222222226
1,S002_normal_s,normal,1175,15.98597222222223
1,S002_normal_s,normal,1176,15.98597222222223
1,S002_normal_s,normal,1177,15.98597222222223
1,S002_normal_s,normal,1178,15.98597222222223
1,S002_normal_s,normal,1179,15.98597222222223
1,S002_normal_s,normal,1180,15.937638888888891
1,S002_normal_s,normal,1181,15.937638888888891
1,S002_normal_s,normal,1182,15.937638888888891
1,S002_normal_s,normal,1183,15.937638888888891
1,S002_normal_s,normal,1184,15.937638888888891
1,S002_normal_s,normal,1185,15.839305555555555
1,S002_normal_s,normal,1186,15.839305555555555
1,S002_normal_s,normal,1187,15.839305555555555
1,S002_normal_s,normal,1188,15.839305555555555
1,S002_normal_s,normal,1189,15.839305555555555
1,S002_normal_s,normal,1190,15.720972222222215
1,S002_normal_s,normal,1191,15.720972222222215
1,S002_normal_s,normal,1192,15.720972222222215
1,S002_normal_s,normal,1193,15.720972222222215
1,S002_normal_s,normal,1194,15.720972222222215
1,S002_normal_s,normal,1195,15.584305555555552
1,S002_normal_s,normal,1196,15.584305555555552
1,S002_normal_s,normal,1197,15.584305555555552
1,S002_normal_s,normal,1198,15.584305555555552
1,S002_normal_s,normal,1199,15.584305555555552
1,S002_normal_s,normal,1200,15.387638888888894
1,S002_normal_s,normal,1201,15.387638888888894
1,S002_normal_s,normal,1202,15.387638888888894
1,S002_normal_s,normal,1203,15.387638888888894
1,S002_normal_s,normal,1204,15.387638888888894
1,S002_normal_s,normal,1205,15.185972222222226
1,S002_normal_s,normal,1206,15.185972222222226
1,S002_normal_s,normal,1207,15.185972222222226
1,S002_normal_s,normal,1208,15.185972222222226
1,S002_normal_s,normal,1209,15.185972222222226
1,S002_normal_s,normal,1210,14.92597222222222
1,S002_normal_s,normal,1211,14.92597222222222
1,S002_normal_s,normal,1212,14.92597222222222
1,S002_normal_s,normal,1213,14.92597222222222
1,S002_normal_s,normal,1214,14.92597222222222
1,S002_normal_s,normal,1215,14.665972222222223
1,S002_normal_s,normal,1216,14.665972222222223
1,S002_normal_s,normal,1217,14.665972222222223
1,S002_normal_s,normal,1218,14.665972222222223
1,S002_normal_s,normal,1219,14.665972222222223
1,S002_normal_s,normal,1220,14.384305555555564
1,S002_normal_s,normal,1221,14.384305555555564
1,S002_normal_s,normal,1222,14.384305555555564
1,S002_normal_s,normal,1223,14.384305555555564
1,S002_normal_s,normal,1224,14.384305555555564
1,S002_normal_s,normal,1225,14.06430555555555
1,S002_normal_s,normal,1226,14.06430555555555
1,S002_normal_s,normal,1227,14.06430555555555
1,S002_normal_s,normal,1228,14.06430555555555
1,S002_normal_s,normal,1229,14.06430555555555
1,S002_normal_s,normal,1230,13.699305555555561
1,S002_normal_s,normal,1231,13.699305555555561
1,S002_normal_s,normal,1232,13.699305555555561
1,S002_normal_s,normal,1233,13.699305555555561
1,S002_normal_s,normal,1234,13.699305555555561
1,S002_normal_s,normal,1235,13.33763888888889
1,S002_normal_s,normal,1236,13.33763888888889
1,S002_normal_s,normal,1237,13.33763888888889
1,S002_normal_s,normal,1238,13.33763888888889
1,S002_normal_s,normal,1239,13.33763888888889
1,S002_normal_s,normal,1240,12.989305555555568
1,S002_normal_s,normal,1241,12.989305555555568
1,S002_normal_s,normal,1242,12.989305555555568
1,S002_normal_s,normal,1243,12.989305555555568
1,S002_normal_s,normal,1244,12.989305555555568
1,S002_normal_s,normal,1245,12.63930555555556
1,S002_normal_s,normal,1246,12.63930555555556
1,S002_normal_s,normal,1247,12.63930555555556
1,S002_normal_s,normal,1248,12.63930555555556
1,S002_normal_s,normal,1249,12.63930555555556
1,S002_normal_s,normal,1250,12.284305555555555
1,S002_normal_s,normal,1251,12.284305555555555
1,S002_normal_s,normal,1252,12.284305555555555
1,S002_normal_s,normal,1253,12.284305555555555
1,S002_normal_s,normal,1254,12.284305555555555
1,S002_normal_s,normal,1255,11.930972222222223
1,S002_normal_s,normal,1256,11.930972222222223
1,S002_normal_s,normal,1257,11.930972222222223
1,S002_normal_s,normal,1258,11.930972222222223
1,S002_normal_s,normal,1259,11.930972222222223
1,S002_normal_s,normal,1260,11.612638888888902
1,S002_normal_s,normal,1261,11.612638888888902
1,S002_normal_s,normal,1262,11.612638888888902
1,S002_normal_s,normal,1263,11.612638888888902
1,S002_normal_s,normal,1264,11.612638888888902
1,S002_normal_s,normal,1265,11.277638888888895
1,S002_normal_s,normal,1266,11.277638888888895
1,S002_normal_s,normal,1267,11.277638888888895
1,S002_normal_s,normal,1268,11.277638888888895
1,S002_normal_s,normal,1269,11.277638888888895
1,S002_normal_s,normal,1270,10.960972222222225
1,S002_normal_s,normal,1271,10.960972222222225
1,S002_normal_s,normal,1272,10.960972222222225
1,S002_normal_s,normal,1273,10.960972222222225
1,S002_normal_s,normal,1274,10.960972222222225
1,S002_normal_s,normal,1275,10.63930555555556
1,S002_normal_s,normal,1276,10.63930555555556
1,S002_normal_s,normal,1277,10.63930555555556
1,S002_normal_s,normal,1278,10.63930555555556
1,S002_normal_s,normal,1279,10.63930555555556
1,S002_normal_s,normal,1280,10.320972222222224
1,S002_normal_s,normal,1281,10.320972222222224
1,S002_normal_s,normal,1282,10.320972222222224
1,S002_normal_s,normal,1283,10.320972222222224
1,S002_normal_s,normal,1284,10.320972222222224
1,S002_normal_s,normal,1285,10.027638888888895
1,S002_normal_s,normal,1286,10.027638888888895
1,S002_normal_s,normal,1287,10.027638888888895
1,S002_normal_s,normal,1288,10.027638888888895
1,S002_normal_s,normal,1289,10.027638888888895
1,S002_normal_s,normal,1290,9.740972222222226
1,S002_normal_s,normal,1291,9.740972222222226
1,S002_normal_s,normal,1292,9.740972222222226
1,S002_normal_s,normal,1293,9.740972222222226
1,S002_normal_s,normal,1294,9.740972222222226
1,S002_normal_s,normal,1295,9.457638888888887
1,S002_normal_s,normal,1296,9.457638888888887
1,S002_normal_s,normal,1297,9.457638888888887
1,S002_normal_s,normal,1298,9.457638888888887
1,S002_normal_s,normal,1299,9.457638888888887
1,S002_normal_s,normal,1300,9.182638888888889
1,S002_normal_s,normal,1301,9.182638888888889
1,S002_normal_s,normal,1302,9.182638888888889
1,S002_normal_s,normal,1303,9.182638888888889
1,S002_normal_s,normal,1304,9.182638888888889
1,S002_normal_s,normal,1305,8.942638888888894
1,S002_normal_s,normal,1306,8.942638888888894
1,S002_normal_s,normal,1307,8.942638888888894
1,S002_normal_s,normal,1308,8.942638888888894
1,S002_normal_s,normal,1309,8.942638888888894
1,S002_normal_s,normal,1310,8.714305555555558
1,S002_normal_s,normal,1311,8.714305555555558
1,S002_normal_s,normal,1312,8.714305555555558
1,S002_normal_s,normal,1313,8.714305555555558
1,S002_normal_s,normal,1314,8.714305555555558
1,S002_normal_s,normal,1315,8.490972222222226
1,S002_normal_s,normal,1316,8.490972222222226
1,S002_normal_s,normal,1317,8.490972222222226
1,S002_normal_s,normal,1318,8.490972222222226
1,S002_normal_s,normal,1319,8.490972222222226
1,S002_normal_s,normal,1320,8.267638888888893
1,S002_normal_s,normal,1321,8.267638888888893
1,S002_normal_s,normal,1322,8.267638888888893
1,S002_normal_s,normal,1323,8.267638888888893
1,S002_normal_s,normal,1324,8.267638888888893
1,S002_normal_s,normal,1325,8.06430555555556
1,S002_normal_s,normal,1326,8.06430555555556
1,S002_normal_s,normal,1327,8.06430555555556
1,S002_normal_s,normal,1328,8.06430555555556
1,S002_normal_s,normal,1329,8.06430555555556
1,S002_normal_s,normal,1330,7.845972222222226
1,S002_normal_s,normal,1331,7.845972222222226
1,S002_normal_s,normal,1332,7.845972222222226
1,S002_normal_s,normal,1333,7.845972222222226
1,S002_normal_s,normal,1334,7.845972222222226
1,S002_normal_s,normal,1335,7.620972222222225
1,S002_normal_s,normal,1336,7.620972222222225
1,S002_normal_s,normal,1337,7.620972222222225
1,S002_normal_s,normal,1338,7.620972222222225
1,S002_normal_s,normal,1339,7.620972222222225
1,S002_normal_s,normal,1340,7.415972222222226
1,S002_normal_s,normal,1341,7.415972222222226
1,S002_normal_s,normal,1342,7.415972222222226
1,S002_normal_s,normal,1343,7.415972222222226
1,S002_normal_s,normal,1344,7.415972222222226
1,S002_normal_s,normal,1345,7.199305555555554
1,S002_normal_s,normal,1346,7.199305555555554
1,S002_normal_s,normal,1347,7.199305555555554
1,S002_normal_s,normal,1348,7.199305555555554
1,S002_normal_s,normal,1349,7.199305555555554
1,S002_normal_s,normal,1350,6.985972222222227
1,S002_normal_s,normal,1351,6.985972222222227
1,S002_normal_s,normal,1352,6.985972222222227
1,S002_normal_s,normal,1353,6.985972222222227
1,S002_normal_s,normal,1354,6.985972222222227
1,S002_normal_s,normal,1355,6.775972222222226
1,S002_normal_s,normal,1356,6.775972222222226
1,S002_normal_s,normal,1357,6.775972222222226
1,S002_normal_s,normal,1358,6.775972222222226
1,S002_normal_s,normal,1359,6.775972222222226
1,S002_normal_s,normal,1360,6.577638888888895
1,S002_normal_s,normal,1361,6.577638888888895
1,S002_normal_s,normal,1362,6.577638888888895
1,S002_normal_s,normal,1363,6.577638888888895
1,S002_normal_s,normal,1364,6.577638888888895
1,S002_normal_s,normal,1365,6.389305555555556
1,S002_normal_s,normal,1366,6.389305555555556
1,S002_normal_s,normal,1367,6.389305555555556
1,S002_normal_s,normal,1368,6.389305555555556
1,S002_normal_s,normal,1369,6.389305555555556
1,S002_normal_s,normal,1370,6.200972222222219
1,S002_normal_s,normal,1371,6.200972222222219
1,S002_normal_s,normal,1372,6.200972222222219
1,S002_normal_s,normal,1373,6.200972222222219
1,S002_normal_s,normal,1374,6.200972222222219
1,S002_normal_s,normal,1375,6.019305555555558
1,S002_normal_s,normal,1376,6.019305555555558
1,S002_normal_s,normal,1377,6.019305555555558
1,S002_normal_s,normal,1378,6.019305555555558
1,S002_normal_s,normal,1379,6.019305555555558
1,S002_normal_s,normal,1380,5.8309722222222256
1,S002_normal_s,normal,1381,5.8309722222222256
1,S002_normal_s,normal,1382,5.8309722222222256
1,S002_normal_s,normal,1383,5.8309722222222256
1,S002_normal_s,normal,1384,5.8309722222222256
1,S002_normal_s,normal,1385,5.6426388888888965
1,S002_normal_s,normal,1386,5.6426388888888965
1,S002_normal_s,normal,1387,5.6426388888888965
1,S002_normal_s,normal,1388,5.6426388888888965
1,S002_normal_s,normal,1389,5.6426388888888965
1,S002_normal_s,normal,1390,5.472638888888895
1,S002_normal_s,normal,1391,5.472638888888895
1,S002_normal_s,normal,1392,5.472638888888895
1,S002_normal_s,normal,1393,5.472638888888895
1,S002_normal_s,normal,1394,5.472638888888895
1,S002_normal_s,normal,1395,5.324305555555565
1,S002_normal_s,normal,1396,5.324305555555565
1,S002_normal_s,normal,1397,5.324305555555565
1,S002_normal_s,normal,1398,5.324305555555565
1,S002_normal_s,normal,1399,5.324305555555565
1,S002_normal_s,normal,1400,5.155972222222232
1,S002_normal_s,normal,1401,5.155972222222232
1,S002_normal_s,normal,1402,5.155972222222232
1,S002_normal_s,normal,1403,5.155972222222232
1,S002_normal_s,normal,1404,5.155972222222232
1,S002_normal_s,normal,1405,5.005972222222223
1,S002_normal_s,normal,1406,5.005972222222223
1,S002_normal_s,normal,1407,5.005972222222223
1,S002_normal_s,normal,1408,5.005972222222223
1,S002_normal_s,normal,1409,5.005972222222223
1,S002_normal_s,normal,1410,4.8693055555555596
1,S002_normal_s,normal,1411,4.8693055555555596
1,S002_normal_s,normal,1412,4.8693055555555596
1,S002_normal_s,normal,1413,4.8693055555555596
1,S002_normal_s,normal,1414,4.8693055555555596
1,S002_normal_s,normal,1415,4.760972222222232
1,S002_normal_s,normal,1416,4.760972222222232
1,S002_normal_s,normal,1417,4.760972222222232
1,S002_normal_s,normal,1418,4.760972222222232
1,S002_normal_s,normal,1419,4.760972222222232
1,S002_normal_s,normal,1420,4.639305555555566
1,S002_normal_s,normal,1421,4.639305555555566
1,S002_normal_s,normal,1422,4.639305555555566
1,S002_normal_s,normal,1423,4.639305555555566
1,S002_normal_s,normal,1424,4.639305555555566
1,S002_normal_s,normal,1425,4.502638888888889
1,S002_normal_s,normal,1426,4.502638888888889
1,S002_normal_s,normal,1427,4.502638888888889
1,S002_normal_s,normal,1428,4.502638888888889
1,S002_normal_s,normal,1429,4.502638888888889
1,S002_normal_s,normal,1430,4.380972222222226
1,S002_normal_s,normal,1431,4.380972222222226
1,S002_normal_s,normal,1432,4.380972222222226
1,S002_normal_s,normal,1433,4.380972222222226
1,S002_normal_s,normal,1434,4.380972222222226
1,S002_normal_s,normal,1435,4.267638888888893
1,S002_normal_s,normal,1436,4.267638888888893
1,S002_normal_s,normal,1437,4.267638888888893
1,S002_normal_s,normal,1438,4.267638888888893
1,S002_normal_s,normal,1439,4.267638888888893
1,S002_normal_s,normal,1440,4.164305555555558
1,S002_normal_s,normal,1441,4.164305555555558
1,S002_normal_s,normal,1442,4.164305555555558
1,S002_normal_s,normal,1443,4.164305555555558
1,S002_normal_s,normal,1444,4.164305555555558
1,S002_normal_s,normal,1445,4.079305555555553
1,S002_normal_s,normal,1446,4.079305555555553
1,S002_normal_s,normal,1447,4.079305555555553
1,S002_normal_s,normal,1448,4.079305555555553
1,S002_normal_s,normal,1449,4.079305555555553
1,S002_normal_s,normal,1450,3.999305555555562
1,S002_normal_s,normal,1451,3.999305555555562
1,S002_normal_s,normal,1452,3.999305555555562
1,S002_normal_s,normal,1453,3.999305555555562
1,S002_normal_s,normal,1454,3.999305555555562
1,S002_normal_s,normal,1455,3.9093055555555587
1,S002_normal_s,normal,1456,3.9093055555555587
1,S002_normal_s,normal,1457,3.9093055555555587
1,S002_normal_s,normal,1458,3.9093055555555587
1,S002_normal_s,normal,1459,3.9093055555555587
1,S002_normal_s,normal,1460,3.844305555555561
1,S002_normal_s,normal,1461,3.844305555555561
1,S002_normal_s,normal,1462,3.844305555555561
1,S002_normal_s,normal,1463,3.844305555555561
1,S002_normal_s,normal,1464,3.844305555555561
1,S002_normal_s,normal,1465,3.7509722222222273
1,S002_normal_s,normal,1466,3.7509722222222273
1,S002_normal_s,normal,1467,3.7509722222222273
1,S002_normal_s,normal,1468,3.7509722222222273
1,S002_normal_s,normal,1469,3.7509722222222273
1,S002_normal_s,normal,1470,3.7509722222222273
1,S002_normal_s,normal,1471,3.7509722222222273
1,S002_normal_s,normal,1472,3.7509722222222273
1,S002_normal_s,normal,1473,3.7509722222222273
1,S002_normal_s,normal,1474,3.7509722222222273
1,S002_normal_s,normal,1475,3.7509722222222273
1,S002_normal_s,normal,1476,3.7509722222222273
1,S002_normal_s,normal,1477,3.7509722222222273
1,S002_normal_s,normal,1478,3.7509722222222273
1,S002_normal_s,normal,1479,3.7509722222222273
1,S002_normal_s,normal,1480,3.7509722222222273
1,S002_normal_s,normal,1481,3.7509722222222273
1,S002_normal_s,normal,1482,3.7509722222222273
1,S002_normal_s,normal,1483,3.7509722222222273
1,S002_normal_s,normal,1484,3.7509722222222273
1,S002_normal_s,normal,1485,3.7509722222222273
1,S002_normal_s,normal,1486,3.7509722222222273
1,S002_normal_s,normal,1487,3.7509722222222273
1,S002_normal_s,normal,1488,3.7509722222222273
1,S002_normal_s,normal,1489,3.7509722222222273
1,S002_normal_s,normal,1490,3.7509722222222273
1,S002_normal_s,normal,1491,3.7509722222222273
1,S002_normal_s,normal,1492,3.7509722222222273
1,S002_normal_s,normal,1493,3.7509722222222273
1,S002_normal_s,normal,1494,3.7509722222222273
1,S002_normal_s,normal,1495,3.7509722222222273
1,S002_normal_s,normal,1496,3.7509722222222273
1,S002_normal_s,normal,1497,3.7509722222222273
1,S002_normal_s,normal,1498,3.7509722222222273
1,S002_normal_s,normal,1499,3.7509722222222273
2,S003_normal_s,normal,0,0.0
2,S003_normal_s,normal,1,0.0
2,S003_normal_s,normal,2,0.0
2,S003_normal_s,normal,3,0.0
2,S003_normal_s,normal,4,0.0
2,S003_normal_s,normal,5,0.0
2,S003_normal_s,normal,6,0.0
2,S003_normal_s,normal,7,0.0
2,S003_normal_s,normal,8,0.0
2,S003_normal_s,normal,9,0.0
2,S003_normal_s,normal,10,0.0
2,S003_normal_s,normal,11,0.0
2,S003_normal_s,normal,12,0.0
2,S003_normal_s,normal,13,0.0
2,S003_normal_s,normal,14,0.0
2,S003_normal_s,normal,15,0.0
2,S003_normal_s,normal,16,0.0
2,S003_normal_s,normal,17,0.0
2,S003_normal_s,normal,18,0.0
2,S003_normal_s,normal,19,0.0
2,S003_normal_s,normal,20,0.0
2,S003_normal_s,normal,21,0.0
2,S003_normal_s,normal,22,0.0
2,S003_normal_s,normal,23,0.0
2,S003_normal_s,normal,24,0.0
2,S003_normal_s,normal,25,0.0
2,S003_normal_s,normal,26,0.0
2,S003_normal_s,normal,27,0.0
2,S003_normal_s,normal,28,0.0
2,S003_normal_s,normal,29,0.0
2,S003_normal_s,normal,30,-0.20936111111110023
2,S003_normal_s,normal,31,-0.20936111111110023
2,S003_normal_s,normal,32,-0.20936111111110023
2,S003_normal_s,normal,33,-0.20936111111110023
2,S003_normal_s,normal,34,-0.20936111111110023
2,S003_normal_s,normal,35,-0.21102777777777249
2,S003_normal_s,normal,36,-0.21102777777777249
2,S003_normal_s,normal,37,-0.21102777777777249
2,S003_normal_s,normal,38,-0.21102777777777249
2,S003_normal_s,normal,39,-0.21102777777777249
2,S003_normal_s,normal,40,-0.20269444444443963
2,S003_normal_s,normal,41,-0.20269444444443963
2,S003_normal_s,normal,42,-0.20269444444443963
2,S003_normal_s,normal,43,-0.20269444444443963
2,S003_normal_s,normal,44,-0.20269444444443963
2,S003_normal_s,normal,45,-0.19602777777777192
2,S003_normal_s,normal,46,-0.19602777777777192
2,S003_normal_s,normal,47,-0.19602777777777192
2,S003_normal_s,normal,48,-0.19602777777777192
2,S003_normal_s,normal,49,-0.19602777777777192
2,S003_normal_s,normal,50,-0.20102777777777447
2,S003_normal_s,normal,51,-0.20102777777777447
2,S003_normal_s,normal,52,-0.20102777777777447
2,S003_normal_s,normal,53,-0.20102777777777447
2,S003_normal_s,normal,54,-0.20102777777777447
2,S003_normal_s,normal,55,-0.21269444444443764
2,S003_normal_s,normal,56,-0.21269444444443764
2,S003_normal_s,normal,57,-0.21269444444443764
2,S003_normal_s,normal,58,-0.21269444444443764
2,S003_normal_s,normal,59,-0.21269444444443764
2,S003_normal_s,normal,60,-0.2210277777777705
2,S003_normal_s,normal,61,-0.2210277777777705
2,S003_normal_s,normal,62,-0.2210277777777705
2,S003_normal_s,normal,63,-0.2210277777777705
2,S003_normal_s,normal,64,-0.2210277777777705
2,S003_normal_s,normal,65,-0.22269444444444275
2,S003_normal_s,normal,66,-0.22269444444444275
2,S003_normal_s,normal,67,-0.22269444444444275
2,S003_normal_s,normal,68,-0.22269444444444275
2,S003_normal_s,normal,69,-0.22269444444444275
2,S003_normal_s,normal,70,-0.2210277777777705
2,S003_normal_s,normal,71,-0.2210277777777705
2,S003_normal_s,normal,72,-0.2210277777777705
2,S003_normal_s,normal,73,-0.2210277777777705
2,S003_normal_s,normal,74,-0.2210277777777705
2,S003_normal_s,normal,75,-0.2260277777777695
2,S003_normal_s,normal,76,-0.2260277777777695
2,S003_normal_s,normal,77,-0.2260277777777695
2,S003_normal_s,normal,78,-0.2260277777777695
2,S003_normal_s,normal,79,-0.2260277777777695
2,S003_normal_s,normal,80,-0.2343611111111059
2,S003_normal_s,normal,81,-0.2343611111111059
2,S003_normal_s,normal,82,-0.2343611111111059
2,S003_normal_s,normal,83,-0.2343611111111059
2,S003_normal_s,normal,84,-0.2343611111111059
2,S003_normal_s,normal,85,-0.23436111111110236
2,S003_normal_s,normal,86,-0.23436111111110236
2,S003_normal_s,normal,87,-0.23436111111110236
2,S003_normal_s,normal,88,-0.23436111111110236
2,S003_normal_s,normal,89,-0.23436111111110236
2,S003_normal_s,normal,90,-0.2276944444444382
2,S003_normal_s,normal,91,-0.2276944444444382
2,S003_normal_s,normal,92,-0.2276944444444382
2,S003_normal_s,normal,93,-0.2276944444444382
2,S003_normal_s,normal,94,-0.2276944444444382
2,S003_normal_s,normal,95,-0.23436111111110947
2,S003_normal_s,normal,96,-0.23436111111110947
2,S003_normal_s,normal,97,-0.23436111111110947
2,S003_normal_s,normal,98,-0.23436111111110947
2,S003_normal_s,normal,99,-0.23436111111110947
2,S003_normal_s,normal,100,-0.24769444444444133
2,S003_normal_s,normal,101,-0.24769444444444133
2,S003_normal_s,normal,102,-0.24769444444444133
2,S003_normal_s,normal,103,-0.24769444444444133
2,S003_normal_s,normal,104,-0.24769444444444133
2,S003_normal_s,normal,105,-0.24602777777776552
2,S003_normal_s,normal,106,-0.24602777777776552
2,S003_normal_s,normal,107,-0.24602777777776552
2,S003_normal_s,normal,108,-0.24602777777776552
2,S003_normal_s,normal,109,-0.24602777777776552
2,S003_normal_s,normal,110,-0.24436111111110748
2,S003_normal_s,normal,111,-0.24436111111110748
2,S003_normal_s,normal,112,-0.24436111111110748
2,S003_normal_s,normal,113,-0.24436111111110748
2,S003_normal_s,normal,114,-0.24436111111110748
2,S003_normal_s,normal,115,-0.23436111111110236
2,S003_normal_s,normal,116,-0.23436111111110236
2,S003_normal_s,normal,117,-0.23436111111110236
2,S003_normal_s,normal,118,-0.23436111111110236
2,S003_normal_s,normal,119,-0.23436111111110236
2,S003_normal_s,normal,120,-0.2360277777777675
2,S003_normal_s,normal,121,-0.2360277777777675
2,S003_normal_s,normal,122,-0.2360277777777675
2,S003_normal_s,normal,123,-0.2360277777777675
2,S003_normal_s,normal,124,-0.2360277777777675
2,S003_normal_s,normal,125,-0.2360277777777675
2,S003_normal_s,normal,126,-0.2360277777777675
2,S003_normal_s,normal,127,-0.2360277777777675
2,S003_normal_s,normal,128,-0.2360277777777675
2,S003_normal_s,normal,129,-0.2360277777777675
2,S003_normal_s,normal,130,-0.23936111111110137
2,S003_normal_s,normal,131,-0.23936111111110137
2,S003_normal_s,normal,132,-0.23936111111110137
2,S003_normal_s,normal,133,-0.23936111111110137
2,S003_normal_s,normal,134,-0.23936111111110137
2,S003_normal_s,normal,135,-0.23936111111110492
2,S003_normal_s,normal,136,-0.23936111111110492
2,S003_normal_s,normal,137,-0.23936111111110492
2,S003_normal_s,normal,138,-0.23936111111110492
2,S003_normal_s,normal,139,-0.23936111111110492
2,S003_normal_s,normal,140,-0.2226944444444392
2,S003_normal_s,normal,141,-0.2226944444444392
2,S003_normal_s,normal,142,-0.2226944444444392
2,S003_normal_s,normal,143,-0.2226944444444392
2,S003_normal_s,normal,144,-0.2226944444444392
2,S003_normal_s,normal,145,-0.21936111111110534
2,S003_normal_s,normal,146,-0.21936111111110534
2,S003_normal_s,normal,147,-0.21936111111110534
2,S003_normal_s,normal,148,-0.21936111111110534
2,S003_normal_s,normal,149,-0.21936111111110534
2,S003_normal_s,normal,150,-0.22602777777777305
2,S003_normal_s,normal,151,-0.22602777777777305
2,S003_normal_s,normal,152,-0.22602777777777305
2,S003_normal_s,normal,153,-0.22602777777777305
2,S003_normal_s,normal,154,-0.22602777777777305
2,S003_normal_s,normal,155,-0.20602777777776993
2,S003_normal_s,normal,156,-0.20602777777776993
2,S003_normal_s,normal,157,-0.20602777777776993
2,S003_normal_s,normal,158,-0.20602777777776993
2,S003_normal_s,normal,159,-0.20602777777776993
2,S003_normal_s,normal,160,-0.19769444444443707
2,S003_normal_s,normal,161,-0.19769444444443707
2,S003_normal_s,normal,162,-0.19769444444443707
2,S003_normal_s,normal,163,-0.19769444444443707
2,S003_normal_s,normal,164,-0.19769444444443707
2,S003_normal_s,normal,165,-0.18936111111110776
2,S003_normal_s,normal,166,-0.18936111111110776
2,S003_normal_s,normal,167,-0.18936111111110776
2,S003_normal_s,normal,168,-0.18936111111110776
2,S003_normal_s,normal,169,-0.18936111111110776
2,S003_normal_s,normal,170,-0.1760277777777688
2,S003_normal_s,normal,171,-0.1760277777777688
2,S003_normal_s,normal,172,-0.1760277777777688
2,S003_normal_s,normal,173,-0.1760277777777688
2,S003_normal_s,normal,174,-0.1760277777777688
2,S003_normal_s,normal,175,-0.16436111111110563
2,S003_normal_s,normal,176,-0.16436111111110563
2,S003_normal_s,normal,177,-0.16436111111110563
2,S003_normal_s,normal,178,-0.16436111111110563
2,S003_normal_s,normal,179,-0.16436111111110563
2,S003_normal_s,normal,180,-0.16102777777777177
2,S003_normal_s,normal,181,-0.16102777777777177
2,S003_normal_s,normal,182,-0.16102777777777177
2,S003_normal_s,normal,183,-0.16102777777777177
2,S003_normal_s,normal,184,-0.16102777777777177
2,S003_normal_s,normal,185,-0.1776944444444375
2,S003_normal_s,normal,186,-0.1776944444444375
2,S003_normal_s,normal,187,-0.1776944444444375
2,S003_normal_s,normal,188,-0.1776944444444375
2,S003_normal_s,normal,189,-0.1776944444444375
2,S003_normal_s,normal,190,-0.1776944444444446
2,S003_normal_s,normal,191,-0.1776944444444446
2,S003_normal_s,normal,192,-0.1776944444444446
2,S003_normal_s,normal,193,-0.1776944444444446
2,S003_normal_s,normal,194,-0.1776944444444446
2,S003_normal_s,normal,195,-0.18769444444444616
2,S003_normal_s,normal,196,-0.18769444444444616
2,S003_normal_s,normal,197,-0.18769444444444616
2,S003_normal_s,normal,198,-0.18769444444444616
2,S003_normal_s,normal,199,-0.18769444444444616
2,S003_normal_s,normal,200,-0.18936111111110776
2,S003_normal_s,normal,201,-0.18936111111110776
2,S003_normal_s,normal,202,-0.18936111111110776
2,S003_normal_s,normal,203,-0.18936111111110776
2,S003_normal_s,normal,204,-0.18936111111110776
2,S003_normal_s,normal,205,-0.20269444444443607
2,S003_normal_s,normal,206,-0.20269444444443607
2,S003_normal_s,normal,207,-0.20269444444443607
2,S003_normal_s,normal,208,-0.20269444444443607
2,S003_normal_s,normal,209,-0.20269444444443607
2,S003_normal_s,normal,210,-0.2143611111111028
2,S003_normal_s,normal,211,-0.2143611111111028
2,S003_normal_s,normal,212,-0.2143611111111028
2,S003_normal_s,normal,213,-0.2143611111111028
2,S003_normal_s,normal,214,-0.2143611111111028
2,S003_normal_s,normal,215,-0.24102777777777007
2,S003_normal_s,normal,216,-0.24102777777777007
2,S003_normal_s,normal,217,-0.24102777777777007
2,S003_normal_s,normal,218,-0.24102777777777007
2,S003_normal_s,normal,219,-0.24102777777777007
2,S003_normal_s,normal,220,-0.23102777777777206
2,S003_normal_s,normal,221,-0.23102777777777206
2,S003_normal_s,normal,222,-0.23102777777777206
2,S003_normal_s,normal,223,-0.23102777777777206
2,S003_normal_s,normal,224,-0.23102777777777206
2,S003_normal_s,normal,225,-0.23269444444443366
2,S003_normal_s,normal,226,-0.23269444444443366
2,S003_normal_s,normal,227,-0.23269444444443366
2,S003_normal_s,normal,228,-0.23269444444443366
2,S003_normal_s,normal,229,-0.23269444444443366
2,S003_normal_s,normal,230,-0.24769444444443778
2,S003_normal_s,normal,231,-0.24769444444443778
2,S003_normal_s,normal,232,-0.24769444444443778
2,S003_normal_s,normal,233,-0.24769444444443778
2,S003_normal_s,normal,234,-0.24769444444443778
2,S003_normal_s,normal,235,-0.26602777777777575
2,S003_normal_s,normal,236,-0.26602777777777575
2,S003_normal_s,normal,237,-0.26602777777777575
2,S003_normal_s,normal,238,-0.26602777777777575
2,S003_normal_s,normal,239,-0.26602777777777575
2,S003_normal_s,normal,240,-0.27269444444443636
2,S003_normal_s,normal,241,-0.27269444444443636
2,S003_normal_s,normal,242,-0.27269444444443636
2,S003_normal_s,normal,243,-0.27269444444443636
2,S003_normal_s,normal,244,-0.27269444444443636
2,S003_normal_s,normal,245,-0.2526944444444439
2,S003_normal_s,normal,246,-0.2526944444444439
2,S003_normal_s,normal,247,-0.2526944444444439
2,S003_normal_s,normal,248,-0.2526944444444439
2,S003_normal_s,normal,249,-0.2526944444444439
2,S003_normal_s,normal,250,-0.24436111111110748
2,S003_normal_s,normal,251,-0.24436111111110748
2,S003_normal_s,normal,252,-0.24436111111110748
2,S003_normal_s,normal,253,-0.24436111111110748
2,S003_normal_s,normal,254,-0.24436111111110748
2,S003_normal_s,normal,255,-0.22769444444443465
2,S003_normal_s,normal,256,-0.22769444444443465
2,S003_normal_s,normal,257,-0.22769444444443465
2,S003_normal_s,normal,258,-0.22769444444443465
2,S003_normal_s,normal,259,-0.22769444444443465
2,S003_normal_s,normal,260,-0.22769444444443465
2,S003_normal_s,normal,261,-0.22769444444443465
2,S003_normal_s,normal,262,-0.22769444444443465
2,S003_normal_s,normal,263,-0.22769444444443465
2,S003_normal_s,normal,264,-0.22769444444443465
2,S003_normal_s,normal,265,-0.21936111111110534
2,S003_normal_s,normal,266,-0.21936111111110534
2,S003_normal_s,normal,267,-0.21936111111110534
2,S003_normal_s,normal,268,-0.21936111111110534
2,S003_normal_s,normal,269,-0.21936111111110534
2,S003_normal_s,normal,270,-0.2093611111111109
2,S003_normal_s,normal,271,-0.2093611111111109
2,S003_normal_s,normal,272,-0.2093611111111109
2,S003_normal_s,normal,273,-0.2093611111111109
2,S003_normal_s,normal,274,-0.2093611111111109
2,S003_normal_s,normal,275,-0.16936111111110463
2,S003_normal_s,normal,276,-0.16936111111110463
2,S003_normal_s,normal,277,-0.16936111111110463
2,S003_normal_s,normal,278,-0.16936111111110463
2,S003_normal_s,normal,279,-0.16936111111110463
2,S003_normal_s,normal,280,-0.1010277777777695
2,S003_normal_s,normal,281,-0.1010277777777695
2,S003_normal_s,normal,282,-0.1010277777777695
2,S003_normal_s,normal,283,-0.1010277777777695
2,S003_normal_s,normal,284,-0.1010277777777695
2,S003_normal_s,normal,285,0.025638888888892097
2,S003_normal_s,normal,286,0.025638888888892097
2,S003_normal_s,normal,287,0.025638888888892097
2,S003_normal_s,normal,288,0.025638888888892097
2,S003_normal_s,normal,289,0.025638888888892097
2,S003_normal_s,normal,290,0.21230555555556307
2,S003_normal_s,normal,291,0.21230555555556307
2,S003_normal_s,normal,292,0.21230555555556307
2,S003_normal_s,normal,293,0.21230555555556307
2,S003_normal_s,normal,294,0.21230555555556307
2,S003_normal_s,normal,295,0.4639722222222247
2,S003_normal_s,normal,296,0.4639722222222247
2,S003_normal_s,normal,297,0.4639722222222247
2,S003_normal_s,normal,298,0.4639722222222247
2,S003_normal_s,normal,299,0.4639722222222247
2,S003_normal_s,normal,300,0.7639722222222289
2,S003_normal_s,normal,301,0.7639722222222289
2,S003_normal_s,normal,302,0.7639722222222289
2,S003_normal_s,normal,303,0.7639722222222289
2,S003_normal_s,normal,304,0.7639722222222289
2,S003_normal_s,normal,305,1.0806388888888954
2,S003_normal_s,normal,306,1.0806388888888954
2,S003_normal_s,normal,307,1.0806388888888954
2,S003_normal_s,normal,308,1.0806388888888954
2,S003_normal_s,normal,309,1.0806388888888954
2,S003_normal_s,normal,310,1.452305555555565
2,S003_normal_s,normal,311,1.452305555555565
2,S003_normal_s,normal,312,1.452305555555565
2,S003_normal_s,normal,313,1.452305555555565
2,S003_normal_s,normal,314,1.452305555555565
2,S003_normal_s,normal,315,1.8723055555555597
2,S003_normal_s,normal,316,1.8723055555555597
2,S003_normal_s,normal,317,1.8723055555555597
2,S003_normal_s,normal,318,1.8723055555555597
2,S003_normal_s,normal,319,1.8723055555555597
2,S003_normal_s,normal,320,2.3289722222222267
2,S003_normal_s,normal,321,2.3289722222222267
2,S003_normal_s,normal,322,2.3289722222222267
2,S003_normal_s,normal,323,2.3289722222222267
2,S003_normal_s,normal,324,2.3289722222222267
2,S003_normal_s,normal,325,2.8323055555555605
2,S003_normal_s,normal,326,2.8323055555555605
2,S003_normal_s,normal,327,2.8323055555555605
2,S003_normal_s,normal,328,2.8323055555555605
2,S003_normal_s,normal,329,2.8323055555555605
2,S003_normal_s,normal,330,3.367305555555557
2,S003_normal_s,normal,331,3.367305555555557
2,S003_normal_s,normal,332,3.367305555555557
2,S003_normal_s,normal,333,3.367305555555557
2,S003_normal_s,normal,334,3.367305555555557
2,S003_normal_s,normal,335,3.905638888888891
2,S003_normal_s,normal,336,3.905638888888891
2,S003_normal_s,normal,337,3.905638888888891
2,S003_normal_s,normal,338,3.905638888888891
2,S003_normal_s,normal,339,3.905638888888891
2,S003_normal_s,normal,340,4.433972222222227
2,S003_normal_s,normal,341,4.433972222222227
2,S003_normal_s,normal,342,4.433972222222227
2,S003_normal_s,normal,343,4.433972222222227
2,S003_normal_s,normal,344,4.433972222222227
2,S003_normal_s,normal,345,4.9523055555555615
2,S003_normal_s,normal,346,4.9523055555555615
2,S003_normal_s,normal,347,4.9523055555555615
2,S003_normal_s,normal,348,4.9523055555555615
2,S003_normal_s,normal,349,4.9523055555555615
2,S003_normal_s,normal,350,5.458972222222229
2,S003_normal_s,normal,351,5.458972222222229
2,S003_normal_s,normal,352,5.458972222222229
2,S003_normal_s,normal,353,5.458972222222229
2,S003_normal_s,normal,354,5.458972222222229
2,S003_normal_s,normal,355,5.93063888888889
2,S003_normal_s,normal,356,5.93063888888889
2,S003_normal_s,normal,357,5.93063888888889
2,S003_normal_s,normal,358,5.93063888888889
2,S003_normal_s,normal,359,5.93063888888889
2,S003_normal_s,normal,360,6.373972222222228
2,S003_normal_s,normal,361,6.373972222222228
2,S003_normal_s,normal,362,6.373972222222228
2,S003_normal_s,normal,363,6.373972222222228
2,S003_normal_s,normal,364,6.373972222222228
2,S003_normal_s,normal,365,6.8223055555555625
2,S003_normal_s,normal,366,6.8223055555555625
2,S003_normal_s,normal,367,6.8223055555555625
2,S003_normal_s,normal,368,6.8223055555555625
2,S003_normal_s,normal,369,6.8223055555555625
2,S003_normal_s,normal,370,7.22730555555556
2,S003_normal_s,normal,371,7.22730555555556
2,S003_normal_s,normal,372,7.22730555555556
2,S003_normal_s,normal,373,7.22730555555556
2,S003_normal_s,normal,374,7.22730555555556
2,S003_normal_s,normal,375,7.627305555555562
2,S003_normal_s,normal,376,7.627305555555562
2,S003_normal_s,normal,377,7.627305555555562
2,S003_normal_s,normal,378,7.627305555555562
2,S003_normal_s,normal,379,7.627305555555562
2,S003_normal_s,normal,380,8.022305555555558
2,S003_normal_s,normal,381,8.022305555555558
2,S003_normal_s,normal,382,8.022305555555558
2,S003_normal_s,normal,383,8.022305555555558
2,S003_normal_s,normal,384,8.022305555555558
2,S003_normal_s,normal,385,8.400638888888892
2,S003_normal_s,normal,386,8.400638888888892
2,S003_normal_s,normal,387,8.400638888888892
2,S003_normal_s,normal,388,8.400638888888892
2,S003_normal_s,normal,389,8.400638888888892
2,S003_normal_s,normal,390,8.76230555555556
2,S003_normal_s,normal,391,8.76230555555556
2,S003_normal_s,normal,392,8.76230555555556
2,S003_normal_s,normal,393,8.76230555555556
2,S003_normal_s,normal,394,8.76230555555556
2,S003_normal_s,normal,395,9.133972222222223
2,S003_normal_s,normal,396,9.133972222222223
2,S003_normal_s,normal,397,9.133972222222223
2,S003_normal_s,normal,398,9.133972222222223
2,S003_normal_s,normal,399,9.133972222222223
2,S003_normal_s,normal,400,9.47730555555556
2,S003_normal_s,normal,401,9.47730555555556
2,S003_normal_s,normal,402,9.47730555555556
2,S003_normal_s,normal,403,9.47730555555556
2,S003_normal_s,normal,404,9.47730555555556
2,S003_normal_s,normal,405,9.815638888888888
2,S003_normal_s,normal,406,9.815638888888888
2,S003_normal_s,normal,407,9.815638888888888
2,S003_normal_s,normal,408,9.815638888888888
2,S003_normal_s,normal,409,9.815638888888888
2,S003_normal_s,normal,410,10.130638888888896
2,S003_normal_s,normal,411,10.130638888888896
2,S003_normal_s,normal,412,10.130638888888896
2,S003_normal_s,normal,413,10.130638888888896
2,S003_normal_s,normal,414,10.130638888888896
2,S003_normal_s,normal,415,10.417305555555565
2,S003_normal_s,normal,416,10.417305555555565
2,S003_normal_s,normal,417,10.417305555555565
2,S003_normal_s,normal,418,10.417305555555565
2,S003_normal_s,normal,419,10.417305555555565
2,S003_normal_s,normal,420,10.717305555555562
2,S003_normal_s,normal,421,10.717305555555562
2,S003_normal_s,normal,422,10.717305555555562
2,S003_normal_s,normal,423,10.717305555555562
2,S003_normal_s,normal,424,10.717305555555562
2,S003_normal_s,normal,425,11.003972222222231
2,S003_normal_s,normal,426,11.003972222222231
2,S003_normal_s,normal,427,11.003972222222231
2,S003_normal_s,normal,428,11.003972222222231
2,S003_normal_s,normal,429,11.003972222222231
2,S003_normal_s,normal,430,11.303972222222228
2,S003_normal_s,normal,431,11.303972222222228
2,S003_normal_s,normal,432,11.303972222222228
2,S003_normal_s,normal,433,11.303972222222228
2,S003_normal_s,normal,434,11.303972222222228
2,S003_normal_s,normal,435,11.577305555555554
2,S003_normal_s,normal,436,11.577305555555554
2,S003_normal_s,normal,437,11.577305555555554
2,S003_normal_s,normal,438,11.577305555555554
2,S003_normal_s,normal,439,11.577305555555554
2,S003_normal_s,normal,440,11.835638888888894
2,S003_normal_s,normal,441,11.835638888888894
2,S003_normal_s,normal,442,11.835638888888894
2,S003_normal_s,normal,443,11.835638888888894
2,S003_normal_s,normal,444,11.835638888888894
2,S003_normal_s,normal,445,12.070638888888887
2,S003_normal_s,normal,446,12.070638888888887
2,S003_normal_s,normal,447,12.070638888888887
2,S003_normal_s,normal,448,12.070638888888887
2,S003_normal_s,normal,449,12.070638888888887
2,S003_normal_s,normal,450,12.320638888888887
2,S003_normal_s,normal,451,12.320638888888887
2,S003_normal_s,normal,452,12.320638888888887
2,S003_normal_s,normal,453,12.320638888888887
2,S003_normal_s,normal,454,12.320638888888887
2,S003_normal_s,normal,455,12.538972222222228
2,S003_normal_s,normal,456,12.538972222222228
2,S003_normal_s,normal,457,12.538972222222228
2,S003_normal_s,normal,458,12.538972222222228
2,S003_normal_s,normal,459,12.538972222222228
2,S003_normal_s,normal,460,12.760638888888892
2,S003_normal_s,normal,461,12.760638888888892
2,S003_normal_s,normal,462,12.760638888888892
2,S003_normal_s,normal,463,12.760638888888892
2,S003_normal_s,normal,464,12.760638888888892
2,S003_normal_s,normal,465,12.943972222222222
2,S003_normal_s,normal,466,12.943972222222222
2,S003_normal_s,normal,467,12.943972222222222
2,S003_normal_s,normal,468,12.943972222222222
2,S003_normal_s,normal,469,12.943972222222222
2,S003_normal_s,normal,470,13.148972222222227
2,S003_normal_s,normal,471,13.148972222222227
2,S003_normal_s,normal,472,13.148972222222227
2,S003_normal_s,normal,473,13.148972222222227
2,S003_normal_s,normal,474,13.148972222222227
2,S003_normal_s,normal,475,13.368972222222226
2,S003_normal_s,normal,476,13.368972222222226
2,S003_normal_s,normal,477,13.368972222222226
2,S003_normal_s,normal,478,13.368972222222226
2,S003_normal_s,normal,479,13.368972222222226
2,S003_normal_s,normal,480,13.567305555555556
2,S003_normal_s,normal,481,13.567305555555556
2,S003_normal_s,normal,482,13.567305555555556
2,S003_normal_s,normal,483,13.567305555555556
2,S003_normal_s,normal,484,13.567305555555556
2,S003_normal_s,normal,485,13.750638888888894
2,S003_normal_s,normal,486,13.750638888888894
2,S003_normal_s,normal,487,13.750638888888894
2,S003_normal_s,normal,488,13.750638888888894
2,S003_normal_s,normal,489,13.750638888888894
2,S003_normal_s,normal,490,13.925638888888898
2,S003_normal_s,normal,491,13.925638888888898
2,S003_normal_s,normal,492,13.925638888888898
2,S003_normal_s,normal,493,13.925638888888898
2,S003_normal_s,normal,494,13.925638888888898
2,S003_normal_s,normal,495,14.078972222222227
2,S003_normal_s,normal,496,14.078972222222227
2,S003_normal_s,normal,497,14.078972222222227
2,S003_normal_s,normal,498,14.078972222222227
2,S003_normal_s,normal,499,14.078972222222227
2,S003_normal_s,normal,500,14.2356388888889
2,S003_normal_s,normal,501,14.2356388888889
2,S003_normal_s,normal,502,14.2356388888889
2,S003_normal_s,normal,503,14.2356388888889
2,S003_normal_s,normal,504,14.2356388888889
2,S003_normal_s,normal,505,14.402305555555571
2,S003_normal_s,normal,506,14.402305555555571
2,S003_normal_s,normal,507,14.402305555555571
2,S003_normal_s,normal,508,14.402305555555571
2,S003_normal_s,normal,509,14.402305555555571
2,S003_normal_s,normal,510,14.54230555555555
2,S003_normal_s,normal,511,14.54230555555555
2,S003_normal_s,normal,512,14.54230555555555
2,S003_normal_s,normal,513,14.54230555555555
2,S003_normal_s,normal,514,14.54230555555555
2,S003_normal_s,normal,515,14.683972222222224
2,S003_normal_s,normal,516,14.683972222222224
2,S003_normal_s,normal,517,14.683972222222224
2,S003_normal_s,normal,518,14.683972222222224
2,S003_normal_s,normal,519,14.683972222222224
2,S003_normal_s,normal,520,14.843972222222227
2,S003_normal_s,normal,521,14.843972222222227
2,S003_normal_s,normal,522,14.843972222222227
2,S003_normal_s,normal,523,14.843972222222227
2,S003_normal_s,normal,524,14.843972222222227
2,S003_normal_s,normal,525,15.008972222222226
2,S003_normal_s,normal,526,15.008972222222226
2,S003_normal_s,normal,527,15.008972222222226
2,S003_normal_s,normal,528,15.008972222222226
2,S003_normal_s,normal,529,15.008972222222226
2,S003_normal_s,normal,530,15.143972222222231
2,S003_normal_s,normal,531,15.143972222222231
2,S003_normal_s,normal,532,15.143972222222231
2,S003_normal_s,normal,533,15.143972222222231
2,S003_normal_s,normal,534,15.143972222222231
2,S003_normal_s,normal,535,15.258972222222233
2,S003_normal_s,normal,536,15.258972222222233
2,S003_normal_s,normal,537,15.258972222222233
2,S003_normal_s,normal,538,15.258972222222233
2,S003_normal_s,normal,539,15.258972222222233
2,S003_normal_s,normal,540,15.380638888888903
2,S003_normal_s,normal,541,15.380638888888903
2,S003_normal_s,normal,542,15.380638888888903
2,S003_normal_s,normal,543,15.380638888888903
2,S003_normal_s,normal,544,15.380638888888903
2,S003_normal_s,normal,545,15.492305555555568
2,S003_normal_s,normal,546,15.492305555555568
2,S003_normal_s,normal,547,15.492305555555568
2,S003_normal_s,normal,548,15.492305555555568
2,S003_normal_s,normal,549,15.492305555555568
2,S003_normal_s,normal,550,15.605638888888905
2,S003_normal_s,normal,551,15.605638888888905
2,S003_normal_s,normal,552,15.605638888888905
2,S003_normal_s,normal,553,15.605638888888905
2,S003_normal_s,normal,554,15.605638888888905
2,S003_normal_s,normal,555,15.722305555555572
2,S003_normal_s,normal,556,15.722305555555572
2,S003_normal_s,normal,557,15.722305555555572
2,S003_normal_s,normal,558,15.722305555555572
2,S003_normal_s,normal,559,15.722305555555572
2,S003_normal_s,normal,560,15.842305555555555
2,S003_normal_s,normal,561,15.842305555555555
2,S003_normal_s,normal,562,15.842305555555555
2,S003_normal_s,normal,563,15.842305555555555
2,S003_normal_s,normal,564,15.842305555555555
2,S003_normal_s,normal,565,15.947305555555566
2,S003_normal_s,normal,566,15.947305555555566
2,S003_normal_s,normal,567,15.947305555555566
2,S003_normal_s,normal,568,15.947305555555566
2,S003_normal_s,normal,569,15.947305555555566
2,S003_normal_s,normal,570,16.06063888888889
2,S003_normal_s,normal,571,16.06063888888889
2,S003_normal_s,normal,572,16.06063888888889
2,S003_normal_s,normal,573,16.06063888888889
2,S003_normal_s,normal,574,16.06063888888889
2,S003_normal_s,normal,575,16.15897222222224
2,S003_normal_s,normal,576,16.15897222222224
2,S003_normal_s,normal,577,16.15897222222224
2,S003_normal_s,normal,578,16.15897222222224
2,S003_normal_s,normal,579,16.15897222222224
2,S003_normal_s,normal,580,16.227305555555553
2,S003_normal_s,normal,581,16.227305555555553
2,S003_normal_s,normal,582,16.227305555555553
2,S003_normal_s,normal,583,16.227305555555553
2,S003_normal_s,normal,584,16.227305555555553
2,S003_normal_s,normal,585,16.305638888888893
2,S003_normal_s,normal,586,16.305638888888893
2,S003_normal_s,normal,587,16.305638888888893
2,S003_normal_s,normal,588,16.305638888888893
2,S003_normal_s,normal,589,16.305638888888893
2,S003_normal_s,normal,590,16.387305555555557
2,S003_normal_s,normal,591,16.387305555555557
2,S003_normal_s,normal,592,16.387305555555557
2,S003_normal_s,normal,593,16.387305555555557
2,S003_normal_s,normal,594,16.387305555555557
2,S003_normal_s,normal,595,16.470638888888885
2,S003_normal_s,normal,596,16.470638888888885
2,S003_normal_s,normal,597,16.470638888888885
2,S003_normal_s,normal,598,16.470638888888885
2,S003_normal_s,normal,599,16.470638888888885
2,S003_normal_s,normal,600,16.537305555555562
2,S003_normal_s,normal,601,16.537305555555562
2,S003_normal_s,normal,602,16.537305555555562
2,S003_normal_s,normal,603,16.537305555555562
2,S003_normal_s,normal,604,16.537305555555562
2,S003_normal_s,normal,605,16.62230555555557
2,S003_normal_s,normal,606,16.62230555555557
2,S003_normal_s,normal,607,16.62230555555557
2,S003_normal_s,normal,608,16.62230555555557
2,S003_normal_s,normal,609,16.62230555555557
2,S003_normal_s,normal,610,16.697305555555552
2,S003_normal_s,normal,611,16.697305555555552
2,S003_normal_s,normal,612,16.697305555555552
2,S003_normal_s,normal,613,16.697305555555552
2,S003_normal_s,normal,614,16.697305555555552
2,S003_normal_s,normal,615,16.772305555555562
2,S003_normal_s,normal,616,16.772305555555562
2,S003_normal_s,normal,617,16.772305555555562
2,S003_normal_s,normal,618,16.772305555555562
2,S003_normal_s,normal,619,16.772305555555562
2,S003_normal_s,normal,620,16.83397222222223
2,S003_normal_s,normal,621,16.83397222222223
2,S003_normal_s,normal,622,16.83397222222223
2,S003_normal_s,normal,623,16.83397222222223
2,S003_normal_s,normal,624,16.83397222222223
2,S003_normal_s,normal,625,16.900638888888892
2,S003_normal_s,normal,626,16.900638888888892
2,S003_normal_s,normal,627,16.900638888888892
2,S003_normal_s,normal,628,16.900638888888892
2,S003_normal_s,normal,629,16.900638888888892
2,S003_normal_s,normal,630,16.955638888888892
2,S003_normal_s,normal,631,16.955638888888892
2,S003_normal_s,normal,632,16.955638888888892
2,S003_normal_s,normal,633,16.955638888888892
2,S003_normal_s,normal,634,16.955638888888892
2,S003_normal_s,normal,635,17.03230555555556
2,S003_normal_s,normal,636,17.03230555555556
2,S003_normal_s,normal,637,17.03230555555556
2,S003_normal_s,normal,638,17.03230555555556
2,S003_normal_s,normal,639,17.03230555555556
2,S003_normal_s,normal,640,17.100638888888902
2,S003_normal_s,normal,641,17.100638888888902
2,S003_normal_s,normal,642,17.100638888888902
2,S003_normal_s,normal,643,17.100638888888902
2,S003_normal_s,normal,644,17.100638888888902
2,S003_normal_s,normal,645,17.160638888888897
2,S003_normal_s,normal,646,17.160638888888897
2,S003_normal_s,normal,647,17.160638888888897
2,S003_normal_s,normal,648,17.160638888888897
2,S003_normal_s,normal,649,17.160638888888897
2,S003_normal_s,normal,650,17.208972222222222
2,S003_normal_s,normal,651,17.208972222222222
2,S003_normal_s,normal,652,17.208972222222222
2,S003_normal_s,normal,653,17.208972222222222
2,S003_normal_s,normal,654,17.208972222222222
2,S003_normal_s,normal,655,17.26730555555556
2,S003_normal_s,normal,656,17.26730555555556
2,S003_normal_s,normal,657,17.26730555555556
2,S003_normal_s,normal,658,17.26730555555556
2,S003_normal_s,normal,659,17.26730555555556
2,S003_normal_s,normal,660,17.317305555555556
2,S003_normal_s,normal,661,17.317305555555556
2,S003_normal_s,normal,662,17.317305555555556
2,S003_normal_s,normal,663,17.317305555555556
2,S003_normal_s,normal,664,17.317305555555556
2,S003_normal_s,normal,665,17.365638888888903
2,S003_normal_s,normal,666,17.365638888888903
2,S003_normal_s,normal,667,17.365638888888903
2,S003_normal_s,normal,668,17.365638888888903
2,S003_normal_s,normal,669,17.365638888888903
2,S003_normal_s,normal,670,17.402305555555557
2,S003_normal_s,normal,671,17.402305555555557
2,S003_normal_s,normal,672,17.402305555555557
2,S003_normal_s,normal,673,17.402305555555557
2,S003_normal_s,normal,674,17.402305555555557
2,S003_normal_s,normal,675,17.44397222222222
2,S003_normal_s,normal,676,17.44397222222222
2,S003_normal_s,normal,677,17.44397222222222
2,S003_normal_s,normal,678,17.44397222222222
2,S003_normal_s,normal,679,17.44397222222222
2,S003_normal_s,normal,680,17.48230555555555
2,S003_normal_s,normal,681,17.48230555555555
2,S003_normal_s,normal,682,17.48230555555555
2,S003_normal_s,normal,683,17.48230555555555
2,S003_normal_s,normal,684,17.48230555555555
2,S003_normal_s,normal,685,17.51730555555556
2,S003_normal_s,normal,686,17.51730555555556
2,S003_normal_s,normal,687,17.51730555555556
2,S003_normal_s,normal,688,17.51730555555556
2,S003_normal_s,normal,689,17.51730555555556
2,S003_normal_s,normal,690,17.56563888888889
2,S003_normal_s,normal,691,17.56563888888889
2,S003_normal_s,normal,692,17.56563888888889
2,S003_normal_s,normal,693,17.56563888888889
2,S003_normal_s,normal,694,17.56563888888889
2,S003_normal_s,normal,695,17.600638888888902
2,S003_normal_s,normal,696,17.600638888888902
2,S003_normal_s,normal,697,17.600638888888902
2,S003_normal_s,normal,698,17.600638888888902
2,S003_normal_s,normal,699,17.600638888888902
2,S003_normal_s,normal,700,17.65397222222223
2,S003_normal_s,normal,701,17.65397222222223
2,S003_normal_s,normal,702,17.65397222222223
2,S003_normal_s,normal,703,17.65397222222223
2,S003_normal_s,normal,704,17.65397222222223
2,S003_normal_s,normal,705,17.695638888888894
2,S003_normal_s,normal,706,17.695638888888894
2,S003_normal_s,normal,707,17.695638888888894
2,S003_normal_s,normal,708,17.695638888888894
2,S003_normal_s,normal,709,17.695638888888894
2,S003_normal_s,normal,710,17.733972222222235
2,S003_normal_s,normal,711,17.733972222222235
2,S003_normal_s,normal,712,17.733972222222235
2,S003_normal_s,normal,713,17.733972222222235
2,S003_normal_s,normal,714,17.733972222222235
2,S003_normal_s,normal,715,17.7806388888889
2,S003_normal_s,normal,716,17.7806388888889
2,S003_normal_s,normal,717,17.7806388888889
2,S003_normal_s,normal,718,17.7806388888889
2,S003_normal_s,normal,719,17.7806388888889
2,S003_normal_s,normal,720,17.828972222222227
2,S003_normal_s,normal,721,17.828972222222227
2,S003_normal_s,normal,722,17.828972222222227
2,S003_normal_s,normal,723,17.828972222222227
2,S003_normal_s,normal,724,17.828972222222227
2,S003_normal_s,normal,725,17.857305555555563
2,S003_normal_s,normal,726,17.857305555555563
2,S003_normal_s,normal,727,17.857305555555563
2,S003_normal_s,normal,728,17.857305555555563
2,S003_normal_s,normal,729,17.857305555555563
2,S003_normal_s,normal,730,17.908972222222225
2,S003_normal_s,normal,731,17.908972222222225
2,S003_normal_s,normal,732,17.908972222222225
2,S003_normal_s,normal,733,17.908972222222225
2,S003_normal_s,normal,734,17.908972222222225
2,S003_normal_s,normal,735,17.943972222222214
2,S003_normal_s,normal,736,17.943972222222214
2,S003_normal_s,normal,737,17.943972222222214
2,S003_normal_s,normal,738,17.943972222222214
2,S003_normal_s,normal,739,17.943972222222214
2,S003_normal_s,normal,740,17.987305555555572
2,S003_normal_s,normal,741,17.987305555555572
2,S003_normal_s,normal,742,17.987305555555572
2,S003_normal_s,normal,743,17.987305555555572
2,S003_normal_s,normal,744,17.987305555555572
2,S003_normal_s,normal,745,18.030638888888888
2,S003_normal_s,normal,746,18.030638888888888
2,S003_normal_s,normal,747,18.030638888888888
2,S003_normal_s,normal,748,18.030638888888888
2,S003_normal_s,normal,749,18.030638888888888
2,S003_normal_s,normal,750,18.053972222222228
2,S003_normal_s,normal,751,18.053972222222228
2,S003_normal_s,normal,752,18.053972222222228
2,S003_normal_s,normal,753,18.053972222222228
2,S003_normal_s,normal,754,18.053972222222228
2,S003_normal_s,normal,755,18.065638888888884
2,S003_normal_s,normal,756,18.065638888888884
2,S003_normal_s,normal,757,18.065638888888884
2,S003_normal_s,normal,758,18.065638888888884
2,S003_normal_s,normal,759,18.065638888888884
2,S003_normal_s,normal,760,18.07063888888888
2,S003_normal_s,normal,761,18.07063888888888
2,S003_normal_s,normal,762,18.07063888888888
2,S003_normal_s,normal,763,18.07063888888888
2,S003_normal_s,normal,764,18.07063888888888
2,S003_normal_s,normal,765,18.080638888888885
2,S003_normal_s,normal,766,18.080638888888885
2,S003_normal_s,normal,767,18.080638888888885
2,S003_normal_s,normal,768,18.080638888888885
2,S003_normal_s,normal,769,18.080638888888885
2,S003_normal_s,normal,770,18.10730555555555
2,S003_normal_s,normal,771,18.10730555555555
2,S003_normal_s,normal,772,18.10730555555555
2,S003_normal_s,normal,773,18.10730555555555
2,S003_normal_s,normal,774,18.10730555555555
2,S003_normal_s,normal,775,18.105638888888897
2,S003_normal_s,normal,776,18.105638888888897
2,S003_normal_s,normal,777,18.105638888888897
2,S003_normal_s,normal,778,18.105638888888897
2,S003_normal_s,normal,779,18.105638888888897
2,S003_normal_s,normal,780,18.118972222222226
2,S003_normal_s,normal,781,18.118972222222226
2,S003_normal_s,normal,782,18.118972222222226
2,S003_normal_s,normal,783,18.118972222222226
2,S003_normal_s,normal,784,18.118972222222226
2,S003_normal_s,normal,785,18.133972222222233
2,S003_normal_s,normal,786,18.133972222222233
2,S003_normal_s,normal,787,18.133972222222233
2,S003_normal_s,normal,788,18.133972222222233
2,S003_normal_s,normal,789,18.133972222222233
2,S003_normal_s,normal,790,18.15397222222223
2,S003_normal_s,normal,791,18.15397222222223
2,S003_normal_s,normal,792,18.15397222222223
2,S003_normal_s,normal,793,18.15397222222223
2,S003_normal_s,normal,794,18.15397222222223
2,S003_normal_s,normal,795,18.172305555555553
2,S003_normal_s,normal,796,18.172305555555553
2,S003_normal_s,normal,797,18.172305555555553
2,S003_normal_s,normal,798,18.172305555555553
2,S003_normal_s,normal,799,18.172305555555553
2,S003_normal_s,normal,800,18.178972222222228
2,S003_normal_s,normal,801,18.178972222222228
2,S003_normal_s,normal,802,18.178972222222228
2,S003_normal_s,normal,803,18.178972222222228
2,S003_normal_s,normal,804,18.178972222222228
2,S003_normal_s,normal,805,18.188972222222226
2,S003_normal_s,normal,806,18.188972222222226
2,S003_normal_s,normal,807,18.188972222222226
2,S003_normal_s,normal,808,18.188972222222226
2,S003_normal_s,normal,809,18.188972222222226
2,S003_normal_s,normal,810,18.19897222222223
2,S003_normal_s,normal,811,18.19897222222223
2,S003_normal_s,normal,812,18.19897222222223
2,S003_normal_s,normal,813,18.19897222222223
2,S003_normal_s,normal,814,18.19897222222223
2,S003_normal_s,normal,815,18.220638888888892
2,S003_normal_s,normal,816,18.220638888888892
2,S003_normal_s,normal,817,18.220638888888892
2,S003_normal_s,normal,818,18.220638888888892
2,S003_normal_s,normal,819,18.220638888888892
2,S003_normal_s,normal,820,18.24230555555556
2,S003_normal_s,normal,821,18.24230555555556
2,S003_normal_s,normal,822,18.24230555555556
2,S003_normal_s,normal,823,18.24230555555556
2,S003_normal_s,normal,824,18.24230555555556
2,S003_normal_s,normal,825,18.26063888888889
2,S003_normal_s,normal,826,18.26063888888889
2,S003_normal_s,normal,827,18.26063888888889
2,S003_normal_s,normal,828,18.26063888888889
2,S003_normal_s,normal,829,18.26063888888889
2,S003_normal_s,normal,830,18.277305555555557
2,S003_normal_s,normal,831,18.277305555555557
2,S003_normal_s,normal,832,18.277305555555557
2,S003_normal_s,normal,833,18.277305555555557
2,S003_normal_s,normal,834,18.277305555555557
2,S003_normal_s,normal,835,18.30730555555555
2,S003_normal_s,normal,836,18.30730555555555
2,S003_normal_s,normal,837,18.30730555555555
2,S003_normal_s,normal,838,18.30730555555555
2,S003_normal_s,normal,839,18.30730555555555
2,S003_normal_s,normal,840,18.320638888888887
2,S003_normal_s,normal,841,18.320638888888887
2,S003_normal_s,normal,842,18.320638888888887
2,S003_normal_s,normal,843,18.320638888888887
2,S003_normal_s,normal,844,18.320638888888887
2,S003_normal_s,normal,845,18.34730555555557
2,S003_normal_s,normal,846,18.34730555555557
2,S003_normal_s,normal,847,18.34730555555557
2,S003_normal_s,normal,848,18.34730555555557
2,S003_normal_s,normal,849,18.34730555555557
2,S003_normal_s,normal,850,18.335638888888887
2,S003_normal_s,normal,851,18.335638888888887
2,S003_normal_s,normal,852,18.335638888888887
2,S003_normal_s,normal,853,18.335638888888887
2,S003_normal_s,normal,854,18.335638888888887
2,S003_normal_s,normal,855,18.34730555555557
2,S003_normal_s,normal,856,18.34730555555557
2,S003_normal_s,normal,857,18.34730555555557
2,S003_normal_s,normal,858,18.34730555555557
2,S003_normal_s,normal,859,18.34730555555557
2,S003_normal_s,normal,860,18.36563888888889
2,S003_normal_s,normal,861,18.36563888888889
2,S003_normal_s,normal,862,18.36563888888889
2,S003_normal_s,normal,863,18.36563888888889
2,S003_normal_s,normal,864,18.36563888888889
2,S003_normal_s,normal,865,18.38563888888889
2,S003_normal_s,normal,866,18.38563888888889
2,S003_normal_s,normal,867,18.38563888888889
2,S003_normal_s,normal,868,18.38563888888889
2,S003_normal_s,normal,869,18.38563888888889
2,S003_normal_s,normal,870,18.40230555555555
2,S003_normal_s,normal,871,18.40230555555555
2,S003_normal_s,normal,872,18.40230555555555
2,S003_normal_s,normal,873,18.40230555555555
2,S003_normal_s,normal,874,18.40230555555555
2,S003_normal_s,normal,875,18.420638888888895
2,S003_normal_s,normal,876,18.420638888888895
2,S003_normal_s,normal,877,18.420638888888895
2,S003_normal_s,normal,878,18.420638888888895
2,S003_normal_s,normal,879,18.420638888888895
2,S003_normal_s,normal,880,18.422305555555567
2,S003_normal_s,normal,881,18.422305555555567
2,S003_normal_s,normal,882,18.422305555555567
2,S003_normal_s,normal,883,18.422305555555567
2,S003_normal_s,normal,884,18.422305555555567
2,S003_normal_s,normal,885,18.433972222222224
2,S003_normal_s,normal,886,18.433972222222224
2,S003_normal_s,normal,887,18.433972222222224
2,S003_normal_s,normal,888,18.433972222222224
2,S003_normal_s,normal,889,18.433972222222224
2,S003_normal_s,normal,890,18.44730555555556
2,S003_normal_s,normal,891,18.44730555555556
2,S003_normal_s,normal,892,18.44730555555556
2,S003_normal_s,normal,893,18.44730555555556
2,S003_normal_s,normal,894,18.44730555555556
2,S003_normal_s,normal,895,18.457305555555557
2,S003_normal_s,normal,896,18.457305555555557
2,S003_normal_s,normal,897,18.457305555555557
2,S003_normal_s,normal,898,18.457305555555557
2,S003_normal_s,normal,899,18.457305555555557
2,S003_normal_s,normal,900,18.467305555555548
2,S003_normal_s,normal,901,18.467305555555548
2,S003_normal_s,normal,902,18.467305555555548
2,S003_normal_s,normal,903,18.467305555555548
2,S003_normal_s,normal,904,18.467305555555548
2,S003_normal_s,normal,905,18.47230555555555
2,S003_normal_s,normal,906,18.47230555555555
2,S003_normal_s,normal,907,18.47230555555555
2,S003_normal_s,normal,908,18.47230555555555
2,S003_normal_s,normal,909,18.47230555555555
2,S003_normal_s,normal,910,18.488972222222223
2,S003_normal_s,normal,911,18.488972222222223
2,S003_normal_s,normal,912,18.488972222222223
2,S003_normal_s,normal,913,18.488972222222223
2,S003_normal_s,normal,914,18.488972222222223
2,S003_normal_s,normal,915,18.503972222222238
2,S003_normal_s,normal,916,18.503972222222238
2,S003_normal_s,normal,917,18.503972222222238
2,S003_normal_s,normal,918,18.503972222222238
2,S003_normal_s,normal,919,18.503972222222238
2,S003_normal_s,normal,920,18.50897222222222
2,S003_normal_s,normal,921,18.50897222222222
2,S003_normal_s,normal,922,18.50897222222222
2,S003_normal_s,normal,923,18.50897222222222
2,S003_normal_s,normal,924,18.50897222222222
2,S003_normal_s,normal,925,18.503972222222224
2,S003_normal_s,normal,926,18.503972222222224
2,S003_normal_s,normal,927,18.503972222222224
2,S003_normal_s,normal,928,18.503972222222224
2,S003_normal_s,normal,929,18.503972222222224
2,S003_normal_s,normal,930,18.51397222222223
2,S003_normal_s,normal,931,18.51397222222223
2,S003_normal_s,normal,932,18.51397222222223
2,S003_normal_s,normal,933,18.51397222222223
2,S003_normal_s,normal,934,18.51397222222223
2,S003_normal_s,normal,935,18.52063888888889
2,S003_normal_s,normal,936,18.52063888888889
2,S003_normal_s,normal,937,18.52063888888889
2,S003_normal_s,normal,938,18.52063888888889
2,S003_normal_s,normal,939,18.52063888888889
2,S003_normal_s,normal,940,18.53230555555556
2,S003_normal_s,normal,941,18.53230555555556
2,S003_normal_s,normal,942,18.53230555555556
2,S003_normal_s,normal,943,18.53230555555556
2,S003_normal_s,normal,944,18.53230555555556
2,S003_normal_s,normal,945,18.522305555555555
2,S003_normal_s,normal,946,18.522305555555555
2,S003_normal_s,normal,947,18.522305555555555
2,S003_normal_s,normal,948,18.522305555555555
2,S003_normal_s,normal,949,18.522305555555555
2,S003_normal_s,normal,950,18.527305555555564
2,S003_normal_s,normal,951,18.527305555555564
2,S003_normal_s,normal,952,18.527305555555564
2,S003_normal_s,normal,953,18.527305555555564
2,S003_normal_s,normal,954,18.527305555555564
2,S003_normal_s,normal,955,18.523972222222227
2,S003_normal_s,normal,956,18.523972222222227
2,S003_normal_s,normal,957,18.523972222222227
2,S003_normal_s,normal,958,18.523972222222227
2,S003_normal_s,normal,959,18.523972222222227
2,S003_normal_s,normal,960,18.525638888888892
2,S003_normal_s,normal,961,18.525638888888892
2,S003_normal_s,normal,962,18.525638888888892
2,S003_normal_s,normal,963,18.525638888888892
2,S003_normal_s,normal,964,18.525638888888892
2,S003_normal_s,normal,965,18.530638888888895
2,S003_normal_s,normal,966,18.530638888888895
2,S003_normal_s,normal,967,18.530638888888895
2,S003_normal_s,normal,968,18.530638888888895
2,S003_normal_s,normal,969,18.530638888888895
2,S003_normal_s,normal,970,18.53230555555556
2,S003_normal_s,normal,971,18.53230555555556
2,S003_normal_s,normal,972,18.53230555555556
2,S003_normal_s,normal,973,18.53230555555556
2,S003_normal_s,normal,974,18.53230555555556
2,S003_normal_s,normal,975,18.530638888888895
2,S003_normal_s,normal,976,18.530638888888895
2,S003_normal_s,normal,977,18.530638888888895
2,S003_normal_s,normal,978,18.530638888888895
2,S003_normal_s,normal,979,18.530638888888895
2,S003_normal_s,normal,980,18.532305555555553
2,S003_normal_s,normal,981,18.532305555555553
2,S003_normal_s,normal,982,18.532305555555553
2,S003_normal_s,normal,983,18.532305555555553
2,S003_normal_s,normal,984,18.532305555555553
2,S003_normal_s,normal,985,18.542305555555565
2,S003_normal_s,normal,986,18.542305555555565
2,S003_normal_s,normal,987,18.542305555555565
2,S003_normal_s,normal,988,18.542305555555565
2,S003_normal_s,normal,989,18.542305555555565
2,S003_normal_s,normal,990,18.533972222222232
2,S003_normal_s,normal,991,18.533972222222232
2,S003_normal_s,normal,992,18.533972222222232
2,S003_normal_s,normal,993,18.533972222222232
2,S003_normal_s,normal,994,18.533972222222232
2,S003_normal_s,normal,995,18.532305555555553
2,S003_normal_s,normal,996,18.532305555555553
2,S003_normal_s,normal,997,18.532305555555553
2,S003_normal_s,normal,998,18.532305555555553
2,S003_normal_s,normal,999,18.532305555555553
2,S003_normal_s,normal,1000,18.547305555555567
2,S003_normal_s,normal,1001,18.547305555555567
2,S003_normal_s,normal,1002,18.547305555555567
2,S003_normal_s,normal,1003,18.547305555555567
2,S003_normal_s,normal,1004,18.547305555555567
2,S003_normal_s,normal,1005,18.578972222222227
2,S003_normal_s,normal,1006,18.578972222222227
2,S003_normal_s,normal,1007,18.578972222222227
2,S003_normal_s,normal,1008,18.578972222222227
2,S003_normal_s,normal,1009,18.578972222222227
2,S003_normal_s,normal,1010,18.573972222222224
2,S003_normal_s,normal,1011,18.573972222222224
2,S003_normal_s,normal,1012,18.573972222222224
2,S003_normal_s,normal,1013,18.573972222222224
2,S003_normal_s,normal,1014,18.573972222222224
2,S003_normal_s,normal,1015,18.587305555555552
2,S003_normal_s,normal,1016,18.587305555555552
2,S003_normal_s,normal,1017,18.587305555555552
2,S003_normal_s,normal,1018,18.587305555555552
2,S003_normal_s,normal,1019,18.587305555555552
2,S003_normal_s,normal,1020,18.600638888888888
2,S003_normal_s,normal,1021,18.600638888888888
2,S003_normal_s,normal,1022,18.600638888888888
2,S003_normal_s,normal,1023,18.600638888888888
2,S003_normal_s,normal,1024,18.600638888888888
2,S003_normal_s,normal,1025,18.612305555555565
2,S003_normal_s,normal,1026,18.612305555555565
2,S003_normal_s,normal,1027,18.612305555555565
2,S003_normal_s,normal,1028,18.612305555555565
2,S003_normal_s,normal,1029,18.612305555555565
2,S003_normal_s,normal,1030,18.625638888888894
2,S003_normal_s,normal,1031,18.625638888888894
2,S003_normal_s,normal,1032,18.625638888888894
2,S003_normal_s,normal,1033,18.625638888888894
2,S003_normal_s,normal,1034,18.625638888888894
2,S003_normal_s,normal,1035,18.633972222222233
2,S003_normal_s,normal,1036,18.633972222222233
2,S003_normal_s,normal,1037,18.633972222222233
2,S003_normal_s,normal,1038,18.633972222222233
2,S003_normal_s,normal,1039,18.633972222222233
2,S003_normal_s,normal,1040,18.623972222222235
2,S003_normal_s,normal,1041,18.623972222222235
2,S003_normal_s,normal,1042,18.623972222222235
2,S003_normal_s,normal,1043,18.623972222222235
2,S003_normal_s,normal,1044,18.623972222222235
2,S003_normal_s,normal,1045,18.63397222222224
2,S003_normal_s,normal,1046,18.63397222222224
2,S003_normal_s,normal,1047,18.63397222222224
2,S003_normal_s,normal,1048,18.63397222222224
2,S003_normal_s,normal,1049,18.63397222222224
2,S003_normal_s,normal,1050,18.658972222222225
2,S003_normal_s,normal,1051,18.658972222222225
2,S003_normal_s,normal,1052,18.658972222222225
2,S003_normal_s,normal,1053,18.658972222222225
2,S003_normal_s,normal,1054,18.658972222222225
2,S003_normal_s,normal,1055,18.67230555555556
2,S003_normal_s,normal,1056,18.67230555555556
2,S003_normal_s,normal,1057,18.67230555555556
2,S003_normal_s,normal,1058,18.67230555555556
2,S003_normal_s,normal,1059,18.67230555555556
2,S003_normal_s,normal,1060,18.662305555555562
2,S003_normal_s,normal,1061,18.662305555555562
2,S003_normal_s,normal,1062,18.662305555555562
2,S003_normal_s,normal,1063,18.662305555555562
2,S003_normal_s,normal,1064,18.662305555555562
2,S003_normal_s,normal,1065,18.643972222222224
2,S003_normal_s,normal,1066,18.643972222222224
2,S003_normal_s,normal,1067,18.643972222222224
2,S003_normal_s,normal,1068,18.643972222222224
2,S003_normal_s,normal,1069,18.643972222222224
2,S003_normal_s,normal,1070,18.652305555555564
2,S003_normal_s,normal,1071,18.652305555555564
2,S003_normal_s,normal,1072,18.652305555555564
2,S003_normal_s,normal,1073,18.652305555555564
2,S003_normal_s,normal,1074,18.652305555555564
2,S003_normal_s,normal,1075,18.65230555555555
2,S003_normal_s,normal,1076,18.65230555555555
2,S003_normal_s,normal,1077,18.65230555555555
2,S003_normal_s,normal,1078,18.65230555555555
2,S003_normal_s,normal,1079,18.65230555555555
2,S003_normal_s,normal,1080,18.658972222222225
2,S003_normal_s,normal,1081,18.658972222222225
2,S003_normal_s,normal,1082,18.658972222222225
2,S003_normal_s,normal,1083,18.658972222222225
2,S003_normal_s,normal,1084,18.658972222222225
2,S003_normal_s,normal,1085,18.6506388888889
2,S003_normal_s,normal,1086,18.6506388888889
2,S003_normal_s,normal,1087,18.6506388888889
2,S003_normal_s,normal,1088,18.6506388888889
2,S003_normal_s,normal,1089,18.6506388888889
2,S003_normal_s,normal,1090,18.647305555555562
2,S003_normal_s,normal,1091,18.647305555555562
2,S003_normal_s,normal,1092,18.647305555555562
2,S003_normal_s,normal,1093,18.647305555555562
2,S003_normal_s,normal,1094,18.647305555555562
2,S003_normal_s,normal,1095,18.637305555555564
2,S003_normal_s,normal,1096,18.637305555555564
2,S003_normal_s,normal,1097,18.637305555555564
2,S003_normal_s,normal,1098,18.637305555555564
2,S003_normal_s,normal,1099,18.637305555555564
2,S003_normal_s,normal,1100,18.640638888888894
2,S003_normal_s,normal,1101,18.640638888888894
2,S003_normal_s,normal,1102,18.640638888888894
2,S003_normal_s,normal,1103,18.640638888888894
2,S003_normal_s,normal,1104,18.640638888888894
2,S003_normal_s,normal,1105,18.63897222222223
2,S003_normal_s,normal,1106,18.63897222222223
2,S003_normal_s,normal,1107,18.63897222222223
2,S003_normal_s,normal,1108,18.63897222222223
2,S003_normal_s,normal,1109,18.63897222222223
2,S003_normal_s,normal,1110,18.64730555555557
2,S003_normal_s,normal,1111,18.64730555555557
2,S003_normal_s,normal,1112,18.64730555555557
2,S003_normal_s,normal,1113,18.64730555555557
2,S003_normal_s,normal,1114,18.64730555555557
2,S003_normal_s,normal,1115,18.633972222222226
2,S003_normal_s,normal,1116,18.633972222222226
2,S003_normal_s,normal,1117,18.633972222222226
2,S003_normal_s,normal,1118,18.633972222222226
2,S003_normal_s,normal,1119,18.633972222222226
2,S003_normal_s,normal,1120,18.6506388888889
2,S003_normal_s,normal,1121,18.6506388888889
2,S003_normal_s,normal,1122,18.6506388888889
2,S003_normal_s,normal,1123,18.6506388888889
2,S003_normal_s,normal,1124,18.6506388888889
2,S003_normal_s,normal,1125,18.668972222222223
2,S003_normal_s,normal,1126,18.668972222222223
2,S003_normal_s,normal,1127,18.668972222222223
2,S003_normal_s,normal,1128,18.668972222222223
2,S003_normal_s,normal,1129,18.668972222222223
2,S003_normal_s,normal,1130,18.673972222222226
2,S003_normal_s,normal,1131,18.673972222222226
2,S003_normal_s,normal,1132,18.673972222222226
2,S003_normal_s,normal,1133,18.673972222222226
2,S003_normal_s,normal,1134,18.673972222222226
2,S003_normal_s,normal,1135,18.668972222222223
2,S003_normal_s,normal,1136,18.668972222222223
2,S003_normal_s,normal,1137,18.668972222222223
2,S003_normal_s,normal,1138,18.668972222222223
2,S003_normal_s,normal,1139,18.668972222222223
2,S003_normal_s,normal,1140,18.667305555555558
2,S003_normal_s,normal,1141,18.667305555555558
2,S003_normal_s,normal,1142,18.667305555555558
2,S003_normal_s,normal,1143,18.667305555555558
2,S003_normal_s,normal,1144,18.667305555555558
2,S003_normal_s,normal,1145,18.673972222222226
2,S003_normal_s,normal,1146,18.673972222222226
2,S003_normal_s,normal,1147,18.673972222222226
2,S003_normal_s,normal,1148,18.673972222222226
2,S003_normal_s,normal,1149,18.673972222222226
2,S003_normal_s,normal,1150,18.675638888888898
2,S003_normal_s,normal,1151,18.675638888888898
2,S003_normal_s,normal,1152,18.675638888888898
2,S003_normal_s,normal,1153,18.675638888888898
2,S003_normal_s,normal,1154,18.675638888888898
2,S003_normal_s,normal,1155,18.68397222222223
2,S003_normal_s,normal,1156,18.68397222222223
2,S003_normal_s,normal,1157,18.68397222222223
2,S003_normal_s,normal,1158,18.68397222222223
2,S003_normal_s,normal,1159,18.68397222222223
2,S003_normal_s,normal,1160,18.69063888888889
2,S003_normal_s,normal,1161,18.69063888888889
2,S003_normal_s,normal,1162,18.69063888888889
2,S003_normal_s,normal,1163,18.69063888888889
2,S003_normal_s,normal,1164,18.69063888888889
2,S003_normal_s,normal,1165,18.685638888888896
2,S003_normal_s,normal,1166,18.685638888888896
2,S003_normal_s,normal,1167,18.685638888888896
2,S003_normal_s,normal,1168,18.685638888888896
2,S003_normal_s,normal,1169,18.685638888888896
2,S003_normal_s,normal,1170,18.663972222222235
2,S003_normal_s,normal,1171,18.663972222222235
2,S003_normal_s,normal,1172,18.663972222222235
2,S003_normal_s,normal,1173,18.663972222222235
2,S003_normal_s,normal,1174,18.663972222222235
2,S003_normal_s,normal,1175,18.652305555555564
2,S003_normal_s,normal,1176,18.652305555555564
2,S003_normal_s,normal,1177,18.652305555555564
2,S003_normal_s,normal,1178,18.652305555555564
2,S003_normal_s,normal,1179,18.652305555555564
2,S003_normal_s,normal,1180,18.558972222222224
2,S003_normal_s,normal,1181,18.558972222222224
2,S003_normal_s,normal,1182,18.558972222222224
2,S003_normal_s,normal,1183,18.558972222222224
2,S003_normal_s,normal,1184,18.558972222222224
2,S003_normal_s,normal,1185,18.422305555555567
2,S003_normal_s,normal,1186,18.422305555555567
2,S003_normal_s,normal,1187,18.422305555555567
2,S003_normal_s,normal,1188,18.422305555555567
2,S003_normal_s,normal,1189,18.422305555555567
2,S003_normal_s,normal,1190,18.225638888888902
2,S003_normal_s,normal,1191,18.225638888888902
2,S003_normal_s,normal,1192,18.225638888888902
2,S003_normal_s,normal,1193,18.225638888888902
2,S003_normal_s,normal,1194,18.225638888888902
2,S003_normal_s,normal,1195,18.002305555555566
2,S003_normal_s,normal,1196,18.002305555555566
2,S003_normal_s,normal,1197,18.002305555555566
2,S003_normal_s,normal,1198,18.002305555555566
2,S003_normal_s,normal,1199,18.002305555555566
2,S003_normal_s,normal,1200,17.71563888888889
2,S003_normal_s,normal,1201,17.71563888888889
2,S003_normal_s,normal,1202,17.71563888888889
2,S003_normal_s,normal,1203,17.71563888888889
2,S003_normal_s,normal,1204,17.71563888888889
2,S003_normal_s,normal,1205,17.387305555555564
2,S003_normal_s,normal,1206,17.387305555555564
2,S003_normal_s,normal,1207,17.387305555555564
2,S003_normal_s,normal,1208,17.387305555555564
2,S003_normal_s,normal,1209,17.387305555555564
2,S003_normal_s,normal,1210,17.01730555555556
2,S003_normal_s,normal,1211,17.01730555555556
2,S003_normal_s,normal,1212,17.01730555555556
2,S003_normal_s,normal,1213,17.01730555555556
2,S003_normal_s,normal,1214,17.01730555555556
2,S003_normal_s,normal,1215,16.603972222222218
2,S003_normal_s,normal,1216,16.603972222222218
2,S003_normal_s,normal,1217,16.603972222222218
2,S003_normal_s,normal,1218,16.603972222222218
2,S003_normal_s,normal,1219,16.603972222222218
2,S003_normal_s,normal,1220,16.165638888888893
2,S003_normal_s,normal,1221,16.165638888888893
2,S003_normal_s,normal,1222,16.165638888888893
2,S003_normal_s,normal,1223,16.165638888888893
2,S003_normal_s,normal,1224,16.165638888888893
2,S003_normal_s,normal,1225,15.66897222222223
2,S003_normal_s,normal,1226,15.66897222222223
2,S003_normal_s,normal,1227,15.66897222222223
2,S003_normal_s,normal,1228,15.66897222222223
2,S003_normal_s,normal,1229,15.66897222222223
2,S003_normal_s,normal,1230,15.14230555555556
2,S003_normal_s,normal,1231,15.14230555555556
2,S003_normal_s,normal,1232,15.14230555555556
2,S003_normal_s,normal,1233,15.14230555555556
2,S003_normal_s,normal,1234,15.14230555555556
2,S003_normal_s,normal,1235,14.58730555555556
2,S003_normal_s,normal,1236,14.58730555555556
2,S003_normal_s,normal,1237,14.58730555555556
2,S003_normal_s,normal,1238,14.58730555555556
2,S003_normal_s,normal,1239,14.58730555555556
2,S003_normal_s,normal,1240,14.060638888888896
2,S003_normal_s,normal,1241,14.060638888888896
2,S003_normal_s,normal,1242,14.060638888888896
2,S003_normal_s,normal,1243,14.060638888888896
2,S003_normal_s,normal,1244,14.060638888888896
2,S003_normal_s,normal,1245,13.552305555555563
2,S003_normal_s,normal,1246,13.552305555555563
2,S003_normal_s,normal,1247,13.552305555555563
2,S003_normal_s,normal,1248,13.552305555555563
2,S003_normal_s,normal,1249,13.552305555555563
2,S003_normal_s,normal,1250,13.067305555555556
2,S003_normal_s,normal,1251,13.067305555555556
2,S003_normal_s,normal,1252,13.067305555555556
2,S003_normal_s,normal,1253,13.067305555555556
2,S003_normal_s,normal,1254,13.067305555555556
2,S003_normal_s,normal,1255,12.59063888888889
2,S003_normal_s,normal,1256,12.59063888888889
2,S003_normal_s,normal,1257,12.59063888888889
2,S003_normal_s,normal,1258,12.59063888888889
2,S003_normal_s,normal,1259,12.59063888888889
2,S003_normal_s,normal,1260,12.127305555555566
2,S003_normal_s,normal,1261,12.127305555555566
2,S003_normal_s,normal,1262,12.127305555555566
2,S003_normal_s,normal,1263,12.127305555555566
2,S003_normal_s,normal,1264,12.127305555555566
2,S003_normal_s,normal,1265,11.672305555555567
2,S003_normal_s,normal,1266,11.672305555555567
2,S003_normal_s,normal,1267,11.672305555555567
2,S003_normal_s,normal,1268,11.672305555555567
2,S003_normal_s,normal,1269,11.672305555555567
2,S003_normal_s,normal,1270,11.24230555555556
2,S003_normal_s,normal,1271,11.24230555555556
2,S003_normal_s,normal,1272,11.24230555555556
2,S003_normal_s,normal,1273,11.24230555555556
2,S003_normal_s,normal,1274,11.24230555555556
2,S003_normal_s,normal,1275,10.828972222222227
2,S003_normal_s,normal,1276,10.828972222222227
2,S003_normal_s,normal,1277,10.828972222222227
2,S003_normal_s,normal,1278,10.828972222222227
2,S003_normal_s,normal,1279,10.828972222222227
2,S003_normal_s,normal,1280,10.420638888888895
2,S003_normal_s,normal,1281,10.420638888888895
2,S003_normal_s,normal,1282,10.420638888888895
2,S003_normal_s,normal,1283,10.420638888888895
2,S003_normal_s,normal,1284,10.420638888888895
2,S003_normal_s,normal,1285,10.048972222222233
2,S003_normal_s,normal,1286,10.048972222222233
2,S003_normal_s,normal,1287,10.048972222222233
2,S003_normal_s,normal,1288,10.048972222222233
2,S003_normal_s,normal,1289,10.048972222222233
2,S003_normal_s,normal,1290,9.675638888888894
2,S003_normal_s,normal,1291,9.675638888888894
2,S003_normal_s,normal,1292,9.675638888888894
2,S003_normal_s,normal,1293,9.675638888888894
2,S003_normal_s,normal,1294,9.675638888888894
2,S003_normal_s,normal,1295,9.302305555555563
2,S003_normal_s,normal,1296,9.302305555555563
2,S003_normal_s,normal,1297,9.302305555555563
2,S003_normal_s,normal,1298,9.302305555555563
2,S003_normal_s,normal,1299,9.302305555555563
2,S003_normal_s,normal,1300,8.970638888888892
2,S003_normal_s,normal,1301,8.970638888888892
2,S003_normal_s,normal,1302,8.970638888888892
2,S003_normal_s,normal,1303,8.970638888888892
2,S003_normal_s,normal,1304,8.970638888888892
2,S003_normal_s,normal,1305,8.628972222222227
2,S003_normal_s,normal,1306,8.628972222222227
2,S003_normal_s,normal,1307,8.628972222222227
2,S003_normal_s,normal,1308,8.628972222222227
2,S003_normal_s,normal,1309,8.628972222222227
2,S003_normal_s,normal,1310,8.303972222222225
2,S003_normal_s,normal,1311,8.303972222222225
2,S003_normal_s,normal,1312,8.303972222222225
2,S003_normal_s,normal,1313,8.303972222222225
2,S003_normal_s,normal,1314,8.303972222222225
2,S003_normal_s,normal,1315,7.9906388888888955
2,S003_normal_s,normal,1316,7.9906388888888955
2,S003_normal_s,normal,1317,7.9906388888888955
2,S003_normal_s,normal,1318,7.9906388888888955
2,S003_normal_s,normal,1319,7.9906388888888955
2,S003_normal_s,normal,1320,7.695638888888897
2,S003_normal_s,normal,1321,7.695638888888897
2,S003_normal_s,normal,1322,7.695638888888897
2,S003_normal_s,normal,1323,7.695638888888897
2,S003_normal_s,normal,1324,7.695638888888897
2,S003_normal_s,normal,1325,7.412305555555562
2,S003_normal_s,normal,1326,7.412305555555562
2,S003_normal_s,normal,1327,7.412305555555562
2,S003_normal_s,normal,1328,7.412305555555562
2,S003_normal_s,normal,1329,7.412305555555562
2,S003_normal_s,normal,1330,7.1489722222222305
2,S003_normal_s,normal,1331,7.1489722222222305
2,S003_normal_s,normal,1332,7.1489722222222305
2,S003_normal_s,normal,1333,7.1489722222222305
2,S003_normal_s,normal,1334,7.1489722222222305
2,S003_normal_s,normal,1335,6.8756388888888935
2,S003_normal_s,normal,1336,6.8756388888888935
2,S003_normal_s,normal,1337,6.8756388888888935
2,S003_normal_s,normal,1338,6.8756388888888935
2,S003_normal_s,normal,1339,6.8756388888888935
2,S003_normal_s,normal,1340,6.607305555555563
2,S003_normal_s,normal,1341,6.607305555555563
2,S003_normal_s,normal,1342,6.607305555555563
2,S003_normal_s,normal,1343,6.607305555555563
2,S003_normal_s,normal,1344,6.607305555555563
2,S003_normal_s,normal,1345,6.345638888888896
2,S003_normal_s,normal,1346,6.345638888888896
2,S003_normal_s,normal,1347,6.345638888888896
2,S003_normal_s,normal,1348,6.345638888888896
2,S003_normal_s,normal,1349,6.345638888888896
2,S003_normal_s,normal,1350,6.118972222222222
2,S003_normal_s,normal,1351,6.118972222222222
2,S003_normal_s,normal,1352,6.118972222222222
2,S003_normal_s,normal,1353,6.118972222222222
2,S003_normal_s,normal,1354,6.118972222222222
2,S003_normal_s,normal,1355,5.902305555555561
2,S003_normal_s,normal,1356,5.902305555555561
2,S003_normal_s,normal,1357,5.902305555555561
2,S003_normal_s,normal,1358,5.902305555555561
2,S003_normal_s,normal,1359,5.902305555555561
2,S003_normal_s,normal,1360,5.668972222222223
2,S003_normal_s,normal,1361,5.668972222222223
2,S003_normal_s,normal,1362,5.668972222222223
2,S003_normal_s,normal,1363,5.668972222222223
2,S003_normal_s,normal,1364,5.668972222222223
2,S003_normal_s,normal,1365,5.463972222222232
2,S003_normal_s,normal,1366,5.463972222222232
2,S003_normal_s,normal,1367,5.463972222222232
2,S003_normal_s,normal,1368,5.463972222222232
2,S003_normal_s,normal,1369,5.463972222222232
2,S003_normal_s,normal,1370,5.273972222222227
2,S003_normal_s,normal,1371,5.273972222222227
2,S003_normal_s,normal,1372,5.273972222222227
2,S003_normal_s,normal,1373,5.273972222222227
2,S003_normal_s,normal,1374,5.273972222222227
2,S003_normal_s,normal,1375,5.090638888888893
2,S003_normal_s,normal,1376,5.090638888888893
2,S003_normal_s,normal,1377,5.090638888888893
2,S003_normal_s,normal,1378,5.090638888888893
2,S003_normal_s,normal,1379,5.090638888888893
2,S003_normal_s,normal,1380,4.885638888888895
2,S003_normal_s,normal,1381,4.885638888888895
2,S003_normal_s,normal,1382,4.885638888888895
2,S003_normal_s,normal,1383,4.885638888888895
2,S003_normal_s,normal,1384,4.885638888888895
2,S003_normal_s,normal,1385,4.695638888888901
2,S003_normal_s,normal,1386,4.695638888888901
2,S003_normal_s,normal,1387,4.695638888888901
2,S003_normal_s,normal,1388,4.695638888888901
2,S003_normal_s,normal,1389,4.695638888888901
2,S003_normal_s,normal,1390,4.512305555555564
2,S003_normal_s,normal,1391,4.512305555555564
2,S003_normal_s,normal,1392,4.512305555555564
2,S003_normal_s,normal,1393,4.512305555555564
2,S003_normal_s,normal,1394,4.512305555555564
2,S003_normal_s,normal,1395,4.348972222222226
2,S003_normal_s,normal,1396,4.348972222222226
2,S003_normal_s,normal,1397,4.348972222222226
2,S003_normal_s,normal,1398,4.348972222222226
2,S003_normal_s,normal,1399,4.348972222222226
2,S003_normal_s,normal,1400,4.1889722222222225
2,S003_normal_s,normal,1401,4.1889722222222225
2,S003_normal_s,normal,1402,4.1889722222222225
2,S003_normal_s,normal,1403,4.1889722222222225
2,S003_normal_s,normal,1404,4.1889722222222225
2,S003_normal_s,normal,1405,4.042305555555561
2,S003_normal_s,normal,1406,4.042305555555561
2,S003_normal_s,normal,1407,4.042305555555561
2,S003_normal_s,normal,1408,4.042305555555561
2,S003_normal_s,normal,1409,4.042305555555561
2,S003_normal_s,normal,1410,3.885638888888895
2,S003_normal_s,normal,1411,3.885638888888895
2,S003_normal_s,normal,1412,3.885638888888895
2,S003_normal_s,normal,1413,3.885638888888895
2,S003_normal_s,normal,1414,3.885638888888895
2,S003_normal_s,normal,1415,3.7373055555555545
2,S003_normal_s,normal,1416,3.7373055555555545
2,S003_normal_s,normal,1417,3.7373055555555545
2,S003_normal_s,normal,1418,3.7373055555555545
2,S003_normal_s,normal,1419,3.7373055555555545
2,S003_normal_s,normal,1420,3.592305555555562
2,S003_normal_s,normal,1421,3.592305555555562
2,S003_normal_s,normal,1422,3.592305555555562
2,S003_normal_s,normal,1423,3.592305555555562
2,S003_normal_s,normal,1424,3.592305555555562
2,S003_normal_s,normal,1425,3.462305555555563
2,S003_normal_s,normal,1426,3.462305555555563
2,S003_normal_s,normal,1427,3.462305555555563
2,S003_normal_s,normal,1428,3.462305555555563
2,S003_normal_s,normal,1429,3.462305555555563
2,S003_normal_s,normal,1430,3.3223055555555625
2,S003_normal_s,normal,1431,3.3223055555555625
2,S003_normal_s,normal,1432,3.3223055555555625
2,S003_normal_s,normal,1433,3.3223055555555625
2,S003_normal_s,normal,1434,3.3223055555555625
2,S003_normal_s,normal,1435,3.1773055555555594
2,S003_normal_s,normal,1436,3.1773055555555594
2,S003_normal_s,normal,1437,3.1773055555555594
2,S003_normal_s,normal,1438,3.1773055555555594
2,S003_normal_s,normal,1439,3.1773055555555594
2,S003_normal_s,normal,1440,3.062305555555554
2,S003_normal_s,normal,1441,3.062305555555554
2,S003_normal_s,normal,1442,3.062305555555554
2,S003_normal_s,normal,1443,3.062305555555554
2,S003_normal_s,normal,1444,3.062305555555554
2,S003_normal_s,normal,1445,2.9406388888888912
2,S003_normal_s,normal,1446,2.9406388888888912
2,S003_normal_s,normal,1447,2.9406388888888912
2,S003_normal_s,normal,1448,2.9406388888888912
2,S003_normal_s,normal,1449,2.9406388888888912
2,S003_normal_s,normal,1450,2.8289722222222267
2,S003_normal_s,normal,1451,2.8289722222222267
2,S003_normal_s,normal,1452,2.8289722222222267
2,S003_normal_s,normal,1453,2.8289722222222267
2,S003_normal_s,normal,1454,2.8289722222222267
2,S003_normal_s,normal,1455,2.720638888888896
2,S003_normal_s,normal,1456,2.720638888888896
2,S003_normal_s,normal,1457,2.720638888888896
2,S003_normal_s,normal,1458,2.720638888888896
2,S003_normal_s,normal,1459,2.720638888888896
2,S003_normal_s,normal,1460,2.6239722222222284
2,S003_normal_s,normal,1461,2.6239722222222284
2,S003_normal_s,normal,1462,2.6239722222222284
2,S003_normal_s,normal,1463,2.6239722222222284
2,S003_normal_s,normal,1464,2.6239722222222284
2,S003_normal_s,normal,1465,2.5206388888888966
2,S003_normal_s,normal,1466,2.5206388888888966
2,S003_normal_s,normal,1467,2.5206388888888966
2,S003_normal_s,normal,1468,2.5206388888888966
2,S003_normal_s,normal,1469,2.5206388888888966
2,S003_normal_s,normal,1470,2.5206388888888966
2,S003_normal_s,normal,1471,2.5206388888888966
2,S003_normal_s,normal,1472,2.5206388888888966
2,S003_normal_s,normal,1473,2.5206388888888966
2,S003_normal_s,normal,1474,2.5206388888888966
2,S003_normal_s,normal,1475,2.5206388888888966
2,S003_normal_s,normal,1476,2.5206388888888966
2,S003_normal_s,normal,1477,2.5206388888888966
2,S003_normal_s,normal,1478,2.5206388888888966
2,S003_normal_s,normal,1479,2.5206388888888966
2,S003_normal_s,normal,1480,2.5206388888888966
2,S003_normal_s,normal,1481,2.5206388888888966
2,S003_normal_s,normal,1482,2.5206388888888966
2,S003_normal_s,normal,1483,2.5206388888888966
2,S003_normal_s,normal,1484,2.5206388888888966
2,S003_normal_s,normal,1485,2.5206388888888966
2,S003_normal_s,normal,1486,2.5206388888888966
2,S003_normal_s,normal,1487,2.5206388888888966
2,S003_normal_s,normal,1488,2.5206388888888966
2,S003_normal_s,normal,1489,2.5206388888888966
2,S003_normal_s,normal,1490,2.5206388888888966
2,S003_normal_s,normal,1491,2.5206388888888966
2,S003_normal_s,normal,1492,2.5206388888888966
2,S003_normal_s,normal,1493,2.5206388888888966
2,S003_normal_s,normal,1494,2.5206388888888966
2,S003_normal_s,normal,1495,2.5206388888888966
2,S003_normal_s,normal,1496,2.5206388888888966
2,S003_normal_s,normal,1497,2.5206388888888966
2,S003_normal_s,normal,1498,2.5206388888888966
2,S003_normal_s,normal,1499,2.5206388888888966
3,S004_normal_s,normal,0,0.0
3,S004_normal_s,normal,1,0.0
3,S004_normal_s,normal,2,0.0
3,S004_normal_s,normal,3,0.0
3,S004_normal_s,normal,4,0.0
3,S004_normal_s,normal,5,0.0
3,S004_normal_s,normal,6,0.0
3,S004_normal_s,normal,7,0.0
3,S004_normal_s,normal,8,0.0
3,S004_normal_s,normal,9,0.0
3,S004_normal_s,normal,10,0.0
3,S004_normal_s,normal,11,0.0
3,S004_normal_s,normal,12,0.0
3,S004_normal_s,normal,13,0.0
3,S004_normal_s,normal,14,0.0
3,S004_normal_s,normal,15,0.0
3,S004_normal_s,normal,16,0.0
3,S004_normal_s,normal,17,0.0
3,S004_normal_s,normal,18,0.0
3,S004_normal_s,normal,19,0.0
3,S004_normal_s,normal,20,0.0
3,S004_normal_s,normal,21,0.0
3,S004_normal_s,normal,22,0.0
3,S004_normal_s,normal,23,0.0
3,S004_normal_s,normal,24,0.0
3,S004_normal_s,normal,25,0.0
3,S004_normal_s,normal,26,0.0
3,S004_normal_s,normal,27,0.0
3,S004_normal_s,normal,28,0.0
3,S004_normal_s,normal,29,0.0
3,S004_normal_s,normal,30,-0.10644444444444545
3,S004_normal_s,normal,31,-0.10644444444444545
3,S004_normal_s,normal,32,-0.10644444444444545
3,S004_normal_s,normal,33,-0.10644444444444545
3,S004_normal_s,normal,34,-0.10644444444444545
3,S004_normal_s,normal,35,-0.10811111111111771
3,S004_normal_s,normal,36,-0.10811111111111771
3,S004_normal_s,normal,37,-0.10811111111111771
3,S004_normal_s,normal,38,-0.10811111111111771
3,S004_normal_s,normal,39,-0.10811111111111771
3,S004_normal_s,normal,40,-0.10144444444444645
3,S004_normal_s,normal,41,-0.10144444444444645
3,S004_normal_s,normal,42,-0.10144444444444645
3,S004_normal_s,normal,43,-0.10144444444444645
3,S004_normal_s,normal,44,-0.10144444444444645
3,S004_normal_s,normal,45,-0.10144444444444645
3,S004_normal_s,normal,46,-0.10144444444444645
3,S004_normal_s,normal,47,-0.10144444444444645
3,S004_normal_s,normal,48,-0.10144444444444645
3,S004_normal_s,normal,49,-0.10144444444444645
3,S004_normal_s,normal,50,-0.1031111111111116
3,S004_normal_s,normal,51,-0.1031111111111116
3,S004_normal_s,normal,52,-0.1031111111111116
3,S004_normal_s,normal,53,-0.1031111111111116
3,S004_normal_s,normal,54,-0.1031111111111116
3,S004_normal_s,normal,55,-0.09477777777778229
3,S004_normal_s,normal,56,-0.09477777777778229
3,S004_normal_s,normal,57,-0.09477777777778229
3,S004_normal_s,normal,58,-0.09477777777778229
3,S004_normal_s,normal,59,-0.09477777777778229
3,S004_normal_s,normal,60,-0.0997777777777813
3,S004_normal_s,normal,61,-0.0997777777777813
3,S004_normal_s,normal,62,-0.0997777777777813
3,S004_normal_s,normal,63,-0.0997777777777813
3,S004_normal_s,normal,64,-0.0997777777777813
3,S004_normal_s,normal,65,-0.11144444444444801
3,S004_normal_s,normal,66,-0.11144444444444801
3,S004_normal_s,normal,67,-0.11144444444444801
3,S004_normal_s,normal,68,-0.11144444444444801
3,S004_normal_s,normal,69,-0.11144444444444801
3,S004_normal_s,normal,70,-0.106444444444449
3,S004_normal_s,normal,71,-0.106444444444449
3,S004_normal_s,normal,72,-0.106444444444449
3,S004_normal_s,normal,73,-0.106444444444449
3,S004_normal_s,normal,74,-0.106444444444449
3,S004_normal_s,normal,75,-0.09144444444445199
3,S004_normal_s,normal,76,-0.09144444444445199
3,S004_normal_s,normal,77,-0.09144444444445199
3,S004_normal_s,normal,78,-0.09144444444445199
3,S004_normal_s,normal,79,-0.09144444444445199
3,S004_normal_s,normal,80,-0.09311111111111359
3,S004_normal_s,normal,81,-0.09311111111111359
3,S004_normal_s,normal,82,-0.09311111111111359
3,S004_normal_s,normal,83,-0.09311111111111359
3,S004_normal_s,normal,84,-0.09311111111111359
3,S004_normal_s,normal,85,-0.09144444444444844
3,S004_normal_s,normal,86,-0.09144444444444844
3,S004_normal_s,normal,87,-0.09144444444444844
3,S004_normal_s,normal,88,-0.09144444444444844
3,S004_normal_s,normal,89,-0.09144444444444844
3,S004_normal_s,normal,90,-0.08811111111111458
3,S004_normal_s,normal,91,-0.08811111111111458
3,S004_normal_s,normal,92,-0.08811111111111458
3,S004_normal_s,normal,93,-0.08811111111111458
3,S004_normal_s,normal,94,-0.08811111111111458
3,S004_normal_s,normal,95,-0.09144444444445199
3,S004_normal_s,normal,96,-0.09144444444445199
3,S004_normal_s,normal,97,-0.09144444444445199
3,S004_normal_s,normal,98,-0.09144444444445199
3,S004_normal_s,normal,99,-0.09144444444445199
3,S004_normal_s,normal,100,-0.09811111111110904
3,S004_normal_s,normal,101,-0.09811111111110904
3,S004_normal_s,normal,102,-0.09811111111110904
3,S004_normal_s,normal,103,-0.09811111111110904
3,S004_normal_s,normal,104,-0.09811111111110904
3,S004_normal_s,normal,105,-0.09811111111111259
3,S004_normal_s,normal,106,-0.09811111111111259
3,S004_normal_s,normal,107,-0.09811111111111259
3,S004_normal_s,normal,108,-0.09811111111111259
3,S004_normal_s,normal,109,-0.09811111111111259
3,S004_normal_s,normal,110,-0.09477777777777874
3,S004_normal_s,normal,111,-0.09477777777777874
3,S004_normal_s,normal,112,-0.09477777777777874
3,S004_normal_s,normal,113,-0.09477777777777874
3,S004_normal_s,normal,114,-0.09477777777777874
3,S004_normal_s,normal,115,-0.1031111111111116
3,S004_normal_s,normal,116,-0.1031111111111116
3,S004_normal_s,normal,117,-0.1031111111111116
3,S004_normal_s,normal,118,-0.1031111111111116
3,S004_normal_s,normal,119,-0.1031111111111116
3,S004_normal_s,normal,120,-0.09811111111111614
3,S004_normal_s,normal,121,-0.09811111111111614
3,S004_normal_s,normal,122,-0.09811111111111614
3,S004_normal_s,normal,123,-0.09811111111111614
3,S004_normal_s,normal,124,-0.09811111111111614
3,S004_normal_s,normal,125,-0.08811111111111458
3,S004_normal_s,normal,126,-0.08811111111111458
3,S004_normal_s,normal,127,-0.08811111111111458
3,S004_normal_s,normal,128,-0.08811111111111458
3,S004_normal_s,normal,129,-0.08811111111111458
3,S004_normal_s,normal,130,-0.09811111111111614
3,S004_normal_s,normal,131,-0.09811111111111614
3,S004_normal_s,normal,132,-0.09811111111111614
3,S004_normal_s,normal,133,-0.09811111111111614
3,S004_normal_s,normal,134,-0.09811111111111614
3,S004_normal_s,normal,135,-0.11144444444444801
3,S004_normal_s,normal,136,-0.11144444444444801
3,S004_normal_s,normal,137,-0.11144444444444801
3,S004_normal_s,normal,138,-0.11144444444444801
3,S004_normal_s,normal,139,-0.11144444444444801
3,S004_normal_s,normal,140,-0.11311111111110961
3,S004_normal_s,normal,141,-0.11311111111110961
3,S004_normal_s,normal,142,-0.11311111111110961
3,S004_normal_s,normal,143,-0.11311111111110961
3,S004_normal_s,normal,144,-0.11311111111110961
3,S004_normal_s,normal,145,-0.10977777777777575
3,S004_normal_s,normal,146,-0.10977777777777575
3,S004_normal_s,normal,147,-0.10977777777777575
3,S004_normal_s,normal,148,-0.10977777777777575
3,S004_normal_s,normal,149,-0.10977777777777575
3,S004_normal_s,normal,150,-0.11311111111110961
3,S004_normal_s,normal,151,-0.11311111111110961
3,S004_normal_s,normal,152,-0.11311111111110961
3,S004_normal_s,normal,153,-0.11311111111110961
3,S004_normal_s,normal,154,-0.11311111111110961
3,S004_normal_s,normal,155,-0.10977777777778286
3,S004_normal_s,normal,156,-0.10977777777778286
3,S004_normal_s,normal,157,-0.10977777777778286
3,S004_normal_s,normal,158,-0.10977777777778286
3,S004_normal_s,normal,159,-0.10977777777778286
3,S004_normal_s,normal,160,-0.10477777777778385
3,S004_normal_s,normal,161,-0.10477777777778385
3,S004_normal_s,normal,162,-0.10477777777778385
3,S004_normal_s,normal,163,-0.10477777777778385
3,S004_normal_s,normal,164,-0.10477777777778385
3,S004_normal_s,normal,165,-0.1097777777777793
3,S004_normal_s,normal,166,-0.1097777777777793
3,S004_normal_s,normal,167,-0.1097777777777793
3,S004_normal_s,normal,168,-0.1097777777777793
3,S004_normal_s,normal,169,-0.1097777777777793
3,S004_normal_s,normal,170,-0.11811111111111572
3,S004_normal_s,normal,171,-0.11811111111111572
3,S004_normal_s,normal,172,-0.11811111111111572
3,S004_normal_s,normal,173,-0.11811111111111572
3,S004_normal_s,normal,174,-0.11811111111111572
3,S004_normal_s,normal,175,-0.11977777777778087
3,S004_normal_s,normal,176,-0.11977777777778087
3,S004_normal_s,normal,177,-0.11977777777778087
3,S004_normal_s,normal,178,-0.11977777777778087
3,S004_normal_s,normal,179,-0.11977777777778087
3,S004_normal_s,normal,180,-0.12644444444444503
3,S004_normal_s,normal,181,-0.12644444444444503
3,S004_normal_s,normal,182,-0.12644444444444503
3,S004_normal_s,normal,183,-0.12644444444444503
3,S004_normal_s,normal,184,-0.12644444444444503
3,S004_normal_s,normal,185,-0.13477777777777789
3,S004_normal_s,normal,186,-0.13477777777777789
3,S004_normal_s,normal,187,-0.13477777777777789
3,S004_normal_s,normal,188,-0.13477777777777789
3,S004_normal_s,normal,189,-0.13477777777777789
3,S004_normal_s,normal,190,-0.12644444444444858
3,S004_normal_s,normal,191,-0.12644444444444858
3,S004_normal_s,normal,192,-0.12644444444444858
3,S004_normal_s,normal,193,-0.12644444444444858
3,S004_normal_s,normal,194,-0.12644444444444858
3,S004_normal_s,normal,195,-0.12144444444444247
3,S004_normal_s,normal,196,-0.12144444444444247
3,S004_normal_s,normal,197,-0.12144444444444247
3,S004_normal_s,normal,198,-0.12144444444444247
3,S004_normal_s,normal,199,-0.12144444444444247
3,S004_normal_s,normal,200,-0.11977777777778087
3,S004_normal_s,normal,201,-0.11977777777778087
3,S004_normal_s,normal,202,-0.11977777777778087
3,S004_normal_s,normal,203,-0.11977777777778087
3,S004_normal_s,normal,204,-0.11977777777778087
3,S004_normal_s,normal,205,-0.11311111111110961
3,S004_normal_s,normal,206,-0.11311111111110961
3,S004_normal_s,normal,207,-0.11311111111110961
3,S004_normal_s,normal,208,-0.11311111111110961
3,S004_normal_s,normal,209,-0.11311111111110961
3,S004_normal_s,normal,210,-0.11144444444444446
3,S004_normal_s,normal,211,-0.11144444444444446
3,S004_normal_s,normal,212,-0.11144444444444446
3,S004_normal_s,normal,213,-0.11144444444444446
3,S004_normal_s,normal,214,-0.11144444444444446
3,S004_normal_s,normal,215,-0.10311111111111515
3,S004_normal_s,normal,216,-0.10311111111111515
3,S004_normal_s,normal,217,-0.10311111111111515
3,S004_normal_s,normal,218,-0.10311111111111515
3,S004_normal_s,normal,219,-0.10311111111111515
3,S004_normal_s,normal,220,-0.11144444444444801
3,S004_normal_s,normal,221,-0.11144444444444801
3,S004_normal_s,normal,222,-0.11144444444444801
3,S004_normal_s,normal,223,-0.11144444444444801
3,S004_normal_s,normal,224,-0.11144444444444801
3,S004_normal_s,normal,225,-0.10644444444444545
3,S004_normal_s,normal,226,-0.10644444444444545
3,S004_normal_s,normal,227,-0.10644444444444545
3,S004_normal_s,normal,228,-0.10644444444444545
3,S004_normal_s,normal,229,-0.10644444444444545
3,S004_normal_s,normal,230,-0.09977777777778485
3,S004_normal_s,normal,231,-0.09977777777778485
3,S004_normal_s,normal,232,-0.09977777777778485
3,S004_normal_s,normal,233,-0.09977777777778485
3,S004_normal_s,normal,234,-0.09977777777778485
3,S004_normal_s,normal,235,-0.09144444444445199
3,S004_normal_s,normal,236,-0.09144444444445199
3,S004_normal_s,normal,237,-0.09144444444445199
3,S004_normal_s,normal,238,-0.09144444444445199
3,S004_normal_s,normal,239,-0.09144444444445199
3,S004_normal_s,normal,240,-0.08144444444445043
3,S004_normal_s,normal,241,-0.08144444444445043
3,S004_normal_s,normal,242,-0.08144444444445043
3,S004_normal_s,normal,243,-0.08144444444445043
3,S004_normal_s,normal,244,-0.08144444444445043
3,S004_normal_s,normal,245,-0.07144444444445242
3,S004_normal_s,normal,246,-0.07144444444445242
3,S004_normal_s,normal,247,-0.07144444444445242
3,S004_normal_s,normal,248,-0.07144444444445242
3,S004_normal_s,normal,249,-0.07144444444445242
3,S004_normal_s,normal,250,-0.06144444444445085
3,S004_normal_s,normal,251,-0.06144444444445085
3,S004_normal_s,normal,252,-0.06144444444445085
3,S004_normal_s,normal,253,-0.06144444444445085
3,S004_normal_s,normal,254,-0.06144444444445085
3,S004_normal_s,normal,255,-0.05977777777778215
3,S004_normal_s,normal,256,-0.05977777777778215
3,S004_normal_s,normal,257,-0.05977777777778215
3,S004_normal_s,normal,258,-0.05977777777778215
3,S004_normal_s,normal,259,-0.05977777777778215
3,S004_normal_s,normal,260,-0.059777777777778596
3,S004_normal_s,normal,261,-0.059777777777778596
3,S004_normal_s,normal,262,-0.059777777777778596
3,S004_normal_s,normal,263,-0.059777777777778596
3,S004_normal_s,normal,264,-0.059777777777778596
3,S004_normal_s,normal,265,-0.059777777777778596
3,S004_normal_s,normal,266,-0.059777777777778596
3,S004_normal_s,normal,267,-0.059777777777778596
3,S004_normal_s,normal,268,-0.059777777777778596
3,S004_normal_s,normal,269,-0.059777777777778596
3,S004_normal_s,normal,270,-0.0614444444444473
3,S004_normal_s,normal,271,-0.0614444444444473
3,S004_normal_s,normal,272,-0.0614444444444473
3,S004_normal_s,normal,273,-0.0614444444444473
3,S004_normal_s,normal,274,-0.0614444444444473
3,S004_normal_s,normal,275,-0.06144444444445085
3,S004_normal_s,normal,276,-0.06144444444445085
3,S004_normal_s,normal,277,-0.06144444444445085
3,S004_normal_s,normal,278,-0.06144444444445085
3,S004_normal_s,normal,279,-0.06144444444445085
3,S004_normal_s,normal,280,-0.029777777777784564
3,S004_normal_s,normal,281,-0.029777777777784564
3,S004_normal_s,normal,282,-0.029777777777784564
3,S004_normal_s,normal,283,-0.029777777777784564
3,S004_normal_s,normal,284,-0.029777777777784564
3,S004_normal_s,normal,285,0.02355555555555
3,S004_normal_s,normal,286,0.02355555555555
3,S004_normal_s,normal,287,0.02355555555555
3,S004_normal_s,normal,288,0.02355555555555
3,S004_normal_s,normal,289,0.02355555555555
3,S004_normal_s,normal,290,0.10522222222222055
3,S004_normal_s,normal,291,0.10522222222222055
3,S004_normal_s,normal,292,0.10522222222222055
3,S004_normal_s,normal,293,0.10522222222222055
3,S004_normal_s,normal,294,0.10522222222222055
3,S004_normal_s,normal,295,0.20355555555554972
3,S004_normal_s,normal,296,0.20355555555554972
3,S004_normal_s,normal,297,0.20355555555554972
3,S004_normal_s,normal,298,0.20355555555554972
3,S004_normal_s,normal,299,0.20355555555554972
3,S004_normal_s,normal,300,0.3285555555555497
3,S004_normal_s,normal,301,0.3285555555555497
3,S004_normal_s,normal,302,0.3285555555555497
3,S004_normal_s,normal,303,0.3285555555555497
3,S004_normal_s,normal,304,0.3285555555555497
3,S004_normal_s,normal,305,0.4768888888888796
3,S004_normal_s,normal,306,0.4768888888888796
3,S004_normal_s,normal,307,0.4768888888888796
3,S004_normal_s,normal,308,0.4768888888888796
3,S004_normal_s,normal,309,0.4768888888888796
3,S004_normal_s,normal,310,0.6435555555555474
3,S004_normal_s,normal,311,0.6435555555555474
3,S004_normal_s,normal,312,0.6435555555555474
3,S004_normal_s,normal,313,0.6435555555555474
3,S004_normal_s,normal,314,0.6435555555555474
3,S004_normal_s,normal,315,0.8368888888888826
3,S004_normal_s,normal,316,0.8368888888888826
3,S004_normal_s,normal,317,0.8368888888888826
3,S004_normal_s,normal,318,0.8368888888888826
3,S004_normal_s,normal,319,0.8368888888888826
3,S004_normal_s,normal,320,1.061888888888891
3,S004_normal_s,normal,321,1.061888888888891
3,S004_normal_s,normal,322,1.061888888888891
3,S004_normal_s,normal,323,1.061888888888891
3,S004_normal_s,normal,324,1.061888888888891
3,S004_normal_s,normal,325,1.3085555555555537
3,S004_normal_s,normal,326,1.3085555555555537
3,S004_normal_s,normal,327,1.3085555555555537
3,S004_normal_s,normal,328,1.3085555555555537
3,S004_normal_s,normal,329,1.3085555555555537
3,S004_normal_s,normal,330,1.5752222222222159
3,S004_normal_s,normal,331,1.5752222222222159
3,S004_normal_s,normal,332,1.5752222222222159
3,S004_normal_s,normal,333,1.5752222222222159
3,S004_normal_s,normal,334,1.5752222222222159
3,S004_normal_s,normal,335,1.8535555555555518
3,S004_normal_s,normal,336,1.8535555555555518
3,S004_normal_s,normal,337,1.8535555555555518
3,S004_normal_s,normal,338,1.8535555555555518
3,S004_normal_s,normal,339,1.8535555555555518
3,S004_normal_s,normal,340,2.1268888888888817
3,S004_normal_s,normal,341,2.1268888888888817
3,S004_normal_s,normal,342,2.1268888888888817
3,S004_normal_s,normal,343,2.1268888888888817
3,S004_normal_s,normal,344,2.1268888888888817
3,S004_normal_s,normal,345,2.39855555555555
3,S004_normal_s,normal,346,2.39855555555555
3,S004_normal_s,normal,347,2.39855555555555
3,S004_normal_s,normal,348,2.39855555555555
3,S004_normal_s,normal,349,2.39855555555555
3,S004_normal_s,normal,350,2.6585555555555445
3,S004_normal_s,normal,351,2.6585555555555445
3,S004_normal_s,normal,352,2.6585555555555445
3,S004_normal_s,normal,353,2.6585555555555445
3,S004_normal_s,normal,354,2.6585555555555445
3,S004_normal_s,normal,355,2.9185555555555496
3,S004_normal_s,normal,356,2.9185555555555496
3,S004_normal_s,normal,357,2.9185555555555496
3,S004_normal_s,normal,358,2.9185555555555496
3,S004_normal_s,normal,359,2.9185555555555496
3,S004_normal_s,normal,360,3.1635555555555506
3,S004_normal_s,normal,361,3.1635555555555506
3,S004_normal_s,normal,362,3.1635555555555506
3,S004_normal_s,normal,363,3.1635555555555506
3,S004_normal_s,normal,364,3.1635555555555506
3,S004_normal_s,normal,365,3.4035555555555455
3,S004_normal_s,normal,366,3.4035555555555455
3,S004_normal_s,normal,367,3.4035555555555455
3,S004_normal_s,normal,368,3.4035555555555455
3,S004_normal_s,normal,369,3.4035555555555455
3,S004_normal_s,normal,370,3.636888888888887
3,S004_normal_s,normal,371,3.636888888888887
3,S004_normal_s,normal,372,3.636888888888887
3,S004_normal_s,normal,373,3.636888888888887
3,S004_normal_s,normal,374,3.636888888888887
3,S004_normal_s,normal,375,3.881888888888888
3,S004_normal_s,normal,376,3.881888888888888
3,S004_normal_s,normal,377,3.881888888888888
3,S004_normal_s,normal,378,3.881888888888888
3,S004_normal_s,normal,379,3.881888888888888
3,S004_normal_s,normal,380,4.110222222222216
3,S004_normal_s,normal,381,4.110222222222216
3,S004_normal_s,normal,382,4.110222222222216
3,S004_normal_s,normal,383,4.110222222222216
3,S004_normal_s,normal,384,4.110222222222216
3,S004_normal_s,normal,385,4.325222222222219
3,S004_normal_s,normal,386,4.325222222222219
3,S004_normal_s,normal,387,4.325222222222219
3,S004_normal_s,normal,388,4.325222222222219
3,S004_normal_s,normal,389,4.325222222222219
3,S004_normal_s,normal,390,4.540222222222216
3,S004_normal_s,normal,391,4.540222222222216
3,S004_normal_s,normal,392,4.540222222222216
3,S004_normal_s,normal,393,4.540222222222216
3,S004_normal_s,normal,394,4.540222222222216
3,S004_normal_s,normal,395,4.741888888888887
3,S004_normal_s,normal,396,4.741888888888887
3,S004_normal_s,normal,397,4.741888888888887
3,S004_normal_s,normal,398,4.741888888888887
3,S004_normal_s,normal,399,4.741888888888887
3,S004_normal_s,normal,400,4.951888888888888
3,S004_normal_s,normal,401,4.951888888888888
3,S004_normal_s,normal,402,4.951888888888888
3,S004_normal_s,normal,403,4.951888888888888
3,S004_normal_s,normal,404,4.951888888888888
3,S004_normal_s,normal,405,5.1485555555555464
3,S004_normal_s,normal,406,5.1485555555555464
3,S004_normal_s,normal,407,5.1485555555555464
3,S004_normal_s,normal,408,5.1485555555555464
3,S004_normal_s,normal,409,5.1485555555555464
3,S004_normal_s,normal,410,5.341888888888885
3,S004_normal_s,normal,411,5.341888888888885
3,S004_normal_s,normal,412,5.341888888888885
3,S004_normal_s,normal,413,5.341888888888885
3,S004_normal_s,normal,414,5.341888888888885
3,S004_normal_s,normal,415,5.533555555555552
3,S004_normal_s,normal,416,5.533555555555552
3,S004_normal_s,normal,417,5.533555555555552
3,S004_normal_s,normal,418,5.533555555555552
3,S004_normal_s,normal,419,5.533555555555552
3,S004_normal_s,normal,420,5.725222222222218
3,S004_normal_s,normal,421,5.725222222222218
3,S004_normal_s,normal,422,5.725222222222218
3,S004_normal_s,normal,423,5.725222222222218
3,S004_normal_s,normal,424,5.725222222222218
3,S004_normal_s,normal,425,5.915222222222219
3,S004_normal_s,normal,426,5.915222222222219
3,S004_normal_s,normal,427,5.915222222222219
3,S004_normal_s,normal,428,5.915222222222219
3,S004_normal_s,normal,429,5.915222222222219
3,S004_normal_s,normal,430,6.100222222222214
3,S004_normal_s,normal,431,6.100222222222214
3,S004_normal_s,normal,432,6.100222222222214
3,S004_normal_s,normal,433,6.100222222222214
3,S004_normal_s,normal,434,6.100222222222214
3,S004_normal_s,normal,435,6.27355555555555
3,S004_normal_s,normal,436,6.27355555555555
3,S004_normal_s,normal,437,6.27355555555555
3,S004_normal_s,normal,438,6.27355555555555
3,S004_normal_s,normal,439,6.27355555555555
3,S004_normal_s,normal,440,6.4418888888888866
3,S004_normal_s,normal,441,6.4418888888888866
3,S004_normal_s,normal,442,6.4418888888888866
3,S004_normal_s,normal,443,6.4418888888888866
3,S004_normal_s,normal,444,6.4418888888888866
3,S004_normal_s,normal,445,6.6152222222222115
3,S004_normal_s,normal,446,6.6152222222222115
3,S004_normal_s,normal,447,6.6152222222222115
3,S004_normal_s,normal,448,6.6152222222222115
3,S004_normal_s,normal,449,6.6152222222222115
3,S004_normal_s,normal,450,6.783555555555555
3,S004_normal_s,normal,451,6.783555555555555
3,S004_normal_s,normal,452,6.783555555555555
3,S004_normal_s,normal,453,6.783555555555555
3,S004_normal_s,normal,454,6.783555555555555
3,S004_normal_s,normal,455,6.963555555555555
3,S004_normal_s,normal,456,6.963555555555555
3,S004_normal_s,normal,457,6.963555555555555
3,S004_normal_s,normal,458,6.963555555555555
3,S004_normal_s,normal,459,6.963555555555555
3,S004_normal_s,normal,460,7.125222222222217
3,S004_normal_s,normal,461,7.125222222222217
3,S004_normal_s,normal,462,7.125222222222217
3,S004_normal_s,normal,463,7.125222222222217
3,S004_normal_s,normal,464,7.125222222222217
3,S004_normal_s,normal,465,7.286888888888878
3,S004_normal_s,normal,466,7.286888888888878
3,S004_normal_s,normal,467,7.286888888888878
3,S004_normal_s,normal,468,7.286888888888878
3,S004_normal_s,normal,469,7.286888888888878
3,S004_normal_s,normal,470,7.448555555555547
3,S004_normal_s,normal,471,7.448555555555547
3,S004_normal_s,normal,472,7.448555555555547
3,S004_normal_s,normal,473,7.448555555555547
3,S004_normal_s,normal,474,7.448555555555547
3,S004_normal_s,normal,475,7.600222222222218
3,S004_normal_s,normal,476,7.600222222222218
3,S004_normal_s,normal,477,7.600222222222218
3,S004_normal_s,normal,478,7.600222222222218
3,S004_normal_s,normal,479,7.600222222222218
3,S004_normal_s,normal,480,7.750222222222217
3,S004_normal_s,normal,481,7.750222222222217
3,S004_normal_s,normal,482,7.750222222222217
3,S004_normal_s,normal,483,7.750222222222217
3,S004_normal_s,normal,484,7.750222222222217
3,S004_normal_s,normal,485,7.89522222222222
3,S004_normal_s,normal,486,7.89522222222222
3,S004_normal_s,normal,487,7.89522222222222
3,S004_normal_s,normal,488,7.89522222222222
3,S004_normal_s,normal,489,7.89522222222222
3,S004_normal_s,normal,490,8.040222222222223
3,S004_normal_s,normal,491,8.040222222222223
3,S004_normal_s,normal,492,8.040222222222223
3,S004_normal_s,normal,493,8.040222222222223
3,S004_normal_s,normal,494,8.040222222222223
3,S004_normal_s,normal,495,8.178555555555551
3,S004_normal_s,normal,496,8.178555555555551
3,S004_normal_s,normal,497,8.178555555555551
3,S004_normal_s,normal,498,8.178555555555551
3,S004_normal_s,normal,499,8.178555555555551
3,S004_normal_s,normal,500,8.31688888888888
3,S004_normal_s,normal,501,8.31688888888888
3,S004_normal_s,normal,502,8.31688888888888
3,S004_normal_s,normal,503,8.31688888888888
3,S004_normal_s,normal,504,8.31688888888888
3,S004_normal_s,normal,505,8.45355555555555
3,S004_normal_s,normal,506,8.45355555555555
3,S004_normal_s,normal,507,8.45355555555555
3,S004_normal_s,normal,508,8.45355555555555
3,S004_normal_s,normal,509,8.45355555555555
3,S004_normal_s,normal,510,8.580222222222215
3,S004_normal_s,normal,511,8.580222222222215
3,S004_normal_s,normal,512,8.580222222222215
3,S004_normal_s,normal,513,8.580222222222215
3,S004_normal_s,normal,514,8.580222222222215
3,S004_normal_s,normal,515,8.70022222222222
3,S004_normal_s,normal,516,8.70022222222222
3,S004_normal_s,normal,517,8.70022222222222
3,S004_normal_s,normal,518,8.70022222222222
3,S004_normal_s,normal,519,8.70022222222222
3,S004_normal_s,normal,520,8.830222222222215
3,S004_normal_s,normal,521,8.830222222222215
3,S004_normal_s,normal,522,8.830222222222215
3,S004_normal_s,normal,523,8.830222222222215
3,S004_normal_s,normal,524,8.830222222222215
3,S004_normal_s,normal,525,8.95355555555555
3,S004_normal_s,normal,526,8.95355555555555
3,S004_normal_s,normal,527,8.95355555555555
3,S004_normal_s,normal,528,8.95355555555555
3,S004_normal_s,normal,529,8.95355555555555
3,S004_normal_s,normal,530,9.07522222222222
3,S004_normal_s,normal,531,9.07522222222222
3,S004_normal_s,normal,532,9.07522222222222
3,S004_normal_s,normal,533,9.07522222222222
3,S004_normal_s,normal,534,9.07522222222222
3,S004_normal_s,normal,535,9.186888888888884
3,S004_normal_s,normal,536,9.186888888888884
3,S004_normal_s,normal,537,9.186888888888884
3,S004_normal_s,normal,538,9.186888888888884
3,S004_normal_s,normal,539,9.186888888888884
3,S004_normal_s,normal,540,9.308555555555554
3,S004_normal_s,normal,541,9.308555555555554
3,S004_normal_s,normal,542,9.308555555555554
3,S004_normal_s,normal,543,9.308555555555554
3,S004_normal_s,normal,544,9.308555555555554
3,S004_normal_s,normal,545,9.430222222222216
3,S004_normal_s,normal,546,9.430222222222216
3,S004_normal_s,normal,547,9.430222222222216
3,S004_normal_s,normal,548,9.430222222222216
3,S004_normal_s,normal,549,9.430222222222216
3,S004_normal_s,normal,550,9.54688888888889
3,S004_normal_s,normal,551,9.54688888888889
3,S004_normal_s,normal,552,9.54688888888889
3,S004_normal_s,normal,553,9.54688888888889
3,S004_normal_s,normal,554,9.54688888888889
3,S004_normal_s,normal,555,9.661888888888893
3,S004_normal_s,normal,556,9.661888888888893
3,S004_normal_s,normal,557,9.661888888888893
3,S004_normal_s,normal,558,9.661888888888893
3,S004_normal_s,normal,559,9.661888888888893
3,S004_normal_s,normal,560,9.768555555555562
3,S004_normal_s,normal,561,9.768555555555562
3,S004_normal_s,normal,562,9.768555555555562
3,S004_normal_s,normal,563,9.768555555555562
3,S004_normal_s,normal,564,9.768555555555562
3,S004_normal_s,normal,565,9.865222222222211
3,S004_normal_s,normal,566,9.865222222222211
3,S004_normal_s,normal,567,9.865222222222211
3,S004_normal_s,normal,568,9.865222222222211
3,S004_normal_s,normal,569,9.865222222222211
3,S004_normal_s,normal,570,9.973555555555553
3,S004_normal_s,normal,571,9.973555555555553
3,S004_normal_s,normal,572,9.973555555555553
3,S004_normal_s,normal,573,9.973555555555553
3,S004_normal_s,normal,574,9.973555555555553
3,S004_normal_s,normal,575,10.075222222222212
3,S004_normal_s,normal,576,10.075222222222212
3,S004_normal_s,normal,577,10.075222222222212
3,S004_normal_s,normal,578,10.075222222222212
3,S004_normal_s,normal,579,10.075222222222212
3,S004_normal_s,normal,580,10.173555555555556
3,S004_normal_s,normal,581,10.173555555555556
3,S004_normal_s,normal,582,10.173555555555556
3,S004_normal_s,normal,583,10.173555555555556
3,S004_normal_s,normal,584,10.173555555555556
3,S004_normal_s,normal,585,10.270222222222213
3,S004_normal_s,normal,586,10.270222222222213
3,S004_normal_s,normal,587,10.270222222222213
3,S004_normal_s,normal,588,10.270222222222213
3,S004_normal_s,normal,589,10.270222222222213
3,S004_normal_s,normal,590,10.366888888888884
3,S004_normal_s,normal,591,10.366888888888884
3,S004_normal_s,normal,592,10.366888888888884
3,S004_normal_s,normal,593,10.366888888888884
3,S004_normal_s,normal,594,10.366888888888884
3,S004_normal_s,normal,595,10.465222222222213
3,S004_normal_s,normal,596,10.465222222222213
3,S004_normal_s,normal,597,10.465222222222213
3,S004_normal_s,normal,598,10.465222222222213
3,S004_normal_s,normal,599,10.465222222222213
3,S004_normal_s,normal,600,10.551888888888886
3,S004_normal_s,normal,601,10.551888888888886
3,S004_normal_s,normal,602,10.551888888888886
3,S004_normal_s,normal,603,10.551888888888886
3,S004_normal_s,normal,604,10.551888888888886
3,S004_normal_s,normal,605,10.630222222222205
3,S004_normal_s,normal,606,10.630222222222205
3,S004_normal_s,normal,607,10.630222222222205
3,S004_normal_s,normal,608,10.630222222222205
3,S004_normal_s,normal,609,10.630222222222205
3,S004_normal_s,normal,610,10.710222222222217
3,S004_normal_s,normal,611,10.710222222222217
3,S004_normal_s,normal,612,10.710222222222217
3,S004_normal_s,normal,613,10.710222222222217
3,S004_normal_s,normal,614,10.710222222222217
3,S004_normal_s,normal,615,10.79355555555556
3,S004_normal_s,normal,616,10.79355555555556
3,S004_normal_s,normal,617,10.79355555555556
3,S004_normal_s,normal,618,10.79355555555556
3,S004_normal_s,normal,619,10.79355555555556
3,S004_normal_s,normal,620,10.875222222222224
3,S004_normal_s,normal,621,10.875222222222224
3,S004_normal_s,normal,622,10.875222222222224
3,S004_normal_s,normal,623,10.875222222222224
3,S004_normal_s,normal,624,10.875222222222224
3,S004_normal_s,normal,625,10.96522222222222
3,S004_normal_s,normal,626,10.96522222222222
3,S004_normal_s,normal,627,10.96522222222222
3,S004_normal_s,normal,628,10.96522222222222
3,S004_normal_s,normal,629,10.96522222222222
3,S004_normal_s,normal,630,11.043555555555553
3,S004_normal_s,normal,631,11.043555555555553
3,S004_normal_s,normal,632,11.043555555555553
3,S004_normal_s,normal,633,11.043555555555553
3,S004_normal_s,normal,634,11.043555555555553
3,S004_normal_s,normal,635,11.120222222222214
3,S004_normal_s,normal,636,11.120222222222214
3,S004_normal_s,normal,637,11.120222222222214
3,S004_normal_s,normal,638,11.120222222222214
3,S004_normal_s,normal,639,11.120222222222214
3,S004_normal_s,normal,640,11.198555555555547
3,S004_normal_s,normal,641,11.198555555555547
3,S004_normal_s,normal,642,11.198555555555547
3,S004_normal_s,normal,643,11.198555555555547
3,S004_normal_s,normal,644,11.198555555555547
3,S004_normal_s,normal,645,11.271888888888892
3,S004_normal_s,normal,646,11.271888888888892
3,S004_normal_s,normal,647,11.271888888888892
3,S004_normal_s,normal,648,11.271888888888892
3,S004_normal_s,normal,649,11.271888888888892
3,S004_normal_s,normal,650,11.341888888888892
3,S004_normal_s,normal,651,11.341888888888892
3,S004_normal_s,normal,652,11.341888888888892
3,S004_normal_s,normal,653,11.341888888888892
3,S004_normal_s,normal,654,11.341888888888892
3,S004_normal_s,normal,655,11.41355555555555
3,S004_normal_s,normal,656,11.41355555555555
3,S004_normal_s,normal,657,11.41355555555555
3,S004_normal_s,normal,658,11.41355555555555
3,S004_normal_s,normal,659,11.41355555555555
3,S004_normal_s,normal,660,11.481888888888886
3,S004_normal_s,normal,661,11.481888888888886
3,S004_normal_s,normal,662,11.481888888888886
3,S004_normal_s,normal,663,11.481888888888886
3,S004_normal_s,normal,664,11.481888888888886
3,S004_normal_s,normal,665,11.54355555555556
3,S004_normal_s,normal,666,11.54355555555556
3,S004_normal_s,normal,667,11.54355555555556
3,S004_normal_s,normal,668,11.54355555555556
3,S004_normal_s,normal,669,11.54355555555556
3,S004_normal_s,normal,670,11.613555555555546
3,S004_normal_s,normal,671,11.613555555555546
3,S004_normal_s,normal,672,11.613555555555546
3,S004_normal_s,normal,673,11.613555555555546
3,S004_normal_s,normal,674,11.613555555555546
3,S004_normal_s,normal,675,11.673555555555549
3,S004_normal_s,normal,676,11.673555555555549
3,S004_normal_s,normal,677,11.673555555555549
3,S004_normal_s,normal,678,11.673555555555549
3,S004_normal_s,normal,679,11.673555555555549
3,S004_normal_s,normal,680,11.73855555555554
3,S004_normal_s,normal,681,11.73855555555554
3,S004_normal_s,normal,682,11.73855555555554
3,S004_normal_s,normal,683,11.73855555555554
3,S004_normal_s,normal,684,11.73855555555554
3,S004_normal_s,normal,685,11.798555555555549
3,S004_normal_s,normal,686,11.798555555555549
3,S004_normal_s,normal,687,11.798555555555549
3,S004_normal_s,normal,688,11.798555555555549
3,S004_normal_s,normal,689,11.798555555555549
3,S004_normal_s,normal,690,11.858555555555544
3,S004_normal_s,normal,691,11.858555555555544
3,S004_normal_s,normal,692,11.858555555555544
3,S004_normal_s,normal,693,11.858555555555544
3,S004_normal_s,normal,694,11.858555555555544
3,S004_normal_s,normal,695,11.908555555555548
3,S004_normal_s,normal,696,11.908555555555548
3,S004_normal_s,normal,697,11.908555555555548
3,S004_normal_s,normal,698,11.908555555555548
3,S004_normal_s,normal,699,11.908555555555548
3,S004_normal_s,normal,700,11.95688888888888
3,S004_normal_s,normal,701,11.95688888888888
3,S004_normal_s,normal,702,11.95688888888888
3,S004_normal_s,normal,703,11.95688888888888
3,S004_normal_s,normal,704,11.95688888888888
3,S004_normal_s,normal,705,12.016888888888882
3,S004_normal_s,normal,706,12.016888888888882
3,S004_normal_s,normal,707,12.016888888888882
3,S004_normal_s,normal,708,12.016888888888882
3,S004_normal_s,normal,709,12.016888888888882
3,S004_normal_s,normal,710,12.073555555555547
3,S004_normal_s,normal,711,12.073555555555547
3,S004_normal_s,normal,712,12.073555555555547
3,S004_normal_s,normal,713,12.073555555555547
3,S004_normal_s,normal,714,12.073555555555547
3,S004_normal_s,normal,715,12.126888888888882
3,S004_normal_s,normal,716,12.126888888888882
3,S004_normal_s,normal,717,12.126888888888882
3,S004_normal_s,normal,718,12.126888888888882
3,S004_normal_s,normal,719,12.126888888888882
3,S004_normal_s,normal,720,12.178555555555551
3,S004_normal_s,normal,721,12.178555555555551
3,S004_normal_s,normal,722,12.178555555555551
3,S004_normal_s,normal,723,12.178555555555551
3,S004_normal_s,normal,724,12.178555555555551
3,S004_normal_s,normal,725,12.235222222222216
3,S004_normal_s,normal,726,12.235222222222216
3,S004_normal_s,normal,727,12.235222222222216
3,S004_normal_s,normal,728,12.235222222222216
3,S004_normal_s,normal,729,12.235222222222216
3,S004_normal_s,normal,730,12.280222222222218
3,S004_normal_s,normal,731,12.280222222222218
3,S004_normal_s,normal,732,12.280222222222218
3,S004_normal_s,normal,733,12.280222222222218
3,S004_normal_s,normal,734,12.280222222222218
3,S004_normal_s,normal,735,12.336888888888875
3,S004_normal_s,normal,736,12.336888888888875
3,S004_normal_s,normal,737,12.336888888888875
3,S004_normal_s,normal,738,12.336888888888875
3,S004_normal_s,normal,739,12.336888888888875
3,S004_normal_s,normal,740,12.396888888888899
3,S004_normal_s,normal,741,12.396888888888899
3,S004_normal_s,normal,742,12.396888888888899
3,S004_normal_s,normal,743,12.396888888888899
3,S004_normal_s,normal,744,12.396888888888899
3,S004_normal_s,normal,745,12.446888888888896
3,S004_normal_s,normal,746,12.446888888888896
3,S004_normal_s,normal,747,12.446888888888896
3,S004_normal_s,normal,748,12.446888888888896
3,S004_normal_s,normal,749,12.446888888888896
3,S004_normal_s,normal,750,12.49188888888889
3,S004_normal_s,normal,751,12.49188888888889
3,S004_normal_s,normal,752,12.49188888888889
3,S004_normal_s,normal,753,12.49188888888889
3,S004_normal_s,normal,754,12.49188888888889
3,S004_normal_s,normal,755,12.553555555555558
3,S004_normal_s,normal,756,12.553555555555558
3,S004_normal_s,normal,757,12.553555555555558
3,S004_normal_s,normal,758,12.553555555555558
3,S004_normal_s,normal,759,12.553555555555558
3,S004_normal_s,normal,760,12.608555555555558
3,S004_normal_s,normal,761,12.608555555555558
3,S004_normal_s,normal,762,12.608555555555558
3,S004_normal_s,normal,763,12.608555555555558
3,S004_normal_s,normal,764,12.608555555555558
3,S004_normal_s,normal,765,12.648555555555564
3,S004_normal_s,normal,766,12.648555555555564
3,S004_normal_s,normal,767,12.648555555555564
3,S004_normal_s,normal,768,12.648555555555564
3,S004_normal_s,normal,769,12.648555555555564
3,S004_normal_s,normal,770,12.691888888888887
3,S004_normal_s,normal,771,12.691888888888887
3,S004_normal_s,normal,772,12.691888888888887
3,S004_normal_s,normal,773,12.691888888888887
3,S004_normal_s,normal,774,12.691888888888887
3,S004_normal_s,normal,775,12.740222222222211
3,S004_normal_s,normal,776,12.740222222222211
3,S004_normal_s,normal,777,12.740222222222211
3,S004_normal_s,normal,778,12.740222222222211
3,S004_normal_s,normal,779,12.740222222222211
3,S004_normal_s,normal,780,12.78522222222222
3,S004_normal_s,normal,781,12.78522222222222
3,S004_normal_s,normal,782,12.78522222222222
3,S004_normal_s,normal,783,12.78522222222222
3,S004_normal_s,normal,784,12.78522222222222
3,S004_normal_s,normal,785,12.83188888888888
3,S004_normal_s,normal,786,12.83188888888888
3,S004_normal_s,normal,787,12.83188888888888
3,S004_normal_s,normal,788,12.83188888888888
3,S004_normal_s,normal,789,12.83188888888888
3,S004_normal_s,normal,790,12.87522222222221
3,S004_normal_s,normal,791,12.87522222222221
3,S004_normal_s,normal,792,12.87522222222221
3,S004_normal_s,normal,793,12.87522222222221
3,S004_normal_s,normal,794,12.87522222222221
3,S004_normal_s,normal,795,12.91355555555555
3,S004_normal_s,normal,796,12.91355555555555
3,S004_normal_s,normal,797,12.91355555555555
3,S004_normal_s,normal,798,12.91355555555555
3,S004_normal_s,normal,799,12.91355555555555
3,S004_normal_s,normal,800,12.93855555555555
3,S004_normal_s,normal,801,12.93855555555555
3,S004_normal_s,normal,802,12.93855555555555
3,S004_normal_s,normal,803,12.93855555555555
3,S004_normal_s,normal,804,12.93855555555555
3,S004_normal_s,normal,805,12.96855555555555
3,S004_normal_s,normal,806,12.96855555555555
3,S004_normal_s,normal,807,12.96855555555555
3,S004_normal_s,normal,808,12.96855555555555
3,S004_normal_s,normal,809,12.96855555555555
3,S004_normal_s,normal,810,13.011888888888901
3,S004_normal_s,normal,811,13.011888888888901
3,S004_normal_s,normal,812,13.011888888888901
3,S004_normal_s,normal,813,13.011888888888901
3,S004_normal_s,normal,814,13.011888888888901
3,S004_normal_s,normal,815,13.040222222222223
3,S004_normal_s,normal,816,13.040222222222223
3,S004_normal_s,normal,817,13.040222222222223
3,S004_normal_s,normal,818,13.040222222222223
3,S004_normal_s,normal,819,13.040222222222223
3,S004_normal_s,normal,820,13.076888888888877
3,S004_normal_s,normal,821,13.076888888888877
3,S004_normal_s,normal,822,13.076888888888877
3,S004_normal_s,normal,823,13.076888888888877
3,S004_normal_s,normal,824,13.076888888888877
3,S004_normal_s,normal,825,13.116888888888884
3,S004_normal_s,normal,826,13.116888888888884
3,S004_normal_s,normal,827,13.116888888888884
3,S004_normal_s,normal,828,13.116888888888884
3,S004_normal_s,normal,829,13.116888888888884
3,S004_normal_s,normal,830,13.148555555555557
3,S004_normal_s,normal,831,13.148555555555557
3,S004_normal_s,normal,832,13.148555555555557
3,S004_normal_s,normal,833,13.148555555555557
3,S004_normal_s,normal,834,13.148555555555557
3,S004_normal_s,normal,835,13.183555555555554
3,S004_normal_s,normal,836,13.183555555555554
3,S004_normal_s,normal,837,13.183555555555554
3,S004_normal_s,normal,838,13.183555555555554
3,S004_normal_s,normal,839,13.183555555555554
3,S004_normal_s,normal,840,13.218555555555557
3,S004_normal_s,normal,841,13.218555555555557
3,S004_normal_s,normal,842,13.218555555555557
3,S004_normal_s,normal,843,13.218555555555557
3,S004_normal_s,normal,844,13.218555555555557
3,S004_normal_s,normal,845,13.25522222222222
3,S004_normal_s,normal,846,13.25522222222222
3,S004_normal_s,normal,847,13.25522222222222
3,S004_normal_s,normal,848,13.25522222222222
3,S004_normal_s,normal,849,13.25522222222222
3,S004_normal_s,normal,850,13.290222222222216
3,S004_normal_s,normal,851,13.290222222222216
3,S004_normal_s,normal,852,13.290222222222216
3,S004_normal_s,normal,853,13.290222222222216
3,S004_normal_s,normal,854,13.290222222222216
3,S004_normal_s,normal,855,13.325222222222212
3,S004_normal_s,normal,856,13.325222222222212
3,S004_normal_s,normal,857,13.325222222222212
3,S004_normal_s,normal,858,13.325222222222212
3,S004_normal_s,normal,859,13.325222222222212
3,S004_normal_s,normal,860,13.361888888888881
3,S004_normal_s,normal,861,13.361888888888881
3,S004_normal_s,normal,862,13.361888888888881
3,S004_normal_s,normal,863,13.361888888888881
3,S004_normal_s,normal,864,13.361888888888881
3,S004_normal_s,normal,865,13.398555555555543
3,S004_normal_s,normal,866,13.398555555555543
3,S004_normal_s,normal,867,13.398555555555543
3,S004_normal_s,normal,868,13.398555555555543
3,S004_normal_s,normal,869,13.398555555555543
3,S004_normal_s,normal,870,13.423555555555549
3,S004_normal_s,normal,871,13.423555555555549
3,S004_normal_s,normal,872,13.423555555555549
3,S004_normal_s,normal,873,13.423555555555549
3,S004_normal_s,normal,874,13.423555555555549
3,S004_normal_s,normal,875,13.466888888888892
3,S004_normal_s,normal,876,13.466888888888892
3,S004_normal_s,normal,877,13.466888888888892
3,S004_normal_s,normal,878,13.466888888888892
3,S004_normal_s,normal,879,13.466888888888892
3,S004_normal_s,normal,880,13.49688888888888
3,S004_normal_s,normal,881,13.49688888888888
3,S004_normal_s,normal,882,13.49688888888888
3,S004_normal_s,normal,883,13.49688888888888
3,S004_normal_s,normal,884,13.49688888888888
3,S004_normal_s,normal,885,13.520222222222205
3,S004_normal_s,normal,886,13.520222222222205
3,S004_normal_s,normal,887,13.520222222222205
3,S004_normal_s,normal,888,13.520222222222205
3,S004_normal_s,normal,889,13.520222222222205
3,S004_normal_s,normal,890,13.546888888888883
3,S004_normal_s,normal,891,13.546888888888883
3,S004_normal_s,normal,892,13.546888888888883
3,S004_normal_s,normal,893,13.546888888888883
3,S004_normal_s,normal,894,13.546888888888883
3,S004_normal_s,normal,895,13.568555555555545
3,S004_normal_s,normal,896,13.568555555555545
3,S004_normal_s,normal,897,13.568555555555545
3,S004_normal_s,normal,898,13.568555555555545
3,S004_normal_s,normal,899,13.568555555555545
3,S004_normal_s,normal,900,13.586888888888868
3,S004_normal_s,normal,901,13.586888888888868
3,S004_normal_s,normal,902,13.586888888888868
3,S004_normal_s,normal,903,13.586888888888868
3,S004_normal_s,normal,904,13.586888888888868
3,S004_normal_s,normal,905,13.608555555555544
3,S004_normal_s,normal,906,13.608555555555544
3,S004_normal_s,normal,907,13.608555555555544
3,S004_normal_s,normal,908,13.608555555555544
3,S004_normal_s,normal,909,13.608555555555544
3,S004_normal_s,normal,910,13.636888888888887
3,S004_normal_s,normal,911,13.636888888888887
3,S004_normal_s,normal,912,13.636888888888887
3,S004_normal_s,normal,913,13.636888888888887
3,S004_normal_s,normal,914,13.636888888888887
3,S004_normal_s,normal,915,13.646888888888878
3,S004_normal_s,normal,916,13.646888888888878
3,S004_normal_s,normal,917,13.646888888888878
3,S004_normal_s,normal,918,13.646888888888878
3,S004_normal_s,normal,919,13.646888888888878
3,S004_normal_s,normal,920,13.671888888888883
3,S004_normal_s,normal,921,13.671888888888883
3,S004_normal_s,normal,922,13.671888888888883
3,S004_normal_s,normal,923,13.671888888888883
3,S004_normal_s,normal,924,13.671888888888883
3,S004_normal_s,normal,925,13.690222222222229
3,S004_normal_s,normal,926,13.690222222222229
3,S004_normal_s,normal,927,13.690222222222229
3,S004_normal_s,normal,928,13.690222222222229
3,S004_normal_s,normal,929,13.690222222222229
3,S004_normal_s,normal,930,13.711888888888897
3,S004_normal_s,normal,931,13.711888888888897
3,S004_normal_s,normal,932,13.711888888888897
3,S004_normal_s,normal,933,13.711888888888897
3,S004_normal_s,normal,934,13.711888888888897
3,S004_normal_s,normal,935,13.72688888888889
3,S004_normal_s,normal,936,13.72688888888889
3,S004_normal_s,normal,937,13.72688888888889
3,S004_normal_s,normal,938,13.72688888888889
3,S004_normal_s,normal,939,13.72688888888889
3,S004_normal_s,normal,940,13.750222222222217
3,S004_normal_s,normal,941,13.750222222222217
3,S004_normal_s,normal,942,13.750222222222217
3,S004_normal_s,normal,943,13.750222222222217
3,S004_normal_s,normal,944,13.750222222222217
3,S004_normal_s,normal,945,13.776888888888895
3,S004_normal_s,normal,946,13.776888888888895
3,S004_normal_s,normal,947,13.776888888888895
3,S004_normal_s,normal,948,13.776888888888895
3,S004_normal_s,normal,949,13.776888888888895
3,S004_normal_s,normal,950,13.798555555555556
3,S004_normal_s,normal,951,13.798555555555556
3,S004_normal_s,normal,952,13.798555555555556
3,S004_normal_s,normal,953,13.798555555555556
3,S004_normal_s,normal,954,13.798555555555556
3,S004_normal_s,normal,955,13.82188888888889
3,S004_normal_s,normal,956,13.82188888888889
3,S004_normal_s,normal,957,13.82188888888889
3,S004_normal_s,normal,958,13.82188888888889
3,S004_normal_s,normal,959,13.82188888888889
3,S004_normal_s,normal,960,13.846888888888888
3,S004_normal_s,normal,961,13.846888888888888
3,S004_normal_s,normal,962,13.846888888888888
3,S004_normal_s,normal,963,13.846888888888888
3,S004_normal_s,normal,964,13.846888888888888
3,S004_normal_s,normal,965,13.866888888888877
3,S004_normal_s,normal,966,13.866888888888877
3,S004_normal_s,normal,967,13.866888888888877
3,S004_normal_s,normal,968,13.866888888888877
3,S004_normal_s,normal,969,13.866888888888877
3,S004_normal_s,normal,970,13.88355555555555
3,S004_normal_s,normal,971,13.88355555555555
3,S004_normal_s,normal,972,13.88355555555555
3,S004_normal_s,normal,973,13.88355555555555
3,S004_normal_s,normal,974,13.88355555555555
3,S004_normal_s,normal,975,13.91355555555555
3,S004_normal_s,normal,976,13.91355555555555
3,S004_normal_s,normal,977,13.91355555555555
3,S004_normal_s,normal,978,13.91355555555555
3,S004_normal_s,normal,979,13.91355555555555
3,S004_normal_s,normal,980,13.931888888888881
3,S004_normal_s,normal,981,13.931888888888881
3,S004_normal_s,normal,982,13.931888888888881
3,S004_normal_s,normal,983,13.931888888888881
3,S004_normal_s,normal,984,13.931888888888881
3,S004_normal_s,normal,985,13.950222222222212
3,S004_normal_s,normal,986,13.950222222222212
3,S004_normal_s,normal,987,13.950222222222212
3,S004_normal_s,normal,988,13.950222222222212
3,S004_normal_s,normal,989,13.950222222222212
3,S004_normal_s,normal,990,13.976888888888876
3,S004_normal_s,normal,991,13.976888888888876
3,S004_normal_s,normal,992,13.976888888888876
3,S004_normal_s,normal,993,13.976888888888876
3,S004_normal_s,normal,994,13.976888888888876
3,S004_normal_s,normal,995,13.990222222222211
3,S004_normal_s,normal,996,13.990222222222211
3,S004_normal_s,normal,997,13.990222222222211
3,S004_normal_s,normal,998,13.990222222222211
3,S004_normal_s,normal,999,13.990222222222211
3,S004_normal_s,normal,1000,13.993555555555549
3,S004_normal_s,normal,1001,13.993555555555549
3,S004_normal_s,normal,1002,13.993555555555549
3,S004_normal_s,normal,1003,13.993555555555549
3,S004_normal_s,normal,1004,13.993555555555549
3,S004_normal_s,normal,1005,14.005222222222205
3,S004_normal_s,normal,1006,14.005222222222205
3,S004_normal_s,normal,1007,14.005222222222205
3,S004_normal_s,normal,1008,14.005222222222205
3,S004_normal_s,normal,1009,14.005222222222205
3,S004_normal_s,normal,1010,14.01855555555554
3,S004_normal_s,normal,1011,14.01855555555554
3,S004_normal_s,normal,1012,14.01855555555554
3,S004_normal_s,normal,1013,14.01855555555554
3,S004_normal_s,normal,1014,14.01855555555554
3,S004_normal_s,normal,1015,14.040222222222223
3,S004_normal_s,normal,1016,14.040222222222223
3,S004_normal_s,normal,1017,14.040222222222223
3,S004_normal_s,normal,1018,14.040222222222223
3,S004_normal_s,normal,1019,14.040222222222223
3,S004_normal_s,normal,1020,14.060222222222212
3,S004_normal_s,normal,1021,14.060222222222212
3,S004_normal_s,normal,1022,14.060222222222212
3,S004_normal_s,normal,1023,14.060222222222212
3,S004_normal_s,normal,1024,14.060222222222212
3,S004_normal_s,normal,1025,14.070222222222217
3,S004_normal_s,normal,1026,14.070222222222217
3,S004_normal_s,normal,1027,14.070222222222217
3,S004_normal_s,normal,1028,14.070222222222217
3,S004_normal_s,normal,1029,14.070222222222217
3,S004_normal_s,normal,1030,14.086888888888883
3,S004_normal_s,normal,1031,14.086888888888883
3,S004_normal_s,normal,1032,14.086888888888883
3,S004_normal_s,normal,1033,14.086888888888883
3,S004_normal_s,normal,1034,14.086888888888883
3,S004_normal_s,normal,1035,14.10188888888889
3,S004_normal_s,normal,1036,14.10188888888889
3,S004_normal_s,normal,1037,14.10188888888889
3,S004_normal_s,normal,1038,14.10188888888889
3,S004_normal_s,normal,1039,14.10188888888889
3,S004_normal_s,normal,1040,14.111888888888888
3,S004_normal_s,normal,1041,14.111888888888888
3,S004_normal_s,normal,1042,14.111888888888888
3,S004_normal_s,normal,1043,14.111888888888888
3,S004_normal_s,normal,1044,14.111888888888888
3,S004_normal_s,normal,1045,14.13022222222222
3,S004_normal_s,normal,1046,14.13022222222222
3,S004_normal_s,normal,1047,14.13022222222222
3,S004_normal_s,normal,1048,14.13022222222222
3,S004_normal_s,normal,1049,14.13022222222222
3,S004_normal_s,normal,1050,14.145222222222213
3,S004_normal_s,normal,1051,14.145222222222213
3,S004_normal_s,normal,1052,14.145222222222213
3,S004_normal_s,normal,1053,14.145222222222213
3,S004_normal_s,normal,1054,14.145222222222213
3,S004_normal_s,normal,1055,14.158555555555548
3,S004_normal_s,normal,1056,14.158555555555548
3,S004_normal_s,normal,1057,14.158555555555548
3,S004_normal_s,normal,1058,14.158555555555548
3,S004_normal_s,normal,1059,14.158555555555548
3,S004_normal_s,normal,1060,14.178555555555558
3,S004_normal_s,normal,1061,14.178555555555558
3,S004_normal_s,normal,1062,14.178555555555558
3,S004_normal_s,normal,1063,14.178555555555558
3,S004_normal_s,normal,1064,14.178555555555558
3,S004_normal_s,normal,1065,14.193555555555559
3,S004_normal_s,normal,1066,14.193555555555559
3,S004_normal_s,normal,1067,14.193555555555559
3,S004_normal_s,normal,1068,14.193555555555559
3,S004_normal_s,normal,1069,14.193555555555559
3,S004_normal_s,normal,1070,14.210222222222225
3,S004_normal_s,normal,1071,14.210222222222225
3,S004_normal_s,normal,1072,14.210222222222225
3,S004_normal_s,normal,1073,14.210222222222225
3,S004_normal_s,normal,1074,14.210222222222225
3,S004_normal_s,normal,1075,14.210222222222225
3,S004_normal_s,normal,1076,14.210222222222225
3,S004_normal_s,normal,1077,14.210222222222225
3,S004_normal_s,normal,1078,14.210222222222225
3,S004_normal_s,normal,1079,14.210222222222225
3,S004_normal_s,normal,1080,14.230222222222213
3,S004_normal_s,normal,1081,14.230222222222213
3,S004_normal_s,normal,1082,14.230222222222213
3,S004_normal_s,normal,1083,14.230222222222213
3,S004_normal_s,normal,1084,14.230222222222213
3,S004_normal_s,normal,1085,14.243555555555556
3,S004_normal_s,normal,1086,14.243555555555556
3,S004_normal_s,normal,1087,14.243555555555556
3,S004_normal_s,normal,1088,14.243555555555556
3,S004_normal_s,normal,1089,14.243555555555556
3,S004_normal_s,normal,1090,14.25522222222222
3,S004_normal_s,normal,1091,14.25522222222222
3,S004_normal_s,normal,1092,14.25522222222222
3,S004_normal_s,normal,1093,14.25522222222222
3,S004_normal_s,normal,1094,14.25522222222222
3,S004_normal_s,normal,1095,14.26188888888888
3,S004_normal_s,normal,1096,14.26188888888888
3,S004_normal_s,normal,1097,14.26188888888888
3,S004_normal_s,normal,1098,14.26188888888888
3,S004_normal_s,normal,1099,14.26188888888888
3,S004_normal_s,normal,1100,14.270222222222227
3,S004_normal_s,normal,1101,14.270222222222227
3,S004_normal_s,normal,1102,14.270222222222227
3,S004_normal_s,normal,1103,14.270222222222227
3,S004_normal_s,normal,1104,14.270222222222227
3,S004_normal_s,normal,1105,14.283555555555555
3,S004_normal_s,normal,1106,14.283555555555555
3,S004_normal_s,normal,1107,14.283555555555555
3,S004_normal_s,normal,1108,14.283555555555555
3,S004_normal_s,normal,1109,14.283555555555555
3,S004_normal_s,normal,1110,14.290222222222223
3,S004_normal_s,normal,1111,14.290222222222223
3,S004_normal_s,normal,1112,14.290222222222223
3,S004_normal_s,normal,1113,14.290222222222223
3,S004_normal_s,normal,1114,14.290222222222223
3,S004_normal_s,normal,1115,14.308555555555554
3,S004_normal_s,normal,1116,14.308555555555554
3,S004_normal_s,normal,1117,14.308555555555554
3,S004_normal_s,normal,1118,14.308555555555554
3,S004_normal_s,normal,1119,14.308555555555554
3,S004_normal_s,normal,1120,14.318555555555559
3,S004_normal_s,normal,1121,14.318555555555559
3,S004_normal_s,normal,1122,14.318555555555559
3,S004_normal_s,normal,1123,14.318555555555559
3,S004_normal_s,normal,1124,14.318555555555559
3,S004_normal_s,normal,1125,14.323555555555554
3,S004_normal_s,normal,1126,14.323555555555554
3,S004_normal_s,normal,1127,14.323555555555554
3,S004_normal_s,normal,1128,14.323555555555554
3,S004_normal_s,normal,1129,14.323555555555554
3,S004_normal_s,normal,1130,14.335222222222217
3,S004_normal_s,normal,1131,14.335222222222217
3,S004_normal_s,normal,1132,14.335222222222217
3,S004_normal_s,normal,1133,14.335222222222217
3,S004_normal_s,normal,1134,14.335222222222217
3,S004_normal_s,normal,1135,14.351888888888883
3,S004_normal_s,normal,1136,14.351888888888883
3,S004_normal_s,normal,1137,14.351888888888883
3,S004_normal_s,normal,1138,14.351888888888883
3,S004_normal_s,normal,1139,14.351888888888883
3,S004_normal_s,normal,1140,14.35188888888889
3,S004_normal_s,normal,1141,14.35188888888889
3,S004_normal_s,normal,1142,14.35188888888889
3,S004_normal_s,normal,1143,14.35188888888889
3,S004_normal_s,normal,1144,14.35188888888889
3,S004_normal_s,normal,1145,14.366888888888884
3,S004_normal_s,normal,1146,14.366888888888884
3,S004_normal_s,normal,1147,14.366888888888884
3,S004_normal_s,normal,1148,14.366888888888884
3,S004_normal_s,normal,1149,14.366888888888884
3,S004_normal_s,normal,1150,14.375222222222217
3,S004_normal_s,normal,1151,14.375222222222217
3,S004_normal_s,normal,1152,14.375222222222217
3,S004_normal_s,normal,1153,14.375222222222217
3,S004_normal_s,normal,1154,14.375222222222217
3,S004_normal_s,normal,1155,14.381888888888884
3,S004_normal_s,normal,1156,14.381888888888884
3,S004_normal_s,normal,1157,14.381888888888884
3,S004_normal_s,normal,1158,14.381888888888884
3,S004_normal_s,normal,1159,14.381888888888884
3,S004_normal_s,normal,1160,14.386888888888901
3,S004_normal_s,normal,1161,14.386888888888901
3,S004_normal_s,normal,1162,14.386888888888901
3,S004_normal_s,normal,1163,14.386888888888901
3,S004_normal_s,normal,1164,14.386888888888901
3,S004_normal_s,normal,1165,14.39022222222221
3,S004_normal_s,normal,1166,14.39022222222221
3,S004_normal_s,normal,1167,14.39022222222221
3,S004_normal_s,normal,1168,14.39022222222221
3,S004_normal_s,normal,1169,14.39022222222221
3,S004_normal_s,normal,1170,14.390222222222231
3,S004_normal_s,normal,1171,14.390222222222231
3,S004_normal_s,normal,1172,14.390222222222231
3,S004_normal_s,normal,1173,14.390222222222231
3,S004_normal_s,normal,1174,14.390222222222231
3,S004_normal_s,normal,1175,14.378555555555554
3,S004_normal_s,normal,1176,14.378555555555554
3,S004_normal_s,normal,1177,14.378555555555554
3,S004_normal_s,normal,1178,14.378555555555554
3,S004_normal_s,normal,1179,14.378555555555554
3,S004_normal_s,normal,1180,14.348555555555553
3,S004_normal_s,normal,1181,14.348555555555553
3,S004_normal_s,normal,1182,14.348555555555553
3,S004_normal_s,normal,1183,14.348555555555553
3,S004_normal_s,normal,1184,14.348555555555553
3,S004_normal_s,normal,1185,14.298555555555556
3,S004_normal_s,normal,1186,14.298555555555556
3,S004_normal_s,normal,1187,14.298555555555556
3,S004_normal_s,normal,1188,14.298555555555556
3,S004_normal_s,normal,1189,14.298555555555556
3,S004_normal_s,normal,1190,14.21855555555555
3,S004_normal_s,normal,1191,14.21855555555555
3,S004_normal_s,normal,1192,14.21855555555555
3,S004_normal_s,normal,1193,14.21855555555555
3,S004_normal_s,normal,1194,14.21855555555555
3,S004_normal_s,normal,1195,14.118555555555549
3,S004_normal_s,normal,1196,14.118555555555549
3,S004_normal_s,normal,1197,14.118555555555549
3,S004_normal_s,normal,1198,14.118555555555549
3,S004_normal_s,normal,1199,14.118555555555549
3,S004_normal_s,normal,1200,13.990222222222211
3,S004_normal_s,normal,1201,13.990222222222211
3,S004_normal_s,normal,1202,13.990222222222211
3,S004_normal_s,normal,1203,13.990222222222211
3,S004_normal_s,normal,1204,13.990222222222211
3,S004_normal_s,normal,1205,13.841888888888885
3,S004_normal_s,normal,1206,13.841888888888885
3,S004_normal_s,normal,1207,13.841888888888885
3,S004_normal_s,normal,1208,13.841888888888885
3,S004_normal_s,normal,1209,13.841888888888885
3,S004_normal_s,normal,1210,13.663555555555558
3,S004_normal_s,normal,1211,13.663555555555558
3,S004_normal_s,normal,1212,13.663555555555558
3,S004_normal_s,normal,1213,13.663555555555558
3,S004_normal_s,normal,1214,13.663555555555558
3,S004_normal_s,normal,1215,13.46855555555555
3,S004_normal_s,normal,1216,13.46855555555555
3,S004_normal_s,normal,1217,13.46855555555555
3,S004_normal_s,normal,1218,13.46855555555555
3,S004_normal_s,normal,1219,13.46855555555555
3,S004_normal_s,normal,1220,13.263555555555552
3,S004_normal_s,normal,1221,13.263555555555552
3,S004_normal_s,normal,1222,13.263555555555552
3,S004_normal_s,normal,1223,13.263555555555552
3,S004_normal_s,normal,1224,13.263555555555552
3,S004_normal_s,normal,1225,13.03522222222222
3,S004_normal_s,normal,1226,13.03522222222222
3,S004_normal_s,normal,1227,13.03522222222222
3,S004_normal_s,normal,1228,13.03522222222222
3,S004_normal_s,normal,1229,13.03522222222222
3,S004_normal_s,normal,1230,12.775222222222222
3,S004_normal_s,normal,1231,12.775222222222222
3,S004_normal_s,normal,1232,12.775222222222222
3,S004_normal_s,normal,1233,12.775222222222222
3,S004_normal_s,normal,1234,12.775222222222222
3,S004_normal_s,normal,1235,12.515222222222217
3,S004_normal_s,normal,1236,12.515222222222217
3,S004_normal_s,normal,1237,12.515222222222217
3,S004_normal_s,normal,1238,12.515222222222217
3,S004_normal_s,normal,1239,12.515222222222217
3,S004_normal_s,normal,1240,12.251888888888889
3,S004_normal_s,normal,1241,12.251888888888889
3,S004_normal_s,normal,1242,12.251888888888889
3,S004_normal_s,normal,1243,12.251888888888889
3,S004_normal_s,normal,1244,12.251888888888889
3,S004_normal_s,normal,1245,12.00355555555554
3,S004_normal_s,normal,1246,12.00355555555554
3,S004_normal_s,normal,1247,12.00355555555554
3,S004_normal_s,normal,1248,12.00355555555554
3,S004_normal_s,normal,1249,12.00355555555554
3,S004_normal_s,normal,1250,11.756888888888877
3,S004_normal_s,normal,1251,11.756888888888877
3,S004_normal_s,normal,1252,11.756888888888877
3,S004_normal_s,normal,1253,11.756888888888877
3,S004_normal_s,normal,1254,11.756888888888877
3,S004_normal_s,normal,1255,11.50855555555555
3,S004_normal_s,normal,1256,11.50855555555555
3,S004_normal_s,normal,1257,11.50855555555555
3,S004_normal_s,normal,1258,11.50855555555555
3,S004_normal_s,normal,1259,11.50855555555555
3,S004_normal_s,normal,1260,11.275222222222222
3,S004_normal_s,normal,1261,11.275222222222222
3,S004_normal_s,normal,1262,11.275222222222222
3,S004_normal_s,normal,1263,11.275222222222222
3,S004_normal_s,normal,1264,11.275222222222222
3,S004_normal_s,normal,1265,11.040222222222216
3,S004_normal_s,normal,1266,11.040222222222216
3,S004_normal_s,normal,1267,11.040222222222216
3,S004_normal_s,normal,1268,11.040222222222216
3,S004_normal_s,normal,1269,11.040222222222216
3,S004_normal_s,normal,1270,10.815222222222214
3,S004_normal_s,normal,1271,10.815222222222214
3,S004_normal_s,normal,1272,10.815222222222214
3,S004_normal_s,normal,1273,10.815222222222214
3,S004_normal_s,normal,1274,10.815222222222214
3,S004_normal_s,normal,1275,10.593555555555557
3,S004_normal_s,normal,1276,10.593555555555557
3,S004_normal_s,normal,1277,10.593555555555557
3,S004_normal_s,normal,1278,10.593555555555557
3,S004_normal_s,normal,1279,10.593555555555557
3,S004_normal_s,normal,1280,10.368555555555549
3,S004_normal_s,normal,1281,10.368555555555549
3,S004_normal_s,normal,1282,10.368555555555549
3,S004_normal_s,normal,1283,10.368555555555549
3,S004_normal_s,normal,1284,10.368555555555549
3,S004_normal_s,normal,1285,10.145222222222213
3,S004_normal_s,normal,1286,10.145222222222213
3,S004_normal_s,normal,1287,10.145222222222213
3,S004_normal_s,normal,1288,10.145222222222213
3,S004_normal_s,normal,1289,10.145222222222213
3,S004_normal_s,normal,1290,9.940222222222221
3,S004_normal_s,normal,1291,9.940222222222221
3,S004_normal_s,normal,1292,9.940222222222221
3,S004_normal_s,normal,1293,9.940222222222221
3,S004_normal_s,normal,1294,9.940222222222221
3,S004_normal_s,normal,1295,9.725222222222225
3,S004_normal_s,normal,1296,9.725222222222225
3,S004_normal_s,normal,1297,9.725222222222225
3,S004_normal_s,normal,1298,9.725222222222225
3,S004_normal_s,normal,1299,9.725222222222225
3,S004_normal_s,normal,1300,9.523555555555557
3,S004_normal_s,normal,1301,9.523555555555557
3,S004_normal_s,normal,1302,9.523555555555557
3,S004_normal_s,normal,1303,9.523555555555557
3,S004_normal_s,normal,1304,9.523555555555557
3,S004_normal_s,normal,1305,9.315222222222214
3,S004_normal_s,normal,1306,9.315222222222214
3,S004_normal_s,normal,1307,9.315222222222214
3,S004_normal_s,normal,1308,9.315222222222214
3,S004_normal_s,normal,1309,9.315222222222214
3,S004_normal_s,normal,1310,9.110222222222216
3,S004_normal_s,normal,1311,9.110222222222216
3,S004_normal_s,normal,1312,9.110222222222216
3,S004_normal_s,normal,1313,9.110222222222216
3,S004_normal_s,normal,1314,9.110222222222216
3,S004_normal_s,normal,1315,8.92522222222222
3,S004_normal_s,normal,1316,8.92522222222222
3,S004_normal_s,normal,1317,8.92522222222222
3,S004_normal_s,normal,1318,8.92522222222222
3,S004_normal_s,normal,1319,8.92522222222222
3,S004_normal_s,normal,1320,8.72188888888888
3,S004_normal_s,normal,1321,8.72188888888888
3,S004_normal_s,normal,1322,8.72188888888888
3,S004_normal_s,normal,1323,8.72188888888888
3,S004_normal_s,normal,1324,8.72188888888888
3,S004_normal_s,normal,1325,8.53188888888889
3,S004_normal_s,normal,1326,8.53188888888889
3,S004_normal_s,normal,1327,8.53188888888889
3,S004_normal_s,normal,1328,8.53188888888889
3,S004_normal_s,normal,1329,8.53188888888889
3,S004_normal_s,normal,1330,8.350222222222218
3,S004_normal_s,normal,1331,8.350222222222218
3,S004_normal_s,normal,1332,8.350222222222218
3,S004_normal_s,normal,1333,8.350222222222218
3,S004_normal_s,normal,1334,8.350222222222218
3,S004_normal_s,normal,1335,8.173555555555556
3,S004_normal_s,normal,1336,8.173555555555556
3,S004_normal_s,normal,1337,8.173555555555556
3,S004_normal_s,normal,1338,8.173555555555556
3,S004_normal_s,normal,1339,8.173555555555556
3,S004_normal_s,normal,1340,8.000222222222217
3,S004_normal_s,normal,1341,8.000222222222217
3,S004_normal_s,normal,1342,8.000222222222217
3,S004_normal_s,normal,1343,8.000222222222217
3,S004_normal_s,normal,1344,8.000222222222217
3,S004_normal_s,normal,1345,7.83188888888888
3,S004_normal_s,normal,1346,7.83188888888888
3,S004_normal_s,normal,1347,7.83188888888888
3,S004_normal_s,normal,1348,7.83188888888888
3,S004_normal_s,normal,1349,7.83188888888888
3,S004_normal_s,normal,1350,7.663555555555551
3,S004_normal_s,normal,1351,7.663555555555551
3,S004_normal_s,normal,1352,7.663555555555551
3,S004_normal_s,normal,1353,7.663555555555551
3,S004_normal_s,normal,1354,7.663555555555551
3,S004_normal_s,normal,1355,7.503555555555547
3,S004_normal_s,normal,1356,7.503555555555547
3,S004_normal_s,normal,1357,7.503555555555547
3,S004_normal_s,normal,1358,7.503555555555547
3,S004_normal_s,normal,1359,7.503555555555547
3,S004_normal_s,normal,1360,7.348555555555553
3,S004_normal_s,normal,1361,7.348555555555553
3,S004_normal_s,normal,1362,7.348555555555553
3,S004_normal_s,normal,1363,7.348555555555553
3,S004_normal_s,normal,1364,7.348555555555553
3,S004_normal_s,normal,1365,7.198555555555547
3,S004_normal_s,normal,1366,7.198555555555547
3,S004_normal_s,normal,1367,7.198555555555547
3,S004_normal_s,normal,1368,7.198555555555547
3,S004_normal_s,normal,1369,7.198555555555547
3,S004_normal_s,normal,1370,7.055222222222216
3,S004_normal_s,normal,1371,7.055222222222216
3,S004_normal_s,normal,1372,7.055222222222216
3,S004_normal_s,normal,1373,7.055222222222216
3,S004_normal_s,normal,1374,7.055222222222216
3,S004_normal_s,normal,1375,6.89855555555555
3,S004_normal_s,normal,1376,6.89855555555555
3,S004_normal_s,normal,1377,6.89855555555555
3,S004_normal_s,normal,1378,6.89855555555555
3,S004_normal_s,normal,1379,6.89855555555555
3,S004_normal_s,normal,1380,6.76188888888888
3,S004_normal_s,normal,1381,6.76188888888888
3,S004_normal_s,normal,1382,6.76188888888888
3,S004_normal_s,normal,1383,6.76188888888888
3,S004_normal_s,normal,1384,6.76188888888888
3,S004_normal_s,normal,1385,6.626888888888882
3,S004_normal_s,normal,1386,6.626888888888882
3,S004_normal_s,normal,1387,6.626888888888882
3,S004_normal_s,normal,1388,6.626888888888882
3,S004_normal_s,normal,1389,6.626888888888882
3,S004_normal_s,normal,1390,6.478555555555548
3,S004_normal_s,normal,1391,6.478555555555548
3,S004_normal_s,normal,1392,6.478555555555548
3,S004_normal_s,normal,1393,6.478555555555548
3,S004_normal_s,normal,1394,6.478555555555548
3,S004_normal_s,normal,1395,6.340222222222216
3,S004_normal_s,normal,1396,6.340222222222216
3,S004_normal_s,normal,1397,6.340222222222216
3,S004_normal_s,normal,1398,6.340222222222216
3,S004_normal_s,normal,1399,6.340222222222216
3,S004_normal_s,normal,1400,6.210222222222214
3,S004_normal_s,normal,1401,6.210222222222214
3,S004_normal_s,normal,1402,6.210222222222214
3,S004_normal_s,normal,1403,6.210222222222214
3,S004_normal_s,normal,1404,6.210222222222214
3,S004_normal_s,normal,1405,6.07855555555555
3,S004_normal_s,normal,1406,6.07855555555555
3,S004_normal_s,normal,1407,6.07855555555555
3,S004_normal_s,normal,1408,6.07855555555555
3,S004_normal_s,normal,1409,6.07855555555555
3,S004_normal_s,normal,1410,5.948555555555547
3,S004_normal_s,normal,1411,5.948555555555547
3,S004_normal_s,normal,1412,5.948555555555547
3,S004_normal_s,normal,1413,5.948555555555547
3,S004_normal_s,normal,1414,5.948555555555547
3,S004_normal_s,normal,1415,5.820222222222217
3,S004_normal_s,normal,1416,5.820222222222217
3,S004_normal_s,normal,1417,5.820222222222217
3,S004_normal_s,normal,1418,5.820222222222217
3,S004_normal_s,normal,1419,5.820222222222217
3,S004_normal_s,normal,1420,5.695222222222217
3,S004_normal_s,normal,1421,5.695222222222217
3,S004_normal_s,normal,1422,5.695222222222217
3,S004_normal_s,normal,1423,5.695222222222217
3,S004_normal_s,normal,1424,5.695222222222217
3,S004_normal_s,normal,1425,5.573555555555551
3,S004_normal_s,normal,1426,5.573555555555551
3,S004_normal_s,normal,1427,5.573555555555551
3,S004_normal_s,normal,1428,5.573555555555551
3,S004_normal_s,normal,1429,5.573555555555551
3,S004_normal_s,normal,1430,5.450222222222223
3,S004_normal_s,normal,1431,5.450222222222223
3,S004_normal_s,normal,1432,5.450222222222223
3,S004_normal_s,normal,1433,5.450222222222223
3,S004_normal_s,normal,1434,5.450222222222223
3,S004_normal_s,normal,1435,5.326888888888881
3,S004_normal_s,normal,1436,5.326888888888881
3,S004_normal_s,normal,1437,5.326888888888881
3,S004_normal_s,normal,1438,5.326888888888881
3,S004_normal_s,normal,1439,5.326888888888881
3,S004_normal_s,normal,1440,5.211888888888883
3,S004_normal_s,normal,1441,5.211888888888883
3,S004_normal_s,normal,1442,5.211888888888883
3,S004_normal_s,normal,1443,5.211888888888883
3,S004_normal_s,normal,1444,5.211888888888883
3,S004_normal_s,normal,1445,5.095222222222215
3,S004_normal_s,normal,1446,5.095222222222215
3,S004_normal_s,normal,1447,5.095222222222215
3,S004_normal_s,normal,1448,5.095222222222215
3,S004_normal_s,normal,1449,5.095222222222215
3,S004_normal_s,normal,1450,4.995222222222218
3,S004_normal_s,normal,1451,4.995222222222218
3,S004_normal_s,normal,1452,4.995222222222218
3,S004_normal_s,normal,1453,4.995222222222218
3,S004_normal_s,normal,1454,4.995222222222218
3,S004_normal_s,normal,1455,4.896888888888885
3,S004_normal_s,normal,1456,4.896888888888885
3,S004_normal_s,normal,1457,4.896888888888885
3,S004_normal_s,normal,1458,4.896888888888885
3,S004_normal_s,normal,1459,4.896888888888885
3,S004_normal_s,normal,1460,4.795222222222218
3,S004_normal_s,normal,1461,4.795222222222218
3,S004_normal_s,normal,1462,4.795222222222218
3,S004_normal_s,normal,1463,4.795222222222218
3,S004_normal_s,normal,1464,4.795222222222218
3,S004_normal_s,normal,1465,4.696888888888889
3,S004_normal_s,normal,1466,4.696888888888889
3,S004_normal_s,normal,1467,4.696888888888889
3,S004_normal_s,normal,1468,4.696888888888889
3,S004_normal_s,normal,1469,4.696888888888889
3,S004_normal_s,normal,1470,4.696888888888889
3,S004_normal_s,normal,1471,4.696888888888889
3,S004_normal_s,normal,1472,4.696888888888889
3,S004_normal_s,normal,1473,4.696888888888889
3,S004_normal_s,normal,1474,4.696888888888889
3,S004_normal_s,normal,1475,4.696888888888889
3,S004_normal_s,normal,1476,4.696888888888889
3,S004_normal_s,normal,1477,4.696888888888889
3,S004_normal_s,normal,1478,4.696888888888889
3,S004_normal_s,normal,1479,4.696888888888889
3,S004_normal_s,normal,1480,4.696888888888889
3,S004_normal_s,normal,1481,4.696888888888889
3,S004_normal_s,normal,1482,4.696888888888889
3,S004_normal_s,normal,1483,4.696888888888889
3,S004_normal_s,normal,1484,4.696888888888889
3,S004_normal_s,normal,1485,4.696888888888889
3,S004_normal_s,normal,1486,4.696888888888889
3,S004_normal_s,normal,1487,4.696888888888889
3,S004_normal_s,normal,1488,4.696888888888889
3,S004_normal_s,normal,1489,4.696888888888889
3,S004_normal_s,normal,1490,4.696888888888889
3,S004_normal_s,normal,1491,4.696888888888889
3,S004_normal_s,normal,1492,4.696888888888889
3,S004_normal_s,normal,1493,4.696888888888889
3,S004_normal_s,normal,1494,4.696888888888889
3,S004_normal_s,normal,1495,4.696888888888889
3,S004_normal_s,normal,1496,4.696888888888889
3,S004_normal_s,normal,1497,4.696888888888889
3,S004_normal_s,normal,1498,4.696888888888889
3,S004_normal_s,normal,1499,4.696888888888889
4,S005_blocked_s,blocked,0,0.0
4,S005_blocked_s,blocked,1,0.0
4,S005_blocked_s,blocked,2,0.0
4,S005_blocked_s,blocked,3,0.0
4,S005_blocked_s,blocked,4,0.0
4,S005_blocked_s,blocked,5,0.0
4,S005_blocked_s,blocked,6,0.0
4,S005_blocked_s,blocked,7,0.0
4,S005_blocked_s,blocked,8,0.0
4,S005_blocked_s,blocked,9,0.0
4,S005_blocked_s,blocked,10,0.0
4,S005_blocked_s,blocked,11,0.0
4,S005_blocked_s,blocked,12,0.0
4,S005_blocked_s,blocked,13,0.0
4,S005_blocked_s,blocked,14,0.0
4,S005_blocked_s,blocked,15,0.0
4,S005_blocked_s,blocked,16,0.0
4,S005_blocked_s,blocked,17,0.0
4,S005_blocked_s,blocked,18,0.0
4,S005_blocked_s,blocked,19,0.0
4,S005_blocked_s,blocked,20,0.0
4,S005_blocked_s,blocked,21,0.0
4,S005_blocked_s,blocked,22,0.0
4,S005_blocked_s,blocked,23,0.0
4,S005_blocked_s,blocked,24,0.0
4,S005_blocked_s,blocked,25,0.0
4,S005_blocked_s,blocked,26,0.0
4,S005_blocked_s,blocked,27,0.0
4,S005_blocked_s,blocked,28,0.0
4,S005_blocked_s,blocked,29,0.0
4,S005_blocked_s,blocked,30,-0.10938888888889053
4,S005_blocked_s,blocked,31,-0.10938888888889053
4,S005_blocked_s,blocked,32,-0.10938888888889053
4,S005_blocked_s,blocked,33,-0.10938888888889053
4,S005_blocked_s,blocked,34,-0.10938888888889053
4,S005_blocked_s,blocked,35,-0.11605555555556535
4,S005_blocked_s,blocked,36,-0.11605555555556535
4,S005_blocked_s,blocked,37,-0.11605555555556535
4,S005_blocked_s,blocked,38,-0.11605555555556535
4,S005_blocked_s,blocked,39,-0.11605555555556535
4,S005_blocked_s,blocked,40,-0.1193888888888921
4,S005_blocked_s,blocked,41,-0.1193888888888921
4,S005_blocked_s,blocked,42,-0.1193888888888921
4,S005_blocked_s,blocked,43,-0.1193888888888921
4,S005_blocked_s,blocked,44,-0.1193888888888921
4,S005_blocked_s,blocked,45,-0.11772222222222695
4,S005_blocked_s,blocked,46,-0.11772222222222695
4,S005_blocked_s,blocked,47,-0.11772222222222695
4,S005_blocked_s,blocked,48,-0.11772222222222695
4,S005_blocked_s,blocked,49,-0.11772222222222695
4,S005_blocked_s,blocked,50,-0.13438888888889267
4,S005_blocked_s,blocked,51,-0.13438888888889267
4,S005_blocked_s,blocked,52,-0.13438888888889267
4,S005_blocked_s,blocked,53,-0.13438888888889267
4,S005_blocked_s,blocked,54,-0.13438888888889267
4,S005_blocked_s,blocked,55,-0.13605555555556137
4,S005_blocked_s,blocked,56,-0.13605555555556137
4,S005_blocked_s,blocked,57,-0.13605555555556137
4,S005_blocked_s,blocked,58,-0.13605555555556137
4,S005_blocked_s,blocked,59,-0.13605555555556137
4,S005_blocked_s,blocked,60,-0.14605555555555583
4,S005_blocked_s,blocked,61,-0.14605555555555583
4,S005_blocked_s,blocked,62,-0.14605555555555583
4,S005_blocked_s,blocked,63,-0.14605555555555583
4,S005_blocked_s,blocked,64,-0.14605555555555583
4,S005_blocked_s,blocked,65,-0.14272222222222908
4,S005_blocked_s,blocked,66,-0.14272222222222908
4,S005_blocked_s,blocked,67,-0.14272222222222908
4,S005_blocked_s,blocked,68,-0.14272222222222908
4,S005_blocked_s,blocked,69,-0.14272222222222908
4,S005_blocked_s,blocked,70,-0.14938888888889323
4,S005_blocked_s,blocked,71,-0.14938888888889323
4,S005_blocked_s,blocked,72,-0.14938888888889323
4,S005_blocked_s,blocked,73,-0.14938888888889323
4,S005_blocked_s,blocked,74,-0.14938888888889323
4,S005_blocked_s,blocked,75,-0.1593888888888877
4,S005_blocked_s,blocked,76,-0.1593888888888877
4,S005_blocked_s,blocked,77,-0.1593888888888877
4,S005_blocked_s,blocked,78,-0.1593888888888877
4,S005_blocked_s,blocked,79,-0.1593888888888877
4,S005_blocked_s,blocked,80,-0.1543888888888887
4,S005_blocked_s,blocked,81,-0.1543888888888887
4,S005_blocked_s,blocked,82,-0.1543888888888887
4,S005_blocked_s,blocked,83,-0.1543888888888887
4,S005_blocked_s,blocked,84,-0.1543888888888887
4,S005_blocked_s,blocked,85,-0.14605555555555938
4,S005_blocked_s,blocked,86,-0.14605555555555938
4,S005_blocked_s,blocked,87,-0.14605555555555938
4,S005_blocked_s,blocked,88,-0.14605555555555938
4,S005_blocked_s,blocked,89,-0.14605555555555938
4,S005_blocked_s,blocked,90,-0.13438888888889622
4,S005_blocked_s,blocked,91,-0.13438888888889622
4,S005_blocked_s,blocked,92,-0.13438888888889622
4,S005_blocked_s,blocked,93,-0.13438888888889622
4,S005_blocked_s,blocked,94,-0.13438888888889622
4,S005_blocked_s,blocked,95,-0.13105555555556236
4,S005_blocked_s,blocked,96,-0.13105555555556236
4,S005_blocked_s,blocked,97,-0.13105555555556236
4,S005_blocked_s,blocked,98,-0.13105555555556236
4,S005_blocked_s,blocked,99,-0.13105555555556236
4,S005_blocked_s,blocked,100,-0.12938888888889366
4,S005_blocked_s,blocked,101,-0.12938888888889366
4,S005_blocked_s,blocked,102,-0.12938888888889366
4,S005_blocked_s,blocked,103,-0.12938888888889366
4,S005_blocked_s,blocked,104,-0.12938888888889366
4,S005_blocked_s,blocked,105,-0.1243888888888911
4,S005_blocked_s,blocked,106,-0.1243888888888911
4,S005_blocked_s,blocked,107,-0.1243888888888911
4,S005_blocked_s,blocked,108,-0.1243888888888911
4,S005_blocked_s,blocked,109,-0.1243888888888911
4,S005_blocked_s,blocked,110,-0.11438888888888599
4,S005_blocked_s,blocked,111,-0.11438888888888599
4,S005_blocked_s,blocked,112,-0.11438888888888599
4,S005_blocked_s,blocked,113,-0.11438888888888599
4,S005_blocked_s,blocked,114,-0.11438888888888599
4,S005_blocked_s,blocked,115,-0.11272222222222794
4,S005_blocked_s,blocked,116,-0.11272222222222794
4,S005_blocked_s,blocked,117,-0.11272222222222794
4,S005_blocked_s,blocked,118,-0.11272222222222794
4,S005_blocked_s,blocked,119,-0.11272222222222794
4,S005_blocked_s,blocked,120,-0.11438888888889664
4,S005_blocked_s,blocked,121,-0.11438888888889664
4,S005_blocked_s,blocked,122,-0.11438888888889664
4,S005_blocked_s,blocked,123,-0.11438888888889664
4,S005_blocked_s,blocked,124,-0.11438888888889664
4,S005_blocked_s,blocked,125,-0.10438888888889153
4,S005_blocked_s,blocked,126,-0.10438888888889153
4,S005_blocked_s,blocked,127,-0.10438888888889153
4,S005_blocked_s,blocked,128,-0.10438888888889153
4,S005_blocked_s,blocked,129,-0.10438888888889153
4,S005_blocked_s,blocked,130,-0.10938888888889764
4,S005_blocked_s,blocked,131,-0.10938888888889764
4,S005_blocked_s,blocked,132,-0.10938888888889764
4,S005_blocked_s,blocked,133,-0.10938888888889764
4,S005_blocked_s,blocked,134,-0.10938888888889764
4,S005_blocked_s,blocked,135,-0.10105555555555412
4,S005_blocked_s,blocked,136,-0.10105555555555412
4,S005_blocked_s,blocked,137,-0.10105555555555412
4,S005_blocked_s,blocked,138,-0.10105555555555412
4,S005_blocked_s,blocked,139,-0.10105555555555412
4,S005_blocked_s,blocked,140,-0.09772222222222382
4,S005_blocked_s,blocked,141,-0.09772222222222382
4,S005_blocked_s,blocked,142,-0.09772222222222382
4,S005_blocked_s,blocked,143,-0.09772222222222382
4,S005_blocked_s,blocked,144,-0.09772222222222382
4,S005_blocked_s,blocked,145,-0.09938888888888542
4,S005_blocked_s,blocked,146,-0.09938888888888542
4,S005_blocked_s,blocked,147,-0.09938888888888542
4,S005_blocked_s,blocked,148,-0.09938888888888542
4,S005_blocked_s,blocked,149,-0.09938888888888542
4,S005_blocked_s,blocked,150,-0.10272222222222283
4,S005_blocked_s,blocked,151,-0.10272222222222283
4,S005_blocked_s,blocked,152,-0.10272222222222283
4,S005_blocked_s,blocked,153,-0.10272222222222283
4,S005_blocked_s,blocked,154,-0.10272222222222283
4,S005_blocked_s,blocked,155,-0.09772222222222382
4,S005_blocked_s,blocked,156,-0.09772222222222382
4,S005_blocked_s,blocked,157,-0.09772222222222382
4,S005_blocked_s,blocked,158,-0.09772222222222382
4,S005_blocked_s,blocked,159,-0.09772222222222382
4,S005_blocked_s,blocked,160,-0.10605555555556023
4,S005_blocked_s,blocked,161,-0.10605555555556023
4,S005_blocked_s,blocked,162,-0.10605555555556023
4,S005_blocked_s,blocked,163,-0.10605555555556023
4,S005_blocked_s,blocked,164,-0.10605555555556023
4,S005_blocked_s,blocked,165,-0.1160555555555618
4,S005_blocked_s,blocked,166,-0.1160555555555618
4,S005_blocked_s,blocked,167,-0.1160555555555618
4,S005_blocked_s,blocked,168,-0.1160555555555618
4,S005_blocked_s,blocked,169,-0.1160555555555618
4,S005_blocked_s,blocked,170,-0.1243888888888911
4,S005_blocked_s,blocked,171,-0.1243888888888911
4,S005_blocked_s,blocked,172,-0.1243888888888911
4,S005_blocked_s,blocked,173,-0.1243888888888911
4,S005_blocked_s,blocked,174,-0.1243888888888911
4,S005_blocked_s,blocked,175,-0.12272222222222595
4,S005_blocked_s,blocked,176,-0.12272222222222595
4,S005_blocked_s,blocked,177,-0.12272222222222595
4,S005_blocked_s,blocked,178,-0.12272222222222595
4,S005_blocked_s,blocked,179,-0.12272222222222595
4,S005_blocked_s,blocked,180,-0.11605555555555824
4,S005_blocked_s,blocked,181,-0.11605555555555824
4,S005_blocked_s,blocked,182,-0.11605555555555824
4,S005_blocked_s,blocked,183,-0.11605555555555824
4,S005_blocked_s,blocked,184,-0.11605555555555824
4,S005_blocked_s,blocked,185,-0.12105555555555725
4,S005_blocked_s,blocked,186,-0.12105555555555725
4,S005_blocked_s,blocked,187,-0.12105555555555725
4,S005_blocked_s,blocked,188,-0.12105555555555725
4,S005_blocked_s,blocked,189,-0.12105555555555725
4,S005_blocked_s,blocked,190,-0.11105555555555569
4,S005_blocked_s,blocked,191,-0.11105555555555569
4,S005_blocked_s,blocked,192,-0.11105555555555569
4,S005_blocked_s,blocked,193,-0.11105555555555569
4,S005_blocked_s,blocked,194,-0.11105555555555569
4,S005_blocked_s,blocked,195,-0.1160555555555618
4,S005_blocked_s,blocked,196,-0.1160555555555618
4,S005_blocked_s,blocked,197,-0.1160555555555618
4,S005_blocked_s,blocked,198,-0.1160555555555618
4,S005_blocked_s,blocked,199,-0.1160555555555618
4,S005_blocked_s,blocked,200,-0.12938888888889366
4,S005_blocked_s,blocked,201,-0.12938888888889366
4,S005_blocked_s,blocked,202,-0.12938888888889366
4,S005_blocked_s,blocked,203,-0.12938888888889366
4,S005_blocked_s,blocked,204,-0.12938888888889366
4,S005_blocked_s,blocked,205,-0.13272222222222751
4,S005_blocked_s,blocked,206,-0.13272222222222751
4,S005_blocked_s,blocked,207,-0.13272222222222751
4,S005_blocked_s,blocked,208,-0.13272222222222751
4,S005_blocked_s,blocked,209,-0.13272222222222751
4,S005_blocked_s,blocked,210,-0.13105555555556236
4,S005_blocked_s,blocked,211,-0.13105555555556236
4,S005_blocked_s,blocked,212,-0.13105555555556236
4,S005_blocked_s,blocked,213,-0.13105555555556236
4,S005_blocked_s,blocked,214,-0.13105555555556236
4,S005_blocked_s,blocked,215,-0.13772222222222652
4,S005_blocked_s,blocked,216,-0.13772222222222652
4,S005_blocked_s,blocked,217,-0.13772222222222652
4,S005_blocked_s,blocked,218,-0.13772222222222652
4,S005_blocked_s,blocked,219,-0.13772222222222652
4,S005_blocked_s,blocked,220,-0.1277222222222285
4,S005_blocked_s,blocked,221,-0.1277222222222285
4,S005_blocked_s,blocked,222,-0.1277222222222285
4,S005_blocked_s,blocked,223,-0.1277222222222285
4,S005_blocked_s,blocked,224,-0.1277222222222285
4,S005_blocked_s,blocked,225,-0.1177222222222234
4,S005_blocked_s,blocked,226,-0.1177222222222234
4,S005_blocked_s,blocked,227,-0.1177222222222234
4,S005_blocked_s,blocked,228,-0.1177222222222234
4,S005_blocked_s,blocked,229,-0.1177222222222234
4,S005_blocked_s,blocked,230,-0.1193888888888921
4,S005_blocked_s,blocked,231,-0.1193888888888921
4,S005_blocked_s,blocked,232,-0.1193888888888921
4,S005_blocked_s,blocked,233,-0.1193888888888921
4,S005_blocked_s,blocked,234,-0.1193888888888921
4,S005_blocked_s,blocked,235,-0.12272222222222595
4,S005_blocked_s,blocked,236,-0.12272222222222595
4,S005_blocked_s,blocked,237,-0.12272222222222595
4,S005_blocked_s,blocked,238,-0.12272222222222595
4,S005_blocked_s,blocked,239,-0.12272222222222595
4,S005_blocked_s,blocked,240,-0.1243888888888911
4,S005_blocked_s,blocked,241,-0.1243888888888911
4,S005_blocked_s,blocked,242,-0.1243888888888911
4,S005_blocked_s,blocked,243,-0.1243888888888911
4,S005_blocked_s,blocked,244,-0.1243888888888911
4,S005_blocked_s,blocked,245,-0.1243888888888911
4,S005_blocked_s,blocked,246,-0.1243888888888911
4,S005_blocked_s,blocked,247,-0.1243888888888911
4,S005_blocked_s,blocked,248,-0.1243888888888911
4,S005_blocked_s,blocked,249,-0.1243888888888911
4,S005_blocked_s,blocked,250,-0.11938888888889565
4,S005_blocked_s,blocked,251,-0.11938888888889565
4,S005_blocked_s,blocked,252,-0.11938888888889565
4,S005_blocked_s,blocked,253,-0.11938888888889565
4,S005_blocked_s,blocked,254,-0.11938888888889565
4,S005_blocked_s,blocked,255,-0.11105555555555569
4,S005_blocked_s,blocked,256,-0.11105555555555569
4,S005_blocked_s,blocked,257,-0.11105555555555569
4,S005_blocked_s,blocked,258,-0.11105555555555569
4,S005_blocked_s,blocked,259,-0.11105555555555569
4,S005_blocked_s,blocked,260,-0.10438888888889153
4,S005_blocked_s,blocked,261,-0.10438888888889153
4,S005_blocked_s,blocked,262,-0.10438888888889153
4,S005_blocked_s,blocked,263,-0.10438888888889153
4,S005_blocked_s,blocked,264,-0.10438888888889153
4,S005_blocked_s,blocked,265,-0.09938888888888897
4,S005_blocked_s,blocked,266,-0.09938888888888897
4,S005_blocked_s,blocked,267,-0.09938888888888897
4,S005_blocked_s,blocked,268,-0.09938888888888897
4,S005_blocked_s,blocked,269,-0.09938888888888897
4,S005_blocked_s,blocked,270,-0.10438888888889508
4,S005_blocked_s,blocked,271,-0.10438888888889508
4,S005_blocked_s,blocked,272,-0.10438888888889508
4,S005_blocked_s,blocked,273,-0.10438888888889508
4,S005_blocked_s,blocked,274,-0.10438888888889508
4,S005_blocked_s,blocked,275,-0.08938888888889807
4,S005_blocked_s,blocked,276,-0.08938888888889807
4,S005_blocked_s,blocked,277,-0.08938888888889807
4,S005_blocked_s,blocked,278,-0.08938888888889807
4,S005_blocked_s,blocked,279,-0.08938888888889807
4,S005_blocked_s,blocked,280,-0.04772222222221956
4,S005_blocked_s,blocked,281,-0.04772222222221956
4,S005_blocked_s,blocked,282,-0.04772222222221956
4,S005_blocked_s,blocked,283,-0.04772222222221956
4,S005_blocked_s,blocked,284,-0.04772222222221956
4,S005_blocked_s,blocked,285,0.008944444444441757
4,S005_blocked_s,blocked,286,0.008944444444441757
4,S005_blocked_s,blocked,287,0.008944444444441757
4,S005_blocked_s,blocked,288,0.008944444444441757
4,S005_blocked_s,blocked,289,0.008944444444441757
4,S005_blocked_s,blocked,290,0.12061111111110634
4,S005_blocked_s,blocked,291,0.12061111111110634
4,S005_blocked_s,blocked,292,0.12061111111110634
4,S005_blocked_s,blocked,293,0.12061111111110634
4,S005_blocked_s,blocked,294,0.12061111111110634
4,S005_blocked_s,blocked,295,0.25061111111110534
4,S005_blocked_s,blocked,296,0.25061111111110534
4,S005_blocked_s,blocked,297,0.25061111111110534
4,S005_blocked_s,blocked,298,0.25061111111110534
4,S005_blocked_s,blocked,299,0.25061111111110534
4,S005_blocked_s,blocked,300,0.4022777777777762
4,S005_blocked_s,blocked,301,0.4022777777777762
4,S005_blocked_s,blocked,302,0.4022777777777762
4,S005_blocked_s,blocked,303,0.4022777777777762
4,S005_blocked_s,blocked,304,0.4022777777777762
4,S005_blocked_s,blocked,305,0.5922777777777775
4,S005_blocked_s,blocked,306,0.5922777777777775
4,S005_blocked_s,blocked,307,0.5922777777777775
4,S005_blocked_s,blocked,308,0.5922777777777775
4,S005_blocked_s,blocked,309,0.5922777777777775
4,S005_blocked_s,blocked,310,0.7989444444444409
4,S005_blocked_s,blocked,311,0.7989444444444409
4,S005_blocked_s,blocked,312,0.7989444444444409
4,S005_blocked_s,blocked,313,0.7989444444444409
4,S005_blocked_s,blocked,314,0.7989444444444409
4,S005_blocked_s,blocked,315,1.0239444444444388
4,S005_blocked_s,blocked,316,1.0239444444444388
4,S005_blocked_s,blocked,317,1.0239444444444388
4,S005_blocked_s,blocked,318,1.0239444444444388
4,S005_blocked_s,blocked,319,1.0239444444444388
4,S005_blocked_s,blocked,320,1.293944444444442
4,S005_blocked_s,blocked,321,1.293944444444442
4,S005_blocked_s,blocked,322,1.293944444444442
4,S005_blocked_s,blocked,323,1.293944444444442
4,S005_blocked_s,blocked,324,1.293944444444442
4,S005_blocked_s,blocked,325,1.5889444444444436
4,S005_blocked_s,blocked,326,1.5889444444444436
4,S005_blocked_s,blocked,327,1.5889444444444436
4,S005_blocked_s,blocked,328,1.5889444444444436
4,S005_blocked_s,blocked,329,1.5889444444444436
4,S005_blocked_s,blocked,330,1.9172777777777732
4,S005_blocked_s,blocked,331,1.9172777777777732
4,S005_blocked_s,blocked,332,1.9172777777777732
4,S005_blocked_s,blocked,333,1.9172777777777732
4,S005_blocked_s,blocked,334,1.9172777777777732
4,S005_blocked_s,blocked,335,2.260611111111114
4,S005_blocked_s,blocked,336,2.260611111111114
4,S005_blocked_s,blocked,337,2.260611111111114
4,S005_blocked_s,blocked,338,2.260611111111114
4,S005_blocked_s,blocked,339,2.260611111111114
4,S005_blocked_s,blocked,340,2.5956111111111078
4,S005_blocked_s,blocked,341,2.5956111111111078
4,S005_blocked_s,blocked,342,2.5956111111111078
4,S005_blocked_s,blocked,343,2.5956111111111078
4,S005_blocked_s,blocked,344,2.5956111111111078
4,S005_blocked_s,blocked,345,2.925611111111106
4,S005_blocked_s,blocked,346,2.925611111111106
4,S005_blocked_s,blocked,347,2.925611111111106
4,S005_blocked_s,blocked,348,2.925611111111106
4,S005_blocked_s,blocked,349,2.925611111111106
4,S005_blocked_s,blocked,350,3.24561111111111
4,S005_blocked_s,blocked,351,3.24561111111111
4,S005_blocked_s,blocked,352,3.24561111111111
4,S005_blocked_s,blocked,353,3.24561111111111
4,S005_blocked_s,blocked,354,3.24561111111111
4,S005_blocked_s,blocked,355,3.5739444444444395
4,S005_blocked_s,blocked,356,3.5739444444444395
4,S005_blocked_s,blocked,357,3.5739444444444395
4,S005_blocked_s,blocked,358,3.5739444444444395
4,S005_blocked_s,blocked,359,3.5739444444444395
4,S005_blocked_s,blocked,360,3.8956111111111085
4,S005_blocked_s,blocked,361,3.8956111111111085
4,S005_blocked_s,blocked,362,3.8956111111111085
4,S005_blocked_s,blocked,363,3.8956111111111085
4,S005_blocked_s,blocked,364,3.8956111111111085
4,S005_blocked_s,blocked,365,4.198944444444436
4,S005_blocked_s,blocked,366,4.198944444444436
4,S005_blocked_s,blocked,367,4.198944444444436
4,S005_blocked_s,blocked,368,4.198944444444436
4,S005_blocked_s,blocked,369,4.198944444444436
4,S005_blocked_s,blocked,370,4.500611111111105
4,S005_blocked_s,blocked,371,4.500611111111105
4,S005_blocked_s,blocked,372,4.500611111111105
4,S005_blocked_s,blocked,373,4.500611111111105
4,S005_blocked_s,blocked,374,4.500611111111105
4,S005_blocked_s,blocked,375,4.813944444444438
4,S005_blocked_s,blocked,376,4.813944444444438
4,S005_blocked_s,blocked,377,4.813944444444438
4,S005_blocked_s,blocked,378,4.813944444444438
4,S005_blocked_s,blocked,379,4.813944444444438
4,S005_blocked_s,blocked,380,5.110611111111108
4,S005_blocked_s,blocked,381,5.110611111111108
4,S005_blocked_s,blocked,382,5.110611111111108
4,S005_blocked_s,blocked,383,5.110611111111108
4,S005_blocked_s,blocked,384,5.110611111111108
4,S005_blocked_s,blocked,385,5.4106111111111055
4,S005_blocked_s,blocked,386,5.4106111111111055
4,S005_blocked_s,blocked,387,5.4106111111111055
4,S005_blocked_s,blocked,388,5.4106111111111055
4,S005_blocked_s,blocked,389,5.4106111111111055
4,S005_blocked_s,blocked,390,5.6989444444444395
4,S005_blocked_s,blocked,391,5.6989444444444395
4,S005_blocked_s,blocked,392,5.6989444444444395
4,S005_blocked_s,blocked,393,5.6989444444444395
4,S005_blocked_s,blocked,394,5.6989444444444395
4,S005_blocked_s,blocked,395,5.980611111111106
4,S005_blocked_s,blocked,396,5.980611111111106
4,S005_blocked_s,blocked,397,5.980611111111106
4,S005_blocked_s,blocked,398,5.980611111111106
4,S005_blocked_s,blocked,399,5.980611111111106
4,S005_blocked_s,blocked,400,6.268944444444447
4,S005_blocked_s,blocked,401,6.268944444444447
4,S005_blocked_s,blocked,402,6.268944444444447
4,S005_blocked_s,blocked,403,6.268944444444447
4,S005_blocked_s,blocked,404,6.268944444444447
4,S005_blocked_s,blocked,405,6.548944444444437
4,S005_blocked_s,blocked,406,6.548944444444437
4,S005_blocked_s,blocked,407,6.548944444444437
4,S005_blocked_s,blocked,408,6.548944444444437
4,S005_blocked_s,blocked,409,6.548944444444437
4,S005_blocked_s,blocked,410,6.823944444444447
4,S005_blocked_s,blocked,411,6.823944444444447
4,S005_blocked_s,blocked,412,6.823944444444447
4,S005_blocked_s,blocked,413,6.823944444444447
4,S005_blocked_s,blocked,414,6.823944444444447
4,S005_blocked_s,blocked,415,7.095611111111101
4,S005_blocked_s,blocked,416,7.095611111111101
4,S005_blocked_s,blocked,417,7.095611111111101
4,S005_blocked_s,blocked,418,7.095611111111101
4,S005_blocked_s,blocked,419,7.095611111111101
4,S005_blocked_s,blocked,420,7.365611111111107
4,S005_blocked_s,blocked,421,7.365611111111107
4,S005_blocked_s,blocked,422,7.365611111111107
4,S005_blocked_s,blocked,423,7.365611111111107
4,S005_blocked_s,blocked,424,7.365611111111107
4,S005_blocked_s,blocked,425,7.630611111111104
4,S005_blocked_s,blocked,426,7.630611111111104
4,S005_blocked_s,blocked,427,7.630611111111104
4,S005_blocked_s,blocked,428,7.630611111111104
4,S005_blocked_s,blocked,429,7.630611111111104
4,S005_blocked_s,blocked,430,7.90894444444444
4,S005_blocked_s,blocked,431,7.90894444444444
4,S005_blocked_s,blocked,432,7.90894444444444
4,S005_blocked_s,blocked,433,7.90894444444444
4,S005_blocked_s,blocked,434,7.90894444444444
4,S005_blocked_s,blocked,435,8.167277777777777
4,S005_blocked_s,blocked,436,8.167277777777777
4,S005_blocked_s,blocked,437,8.167277777777777
4,S005_blocked_s,blocked,438,8.167277777777777
4,S005_blocked_s,blocked,439,8.167277777777777
4,S005_blocked_s,blocked,440,8.428944444444436
4,S005_blocked_s,blocked,441,8.428944444444436
4,S005_blocked_s,blocked,442,8.428944444444436
4,S005_blocked_s,blocked,443,8.428944444444436
4,S005_blocked_s,blocked,444,8.428944444444436
4,S005_blocked_s,blocked,445,8.678944444444436
4,S005_blocked_s,blocked,446,8.678944444444436
4,S005_blocked_s,blocked,447,8.678944444444436
4,S005_blocked_s,blocked,448,8.678944444444436
4,S005_blocked_s,blocked,449,8.678944444444436
4,S005_blocked_s,blocked,450,8.923944444444441
4,S005_blocked_s,blocked,451,8.923944444444441
4,S005_blocked_s,blocked,452,8.923944444444441
4,S005_blocked_s,blocked,453,8.923944444444441
4,S005_blocked_s,blocked,454,8.923944444444441
4,S005_blocked_s,blocked,455,9.157277777777775
4,S005_blocked_s,blocked,456,9.157277777777775
4,S005_blocked_s,blocked,457,9.157277777777775
4,S005_blocked_s,blocked,458,9.157277777777775
4,S005_blocked_s,blocked,459,9.157277777777775
4,S005_blocked_s,blocked,460,9.388944444444437
4,S005_blocked_s,blocked,461,9.388944444444437
4,S005_blocked_s,blocked,462,9.388944444444437
4,S005_blocked_s,blocked,463,9.388944444444437
4,S005_blocked_s,blocked,464,9.388944444444437
4,S005_blocked_s,blocked,465,9.632277777777773
4,S005_blocked_s,blocked,466,9.632277777777773
4,S005_blocked_s,blocked,467,9.632277777777773
4,S005_blocked_s,blocked,468,9.632277777777773
4,S005_blocked_s,blocked,469,9.632277777777773
4,S005_blocked_s,blocked,470,9.875611111111105
4,S005_blocked_s,blocked,471,9.875611111111105
4,S005_blocked_s,blocked,472,9.875611111111105
4,S005_blocked_s,blocked,473,9.875611111111105
4,S005_blocked_s,blocked,474,9.875611111111105
4,S005_blocked_s,blocked,475,10.10561111111111
4,S005_blocked_s,blocked,476,10.10561111111111
4,S005_blocked_s,blocked,477,10.10561111111111
4,S005_blocked_s,blocked,478,10.10561111111111
4,S005_blocked_s,blocked,479,10.10561111111111
4,S005_blocked_s,blocked,480,10.340611111111109
4,S005_blocked_s,blocked,481,10.340611111111109
4,S005_blocked_s,blocked,482,10.340611111111109
4,S005_blocked_s,blocked,483,10.340611111111109
4,S005_blocked_s,blocked,484,10.340611111111109
4,S005_blocked_s,blocked,485,10.575611111111108
4,S005_blocked_s,blocked,486,10.575611111111108
4,S005_blocked_s,blocked,487,10.575611111111108
4,S005_blocked_s,blocked,488,10.575611111111108
4,S005_blocked_s,blocked,489,10.575611111111108
4,S005_blocked_s,blocked,490,10.783944444444444
4,S005_blocked_s,blocked,491,10.783944444444444
4,S005_blocked_s,blocked,492,10.783944444444444
4,S005_blocked_s,blocked,493,10.783944444444444
4,S005_blocked_s,blocked,494,10.783944444444444
4,S005_blocked_s,blocked,495,11.005611111111108
4,S005_blocked_s,blocked,496,11.005611111111108
4,S005_blocked_s,blocked,497,11.005611111111108
4,S005_blocked_s,blocked,498,11.005611111111108
4,S005_blocked_s,blocked,499,11.005611111111108
4,S005_blocked_s,blocked,500,11.225611111111107
4,S005_blocked_s,blocked,501,11.225611111111107
4,S005_blocked_s,blocked,502,11.225611111111107
4,S005_blocked_s,blocked,503,11.225611111111107
4,S005_blocked_s,blocked,504,11.225611111111107
4,S005_blocked_s,blocked,505,11.44394444444444
4,S005_blocked_s,blocked,506,11.44394444444444
4,S005_blocked_s,blocked,507,11.44394444444444
4,S005_blocked_s,blocked,508,11.44394444444444
4,S005_blocked_s,blocked,509,11.44394444444444
4,S005_blocked_s,blocked,510,11.665611111111112
4,S005_blocked_s,blocked,511,11.665611111111112
4,S005_blocked_s,blocked,512,11.665611111111112
4,S005_blocked_s,blocked,513,11.665611111111112
4,S005_blocked_s,blocked,514,11.665611111111112
4,S005_blocked_s,blocked,515,11.882277777777787
4,S005_blocked_s,blocked,516,11.882277777777787
4,S005_blocked_s,blocked,517,11.882277777777787
4,S005_blocked_s,blocked,518,11.882277777777787
4,S005_blocked_s,blocked,519,11.882277777777787
4,S005_blocked_s,blocked,520,12.100611111111107
4,S005_blocked_s,blocked,521,12.100611111111107
4,S005_blocked_s,blocked,522,12.100611111111107
4,S005_blocked_s,blocked,523,12.100611111111107
4,S005_blocked_s,blocked,524,12.100611111111107
4,S005_blocked_s,blocked,525,12.307277777777777
4,S005_blocked_s,blocked,526,12.307277777777777
4,S005_blocked_s,blocked,527,12.307277777777777
4,S005_blocked_s,blocked,528,12.307277777777777
4,S005_blocked_s,blocked,529,12.307277777777777
4,S005_blocked_s,blocked,530,12.508944444444438
4,S005_blocked_s,blocked,531,12.508944444444438
4,S005_blocked_s,blocked,532,12.508944444444438
4,S005_blocked_s,blocked,533,12.508944444444438
4,S005_blocked_s,blocked,534,12.508944444444438
4,S005_blocked_s,blocked,535,12.710611111111113
4,S005_blocked_s,blocked,536,12.710611111111113
4,S005_blocked_s,blocked,537,12.710611111111113
4,S005_blocked_s,blocked,538,12.710611111111113
4,S005_blocked_s,blocked,539,12.710611111111113
4,S005_blocked_s,blocked,540,12.903944444444441
4,S005_blocked_s,blocked,541,12.903944444444441
4,S005_blocked_s,blocked,542,12.903944444444441
4,S005_blocked_s,blocked,543,12.903944444444441
4,S005_blocked_s,blocked,544,12.903944444444441
4,S005_blocked_s,blocked,545,13.090611111111102
4,S005_blocked_s,blocked,546,13.090611111111102
4,S005_blocked_s,blocked,547,13.090611111111102
4,S005_blocked_s,blocked,548,13.090611111111102
4,S005_blocked_s,blocked,549,13.090611111111102
4,S005_blocked_s,blocked,550,13.28894444444444
4,S005_blocked_s,blocked,551,13.28894444444444
4,S005_blocked_s,blocked,552,13.28894444444444
4,S005_blocked_s,blocked,553,13.28894444444444
4,S005_blocked_s,blocked,554,13.28894444444444
4,S005_blocked_s,blocked,555,13.468944444444439
4,S005_blocked_s,blocked,556,13.468944444444439
4,S005_blocked_s,blocked,557,13.468944444444439
4,S005_blocked_s,blocked,558,13.468944444444439
4,S005_blocked_s,blocked,559,13.468944444444439
4,S005_blocked_s,blocked,560,13.650611111111104
4,S005_blocked_s,blocked,561,13.650611111111104
4,S005_blocked_s,blocked,562,13.650611111111104
4,S005_blocked_s,blocked,563,13.650611111111104
4,S005_blocked_s,blocked,564,13.650611111111104
4,S005_blocked_s,blocked,565,13.820611111111106
4,S005_blocked_s,blocked,566,13.820611111111106
4,S005_blocked_s,blocked,567,13.820611111111106
4,S005_blocked_s,blocked,568,13.820611111111106
4,S005_blocked_s,blocked,569,13.820611111111106
4,S005_blocked_s,blocked,570,13.990611111111107
4,S005_blocked_s,blocked,571,13.990611111111107
4,S005_blocked_s,blocked,572,13.990611111111107
4,S005_blocked_s,blocked,573,13.990611111111107
4,S005_blocked_s,blocked,574,13.990611111111107
4,S005_blocked_s,blocked,575,14.1706111111111
4,S005_blocked_s,blocked,576,14.1706111111111
4,S005_blocked_s,blocked,577,14.1706111111111
4,S005_blocked_s,blocked,578,14.1706111111111
4,S005_blocked_s,blocked,579,14.1706111111111
4,S005_blocked_s,blocked,580,14.340611111111095
4,S005_blocked_s,blocked,581,14.340611111111095
4,S005_blocked_s,blocked,582,14.340611111111095
4,S005_blocked_s,blocked,583,14.340611111111095
4,S005_blocked_s,blocked,584,14.340611111111095
4,S005_blocked_s,blocked,585,14.512277777777776
4,S005_blocked_s,blocked,586,14.512277777777776
4,S005_blocked_s,blocked,587,14.512277777777776
4,S005_blocked_s,blocked,588,14.512277777777776
4,S005_blocked_s,blocked,589,14.512277777777776
4,S005_blocked_s,blocked,590,14.675611111111103
4,S005_blocked_s,blocked,591,14.675611111111103
4,S005_blocked_s,blocked,592,14.675611111111103
4,S005_blocked_s,blocked,593,14.675611111111103
4,S005_blocked_s,blocked,594,14.675611111111103
4,S005_blocked_s,blocked,595,14.835611111111106
4,S005_blocked_s,blocked,596,14.835611111111106
4,S005_blocked_s,blocked,597,14.835611111111106
4,S005_blocked_s,blocked,598,14.835611111111106
4,S005_blocked_s,blocked,599,14.835611111111106
4,S005_blocked_s,blocked,600,15.00394444444445
4,S005_blocked_s,blocked,601,15.00394444444445
4,S005_blocked_s,blocked,602,15.00394444444445
4,S005_blocked_s,blocked,603,15.00394444444445
4,S005_blocked_s,blocked,604,15.00394444444445
4,S005_blocked_s,blocked,605,15.1706111111111
4,S005_blocked_s,blocked,606,15.1706111111111
4,S005_blocked_s,blocked,607,15.1706111111111
4,S005_blocked_s,blocked,608,15.1706111111111
4,S005_blocked_s,blocked,609,15.1706111111111
4,S005_blocked_s,blocked,610,15.338944444444436
4,S005_blocked_s,blocked,611,15.338944444444436
4,S005_blocked_s,blocked,612,15.338944444444436
4,S005_blocked_s,blocked,613,15.338944444444436
4,S005_blocked_s,blocked,614,15.338944444444436
4,S005_blocked_s,blocked,615,15.512277777777776
4,S005_blocked_s,blocked,616,15.512277777777776
4,S005_blocked_s,blocked,617,15.512277777777776
4,S005_blocked_s,blocked,618,15.512277777777776
4,S005_blocked_s,blocked,619,15.512277777777776
4,S005_blocked_s,blocked,620,15.668944444444442
4,S005_blocked_s,blocked,621,15.668944444444442
4,S005_blocked_s,blocked,622,15.668944444444442
4,S005_blocked_s,blocked,623,15.668944444444442
4,S005_blocked_s,blocked,624,15.668944444444442
4,S005_blocked_s,blocked,625,15.823944444444436
4,S005_blocked_s,blocked,626,15.823944444444436
4,S005_blocked_s,blocked,627,15.823944444444436
4,S005_blocked_s,blocked,628,15.823944444444436
4,S005_blocked_s,blocked,629,15.823944444444436
4,S005_blocked_s,blocked,630,15.98894444444445
4,S005_blocked_s,blocked,631,15.98894444444445
4,S005_blocked_s,blocked,632,15.98894444444445
4,S005_blocked_s,blocked,633,15.98894444444445
4,S005_blocked_s,blocked,634,15.98894444444445
4,S005_blocked_s,blocked,635,16.133944444444445
4,S005_blocked_s,blocked,636,16.133944444444445
4,S005_blocked_s,blocked,637,16.133944444444445
4,S005_blocked_s,blocked,638,16.133944444444445
4,S005_blocked_s,blocked,639,16.133944444444445
4,S005_blocked_s,blocked,640,16.27394444444444
4,S005_blocked_s,blocked,641,16.27394444444444
4,S005_blocked_s,blocked,642,16.27394444444444
4,S005_blocked_s,blocked,643,16.27394444444444
4,S005_blocked_s,blocked,644,16.27394444444444
4,S005_blocked_s,blocked,645,16.422277777777758
4,S005_blocked_s,blocked,646,16.422277777777758
4,S005_blocked_s,blocked,647,16.422277777777758
4,S005_blocked_s,blocked,648,16.422277777777758
4,S005_blocked_s,blocked,649,16.422277777777758
4,S005_blocked_s,blocked,650,16.567277777777775
4,S005_blocked_s,blocked,651,16.567277777777775
4,S005_blocked_s,blocked,652,16.567277777777775
4,S005_blocked_s,blocked,653,16.567277777777775
4,S005_blocked_s,blocked,654,16.567277777777775
4,S005_blocked_s,blocked,655,16.722277777777776
4,S005_blocked_s,blocked,656,16.722277777777776
4,S005_blocked_s,blocked,657,16.722277777777776
4,S005_blocked_s,blocked,658,16.722277777777776
4,S005_blocked_s,blocked,659,16.722277777777776
4,S005_blocked_s,blocked,660,16.858944444444433
4,S005_blocked_s,blocked,661,16.858944444444433
4,S005_blocked_s,blocked,662,16.858944444444433
4,S005_blocked_s,blocked,663,16.858944444444433
4,S005_blocked_s,blocked,664,16.858944444444433
4,S005_blocked_s,blocked,665,17.00394444444445
4,S005_blocked_s,blocked,666,17.00394444444445
4,S005_blocked_s,blocked,667,17.00394444444445
4,S005_blocked_s,blocked,668,17.00394444444445
4,S005_blocked_s,blocked,669,17.00394444444445
4,S005_blocked_s,blocked,670,17.133944444444438
4,S005_blocked_s,blocked,671,17.133944444444438
4,S005_blocked_s,blocked,672,17.133944444444438
4,S005_blocked_s,blocked,673,17.133944444444438
4,S005_blocked_s,blocked,674,17.133944444444438
4,S005_blocked_s,blocked,675,17.26727777777777
4,S005_blocked_s,blocked,676,17.26727777777777
4,S005_blocked_s,blocked,677,17.26727777777777
4,S005_blocked_s,blocked,678,17.26727777777777
4,S005_blocked_s,blocked,679,17.26727777777777
4,S005_blocked_s,blocked,680,17.393944444444443
4,S005_blocked_s,blocked,681,17.393944444444443
4,S005_blocked_s,blocked,682,17.393944444444443
4,S005_blocked_s,blocked,683,17.393944444444443
4,S005_blocked_s,blocked,684,17.393944444444443
4,S005_blocked_s,blocked,685,17.538944444444446
4,S005_blocked_s,blocked,686,17.538944444444446
4,S005_blocked_s,blocked,687,17.538944444444446
4,S005_blocked_s,blocked,688,17.538944444444446
4,S005_blocked_s,blocked,689,17.538944444444446
4,S005_blocked_s,blocked,690,17.677277777777775
4,S005_blocked_s,blocked,691,17.677277777777775
4,S005_blocked_s,blocked,692,17.677277777777775
4,S005_blocked_s,blocked,693,17.677277777777775
4,S005_blocked_s,blocked,694,17.677277777777775
4,S005_blocked_s,blocked,695,17.820611111111106
4,S005_blocked_s,blocked,696,17.820611111111106
4,S005_blocked_s,blocked,697,17.820611111111106
4,S005_blocked_s,blocked,698,17.820611111111106
4,S005_blocked_s,blocked,699,17.820611111111106
4,S005_blocked_s,blocked,700,17.95394444444443
4,S005_blocked_s,blocked,701,17.95394444444443
4,S005_blocked_s,blocked,702,17.95394444444443
4,S005_blocked_s,blocked,703,17.95394444444443
4,S005_blocked_s,blocked,704,17.95394444444443
4,S005_blocked_s,blocked,705,18.08894444444445
4,S005_blocked_s,blocked,706,18.08894444444445
4,S005_blocked_s,blocked,707,18.08894444444445
4,S005_blocked_s,blocked,708,18.08894444444445
4,S005_blocked_s,blocked,709,18.08894444444445
4,S005_blocked_s,blocked,710,18.225611111111107
4,S005_blocked_s,blocked,711,18.225611111111107
4,S005_blocked_s,blocked,712,18.225611111111107
4,S005_blocked_s,blocked,713,18.225611111111107
4,S005_blocked_s,blocked,714,18.225611111111107
4,S005_blocked_s,blocked,715,18.345611111111097
4,S005_blocked_s,blocked,716,18.345611111111097
4,S005_blocked_s,blocked,717,18.345611111111097
4,S005_blocked_s,blocked,718,18.345611111111097
4,S005_blocked_s,blocked,719,18.345611111111097
4,S005_blocked_s,blocked,720,18.47894444444443
4,S005_blocked_s,blocked,721,18.47894444444443
4,S005_blocked_s,blocked,722,18.47894444444443
4,S005_blocked_s,blocked,723,18.47894444444443
4,S005_blocked_s,blocked,724,18.47894444444443
4,S005_blocked_s,blocked,725,18.60394444444445
4,S005_blocked_s,blocked,726,18.60394444444445
4,S005_blocked_s,blocked,727,18.60394444444445
4,S005_blocked_s,blocked,728,18.60394444444445
4,S005_blocked_s,blocked,729,18.60394444444445
4,S005_blocked_s,blocked,730,18.717277777777767
4,S005_blocked_s,blocked,731,18.717277777777767
4,S005_blocked_s,blocked,732,18.717277777777767
4,S005_blocked_s,blocked,733,18.717277777777767
4,S005_blocked_s,blocked,734,18.717277777777767
4,S005_blocked_s,blocked,735,18.825611111111115
4,S005_blocked_s,blocked,736,18.825611111111115
4,S005_blocked_s,blocked,737,18.825611111111115
4,S005_blocked_s,blocked,738,18.825611111111115
4,S005_blocked_s,blocked,739,18.825611111111115
4,S005_blocked_s,blocked,740,18.9506111111111
4,S005_blocked_s,blocked,741,18.9506111111111
4,S005_blocked_s,blocked,742,18.9506111111111
4,S005_blocked_s,blocked,743,18.9506111111111
4,S005_blocked_s,blocked,744,18.9506111111111
4,S005_blocked_s,blocked,745,19.065611111111103
4,S005_blocked_s,blocked,746,19.065611111111103
4,S005_blocked_s,blocked,747,19.065611111111103
4,S005_blocked_s,blocked,748,19.065611111111103
4,S005_blocked_s,blocked,749,19.065611111111103
4,S005_blocked_s,blocked,750,19.170611111111107
4,S005_blocked_s,blocked,751,19.170611111111107
4,S005_blocked_s,blocked,752,19.170611111111107
4,S005_blocked_s,blocked,753,19.170611111111107
4,S005_blocked_s,blocked,754,19.170611111111107
4,S005_blocked_s,blocked,755,19.275611111111097
4,S005_blocked_s,blocked,756,19.275611111111097
4,S005_blocked_s,blocked,757,19.275611111111097
4,S005_blocked_s,blocked,758,19.275611111111097
4,S005_blocked_s,blocked,759,19.275611111111097
4,S005_blocked_s,blocked,760,19.393944444444443
4,S005_blocked_s,blocked,761,19.393944444444443
4,S005_blocked_s,blocked,762,19.393944444444443
4,S005_blocked_s,blocked,763,19.393944444444443
4,S005_blocked_s,blocked,764,19.393944444444443
4,S005_blocked_s,blocked,765,19.50227777777777
4,S005_blocked_s,blocked,766,19.50227777777777
4,S005_blocked_s,blocked,767,19.50227777777777
4,S005_blocked_s,blocked,768,19.50227777777777
4,S005_blocked_s,blocked,769,19.50227777777777
4,S005_blocked_s,blocked,770,19.608944444444433
4,S005_blocked_s,blocked,771,19.608944444444433
4,S005_blocked_s,blocked,772,19.608944444444433
4,S005_blocked_s,blocked,773,19.608944444444433
4,S005_blocked_s,blocked,774,19.608944444444433
4,S005_blocked_s,blocked,775,19.717277777777774
4,S005_blocked_s,blocked,776,19.717277777777774
4,S005_blocked_s,blocked,777,19.717277777777774
4,S005_blocked_s,blocked,778,19.717277777777774
4,S005_blocked_s,blocked,779,19.717277777777774
4,S005_blocked_s,blocked,780,19.82727777777778
4,S005_blocked_s,blocked,781,19.82727777777778
4,S005_blocked_s,blocked,782,19.82727777777778
4,S005_blocked_s,blocked,783,19.82727777777778
4,S005_blocked_s,blocked,784,19.82727777777778
4,S005_blocked_s,blocked,785,19.920611111111107
4,S005_blocked_s,blocked,786,19.920611111111107
4,S005_blocked_s,blocked,787,19.920611111111107
4,S005_blocked_s,blocked,788,19.920611111111107
4,S005_blocked_s,blocked,789,19.920611111111107
4,S005_blocked_s,blocked,790,20.03227777777777
4,S005_blocked_s,blocked,791,20.03227777777777
4,S005_blocked_s,blocked,792,20.03227777777777
4,S005_blocked_s,blocked,793,20.03227777777777
4,S005_blocked_s,blocked,794,20.03227777777777
4,S005_blocked_s,blocked,795,20.147277777777774
4,S005_blocked_s,blocked,796,20.147277777777774
4,S005_blocked_s,blocked,797,20.147277777777774
4,S005_blocked_s,blocked,798,20.147277777777774
4,S005_blocked_s,blocked,799,20.147277777777774
4,S005_blocked_s,blocked,800,20.243944444444445
4,S005_blocked_s,blocked,801,20.243944444444445
4,S005_blocked_s,blocked,802,20.243944444444445
4,S005_blocked_s,blocked,803,20.243944444444445
4,S005_blocked_s,blocked,804,20.243944444444445
4,S005_blocked_s,blocked,805,20.347277777777776
4,S005_blocked_s,blocked,806,20.347277777777776
4,S005_blocked_s,blocked,807,20.347277777777776
4,S005_blocked_s,blocked,808,20.347277777777776
4,S005_blocked_s,blocked,809,20.347277777777776
4,S005_blocked_s,blocked,810,20.443944444444433
4,S005_blocked_s,blocked,811,20.443944444444433
4,S005_blocked_s,blocked,812,20.443944444444433
4,S005_blocked_s,blocked,813,20.443944444444433
4,S005_blocked_s,blocked,814,20.443944444444433
4,S005_blocked_s,blocked,815,20.53561111111111
4,S005_blocked_s,blocked,816,20.53561111111111
4,S005_blocked_s,blocked,817,20.53561111111111
4,S005_blocked_s,blocked,818,20.53561111111111
4,S005_blocked_s,blocked,819,20.53561111111111
4,S005_blocked_s,blocked,820,20.62394444444444
4,S005_blocked_s,blocked,821,20.62394444444444
4,S005_blocked_s,blocked,822,20.62394444444444
4,S005_blocked_s,blocked,823,20.62394444444444
4,S005_blocked_s,blocked,824,20.62394444444444
4,S005_blocked_s,blocked,825,20.71561111111111
4,S005_blocked_s,blocked,826,20.71561111111111
4,S005_blocked_s,blocked,827,20.71561111111111
4,S005_blocked_s,blocked,828,20.71561111111111
4,S005_blocked_s,blocked,829,20.71561111111111
4,S005_blocked_s,blocked,830,20.810611111111108
4,S005_blocked_s,blocked,831,20.810611111111108
4,S005_blocked_s,blocked,832,20.810611111111108
4,S005_blocked_s,blocked,833,20.810611111111108
4,S005_blocked_s,blocked,834,20.810611111111108
4,S005_blocked_s,blocked,835,20.898944444444453
4,S005_blocked_s,blocked,836,20.898944444444453
4,S005_blocked_s,blocked,837,20.898944444444453
4,S005_blocked_s,blocked,838,20.898944444444453
4,S005_blocked_s,blocked,839,20.898944444444453
4,S005_blocked_s,blocked,840,20.98561111111112
4,S005_blocked_s,blocked,841,20.98561111111112
4,S005_blocked_s,blocked,842,20.98561111111112
4,S005_blocked_s,blocked,843,20.98561111111112
4,S005_blocked_s,blocked,844,20.98561111111112
4,S005_blocked_s,blocked,845,21.08227777777777
4,S005_blocked_s,blocked,846,21.08227777777777
4,S005_blocked_s,blocked,847,21.08227777777777
4,S005_blocked_s,blocked,848,21.08227777777777
4,S005_blocked_s,blocked,849,21.08227777777777
4,S005_blocked_s,blocked,850,21.187277777777766
4,S005_blocked_s,blocked,851,21.187277777777766
4,S005_blocked_s,blocked,852,21.187277777777766
4,S005_blocked_s,blocked,853,21.187277777777766
4,S005_blocked_s,blocked,854,21.187277777777766
4,S005_blocked_s,blocked,855,21.262277777777776
4,S005_blocked_s,blocked,856,21.262277777777776
4,S005_blocked_s,blocked,857,21.262277777777776
4,S005_blocked_s,blocked,858,21.262277777777776
4,S005_blocked_s,blocked,859,21.262277777777776
4,S005_blocked_s,blocked,860,21.343944444444446
4,S005_blocked_s,blocked,861,21.343944444444446
4,S005_blocked_s,blocked,862,21.343944444444446
4,S005_blocked_s,blocked,863,21.343944444444446
4,S005_blocked_s,blocked,864,21.343944444444446
4,S005_blocked_s,blocked,865,21.420611111111107
4,S005_blocked_s,blocked,866,21.420611111111107
4,S005_blocked_s,blocked,867,21.420611111111107
4,S005_blocked_s,blocked,868,21.420611111111107
4,S005_blocked_s,blocked,869,21.420611111111107
4,S005_blocked_s,blocked,870,21.503944444444443
4,S005_blocked_s,blocked,871,21.503944444444443
4,S005_blocked_s,blocked,872,21.503944444444443
4,S005_blocked_s,blocked,873,21.503944444444443
4,S005_blocked_s,blocked,874,21.503944444444443
4,S005_blocked_s,blocked,875,21.5906111111111
4,S005_blocked_s,blocked,876,21.5906111111111
4,S005_blocked_s,blocked,877,21.5906111111111
4,S005_blocked_s,blocked,878,21.5906111111111
4,S005_blocked_s,blocked,879,21.5906111111111
4,S005_blocked_s,blocked,880,21.675611111111103
4,S005_blocked_s,blocked,881,21.675611111111103
4,S005_blocked_s,blocked,882,21.675611111111103
4,S005_blocked_s,blocked,883,21.675611111111103
4,S005_blocked_s,blocked,884,21.675611111111103
4,S005_blocked_s,blocked,885,21.76227777777777
4,S005_blocked_s,blocked,886,21.76227777777777
4,S005_blocked_s,blocked,887,21.76227777777777
4,S005_blocked_s,blocked,888,21.76227777777777
4,S005_blocked_s,blocked,889,21.76227777777777
4,S005_blocked_s,blocked,890,21.842277777777774
4,S005_blocked_s,blocked,891,21.842277777777774
4,S005_blocked_s,blocked,892,21.842277777777774
4,S005_blocked_s,blocked,893,21.842277777777774
4,S005_blocked_s,blocked,894,21.842277777777774
4,S005_blocked_s,blocked,895,21.922277777777772
4,S005_blocked_s,blocked,896,21.922277777777772
4,S005_blocked_s,blocked,897,21.922277777777772
4,S005_blocked_s,blocked,898,21.922277777777772
4,S005_blocked_s,blocked,899,21.922277777777772
4,S005_blocked_s,blocked,900,21.983944444444447
4,S005_blocked_s,blocked,901,21.983944444444447
4,S005_blocked_s,blocked,902,21.983944444444447
4,S005_blocked_s,blocked,903,21.983944444444447
4,S005_blocked_s,blocked,904,21.983944444444447
4,S005_blocked_s,blocked,905,22.052277777777775
4,S005_blocked_s,blocked,906,22.052277777777775
4,S005_blocked_s,blocked,907,22.052277777777775
4,S005_blocked_s,blocked,908,22.052277777777775
4,S005_blocked_s,blocked,909,22.052277777777775
4,S005_blocked_s,blocked,910,22.118944444444438
4,S005_blocked_s,blocked,911,22.118944444444438
4,S005_blocked_s,blocked,912,22.118944444444438
4,S005_blocked_s,blocked,913,22.118944444444438
4,S005_blocked_s,blocked,914,22.118944444444438
4,S005_blocked_s,blocked,915,22.2006111111111
4,S005_blocked_s,blocked,916,22.2006111111111
4,S005_blocked_s,blocked,917,22.2006111111111
4,S005_blocked_s,blocked,918,22.2006111111111
4,S005_blocked_s,blocked,919,22.2006111111111
4,S005_blocked_s,blocked,920,22.27727777777777
4,S005_blocked_s,blocked,921,22.27727777777777
4,S005_blocked_s,blocked,922,22.27727777777777
4,S005_blocked_s,blocked,923,22.27727777777777
4,S005_blocked_s,blocked,924,22.27727777777777
4,S005_blocked_s,blocked,925,22.342277777777774
4,S005_blocked_s,blocked,926,22.342277777777774
4,S005_blocked_s,blocked,927,22.342277777777774
4,S005_blocked_s,blocked,928,22.342277777777774
4,S005_blocked_s,blocked,929,22.342277777777774
4,S005_blocked_s,blocked,930,22.412277777777774
4,S005_blocked_s,blocked,931,22.412277777777774
4,S005_blocked_s,blocked,932,22.412277777777774
4,S005_blocked_s,blocked,933,22.412277777777774
4,S005_blocked_s,blocked,934,22.412277777777774
4,S005_blocked_s,blocked,935,22.48894444444445
4,S005_blocked_s,blocked,936,22.48894444444445
4,S005_blocked_s,blocked,937,22.48894444444445
4,S005_blocked_s,blocked,938,22.48894444444445
4,S005_blocked_s,blocked,939,22.48894444444445
4,S005_blocked_s,blocked,940,22.555611111111098
4,S005_blocked_s,blocked,941,22.555611111111098
4,S005_blocked_s,blocked,942,22.555611111111098
4,S005_blocked_s,blocked,943,22.555611111111098
4,S005_blocked_s,blocked,944,22.555611111111098
4,S005_blocked_s,blocked,945,22.61727777777778
4,S005_blocked_s,blocked,946,22.61727777777778
4,S005_blocked_s,blocked,947,22.61727777777778
4,S005_blocked_s,blocked,948,22.61727777777778
4,S005_blocked_s,blocked,949,22.61727777777778
4,S005_blocked_s,blocked,950,22.678944444444433
4,S005_blocked_s,blocked,951,22.678944444444433
4,S005_blocked_s,blocked,952,22.678944444444433
4,S005_blocked_s,blocked,953,22.678944444444433
4,S005_blocked_s,blocked,954,22.678944444444433
4,S005_blocked_s,blocked,955,22.738944444444442
4,S005_blocked_s,blocked,956,22.738944444444442
4,S005_blocked_s,blocked,957,22.738944444444442
4,S005_blocked_s,blocked,958,22.738944444444442
4,S005_blocked_s,blocked,959,22.738944444444442
4,S005_blocked_s,blocked,960,22.815611111111103
4,S005_blocked_s,blocked,961,22.815611111111103
4,S005_blocked_s,blocked,962,22.815611111111103
4,S005_blocked_s,blocked,963,22.815611111111103
4,S005_blocked_s,blocked,964,22.815611111111103
4,S005_blocked_s,blocked,965,22.880611111111108
4,S005_blocked_s,blocked,966,22.880611111111108
4,S005_blocked_s,blocked,967,22.880611111111108
4,S005_blocked_s,blocked,968,22.880611111111108
4,S005_blocked_s,blocked,969,22.880611111111108
4,S005_blocked_s,blocked,970,22.942277777777782
4,S005_blocked_s,blocked,971,22.942277777777782
4,S005_blocked_s,blocked,972,22.942277777777782
4,S005_blocked_s,blocked,973,22.942277777777782
4,S005_blocked_s,blocked,974,22.942277777777782
4,S005_blocked_s,blocked,975,22.992277777777772
4,S005_blocked_s,blocked,976,22.992277777777772
4,S005_blocked_s,blocked,977,22.992277777777772
4,S005_blocked_s,blocked,978,22.992277777777772
4,S005_blocked_s,blocked,979,22.992277777777772
4,S005_blocked_s,blocked,980,23.048944444444444
4,S005_blocked_s,blocked,981,23.048944444444444
4,S005_blocked_s,blocked,982,23.048944444444444
4,S005_blocked_s,blocked,983,23.048944444444444
4,S005_blocked_s,blocked,984,23.048944444444444
4,S005_blocked_s,blocked,985,23.11727777777778
4,S005_blocked_s,blocked,986,23.11727777777778
4,S005_blocked_s,blocked,987,23.11727777777778
4,S005_blocked_s,blocked,988,23.11727777777778
4,S005_blocked_s,blocked,989,23.11727777777778
4,S005_blocked_s,blocked,990,23.177277777777775
4,S005_blocked_s,blocked,991,23.177277777777775
4,S005_blocked_s,blocked,992,23.177277777777775
4,S005_blocked_s,blocked,993,23.177277777777775
4,S005_blocked_s,blocked,994,23.177277777777775
4,S005_blocked_s,blocked,995,23.230611111111116
4,S005_blocked_s,blocked,996,23.230611111111116
4,S005_blocked_s,blocked,997,23.230611111111116
4,S005_blocked_s,blocked,998,23.230611111111116
4,S005_blocked_s,blocked,999,23.230611111111116
4,S005_blocked_s,blocked,1000,23.29227777777777
4,S005_blocked_s,blocked,1001,23.29227777777777
4,S005_blocked_s,blocked,1002,23.29227777777777
4,S005_blocked_s,blocked,1003,23.29227777777777
4,S005_blocked_s,blocked,1004,23.29227777777777
4,S005_blocked_s,blocked,1005,23.338944444444444
4,S005_blocked_s,blocked,1006,23.338944444444444
4,S005_blocked_s,blocked,1007,23.338944444444444
4,S005_blocked_s,blocked,1008,23.338944444444444
4,S005_blocked_s,blocked,1009,23.338944444444444
4,S005_blocked_s,blocked,1010,23.388944444444448
4,S005_blocked_s,blocked,1011,23.388944444444448
4,S005_blocked_s,blocked,1012,23.388944444444448
4,S005_blocked_s,blocked,1013,23.388944444444448
4,S005_blocked_s,blocked,1014,23.388944444444448
4,S005_blocked_s,blocked,1015,23.445611111111106
4,S005_blocked_s,blocked,1016,23.445611111111106
4,S005_blocked_s,blocked,1017,23.445611111111106
4,S005_blocked_s,blocked,1018,23.445611111111106
4,S005_blocked_s,blocked,1019,23.445611111111106
4,S005_blocked_s,blocked,1020,23.490611111111107
4,S005_blocked_s,blocked,1021,23.490611111111107
4,S005_blocked_s,blocked,1022,23.490611111111107
4,S005_blocked_s,blocked,1023,23.490611111111107
4,S005_blocked_s,blocked,1024,23.490611111111107
4,S005_blocked_s,blocked,1025,23.550611111111117
4,S005_blocked_s,blocked,1026,23.550611111111117
4,S005_blocked_s,blocked,1027,23.550611111111117
4,S005_blocked_s,blocked,1028,23.550611111111117
4,S005_blocked_s,blocked,1029,23.550611111111117
4,S005_blocked_s,blocked,1030,23.588944444444436
4,S005_blocked_s,blocked,1031,23.588944444444436
4,S005_blocked_s,blocked,1032,23.588944444444436
4,S005_blocked_s,blocked,1033,23.588944444444436
4,S005_blocked_s,blocked,1034,23.588944444444436
4,S005_blocked_s,blocked,1035,23.655611111111114
4,S005_blocked_s,blocked,1036,23.655611111111114
4,S005_blocked_s,blocked,1037,23.655611111111114
4,S005_blocked_s,blocked,1038,23.655611111111114
4,S005_blocked_s,blocked,1039,23.655611111111114
4,S005_blocked_s,blocked,1040,23.70894444444444
4,S005_blocked_s,blocked,1041,23.70894444444444
4,S005_blocked_s,blocked,1042,23.70894444444444
4,S005_blocked_s,blocked,1043,23.70894444444444
4,S005_blocked_s,blocked,1044,23.70894444444444
4,S005_blocked_s,blocked,1045,23.753944444444443
4,S005_blocked_s,blocked,1046,23.753944444444443
4,S005_blocked_s,blocked,1047,23.753944444444443
4,S005_blocked_s,blocked,1048,23.753944444444443
4,S005_blocked_s,blocked,1049,23.753944444444443
4,S005_blocked_s,blocked,1050,23.798944444444437
4,S005_blocked_s,blocked,1051,23.798944444444437
4,S005_blocked_s,blocked,1052,23.798944444444437
4,S005_blocked_s,blocked,1053,23.798944444444437
4,S005_blocked_s,blocked,1054,23.798944444444437
4,S005_blocked_s,blocked,1055,23.845611111111126
4,S005_blocked_s,blocked,1056,23.845611111111126
4,S005_blocked_s,blocked,1057,23.845611111111126
4,S005_blocked_s,blocked,1058,23.845611111111126
4,S005_blocked_s,blocked,1059,23.845611111111126
4,S005_blocked_s,blocked,1060,23.89561111111111
4,S005_blocked_s,blocked,1061,23.89561111111111
4,S005_blocked_s,blocked,1062,23.89561111111111
4,S005_blocked_s,blocked,1063,23.89561111111111
4,S005_blocked_s,blocked,1064,23.89561111111111
4,S005_blocked_s,blocked,1065,23.952277777777773
4,S005_blocked_s,blocked,1066,23.952277777777773
4,S005_blocked_s,blocked,1067,23.952277777777773
4,S005_blocked_s,blocked,1068,23.952277777777773
4,S005_blocked_s,blocked,1069,23.952277777777773
4,S005_blocked_s,blocked,1070,23.998944444444447
4,S005_blocked_s,blocked,1071,23.998944444444447
4,S005_blocked_s,blocked,1072,23.998944444444447
4,S005_blocked_s,blocked,1073,23.998944444444447
4,S005_blocked_s,blocked,1074,23.998944444444447
4,S005_blocked_s,blocked,1075,24.048944444444444
4,S005_blocked_s,blocked,1076,24.048944444444444
4,S005_blocked_s,blocked,1077,24.048944444444444
4,S005_blocked_s,blocked,1078,24.048944444444444
4,S005_blocked_s,blocked,1079,24.048944444444444
4,S005_blocked_s,blocked,1080,24.108944444444447
4,S005_blocked_s,blocked,1081,24.108944444444447
4,S005_blocked_s,blocked,1082,24.108944444444447
4,S005_blocked_s,blocked,1083,24.108944444444447
4,S005_blocked_s,blocked,1084,24.108944444444447
4,S005_blocked_s,blocked,1085,24.152277777777776
4,S005_blocked_s,blocked,1086,24.152277777777776
4,S005_blocked_s,blocked,1087,24.152277777777776
4,S005_blocked_s,blocked,1088,24.152277777777776
4,S005_blocked_s,blocked,1089,24.152277777777776
4,S005_blocked_s,blocked,1090,24.198944444444443
4,S005_blocked_s,blocked,1091,24.198944444444443
4,S005_blocked_s,blocked,1092,24.198944444444443
4,S005_blocked_s,blocked,1093,24.198944444444443
4,S005_blocked_s,blocked,1094,24.198944444444443
4,S005_blocked_s,blocked,1095,24.24894444444444
4,S005_blocked_s,blocked,1096,24.24894444444444
4,S005_blocked_s,blocked,1097,24.24894444444444
4,S005_blocked_s,blocked,1098,24.24894444444444
4,S005_blocked_s,blocked,1099,24.24894444444444
4,S005_blocked_s,blocked,1100,24.303944444444433
4,S005_blocked_s,blocked,1101,24.303944444444433
4,S005_blocked_s,blocked,1102,24.303944444444433
4,S005_blocked_s,blocked,1103,24.303944444444433
4,S005_blocked_s,blocked,1104,24.303944444444433
4,S005_blocked_s,blocked,1105,24.350611111111107
4,S005_blocked_s,blocked,1106,24.350611111111107
4,S005_blocked_s,blocked,1107,24.350611111111107
4,S005_blocked_s,blocked,1108,24.350611111111107
4,S005_blocked_s,blocked,1109,24.350611111111107
4,S005_blocked_s,blocked,1110,24.402277777777776
4,S005_blocked_s,blocked,1111,24.402277777777776
4,S005_blocked_s,blocked,1112,24.402277777777776
4,S005_blocked_s,blocked,1113,24.402277777777776
4,S005_blocked_s,blocked,1114,24.402277777777776
4,S005_blocked_s,blocked,1115,24.457277777777776
4,S005_blocked_s,blocked,1116,24.457277777777776
4,S005_blocked_s,blocked,1117,24.457277777777776
4,S005_blocked_s,blocked,1118,24.457277777777776
4,S005_blocked_s,blocked,1119,24.457277777777776
4,S005_blocked_s,blocked,1120,24.49894444444444
4,S005_blocked_s,blocked,1121,24.49894444444444
4,S005_blocked_s,blocked,1122,24.49894444444444
4,S005_blocked_s,blocked,1123,24.49894444444444
4,S005_blocked_s,blocked,1124,24.49894444444444
4,S005_blocked_s,blocked,1125,24.545611111111107
4,S005_blocked_s,blocked,1126,24.545611111111107
4,S005_blocked_s,blocked,1127,24.545611111111107
4,S005_blocked_s,blocked,1128,24.545611111111107
4,S005_blocked_s,blocked,1129,24.545611111111107
4,S005_blocked_s,blocked,1130,24.59394444444444
4,S005_blocked_s,blocked,1131,24.59394444444444
4,S005_blocked_s,blocked,1132,24.59394444444444
4,S005_blocked_s,blocked,1133,24.59394444444444
4,S005_blocked_s,blocked,1134,24.59394444444444
4,S005_blocked_s,blocked,1135,24.62894444444445
4,S005_blocked_s,blocked,1136,24.62894444444445
4,S005_blocked_s,blocked,1137,24.62894444444445
4,S005_blocked_s,blocked,1138,24.62894444444445
4,S005_blocked_s,blocked,1139,24.62894444444445
4,S005_blocked_s,blocked,1140,24.663944444444454
4,S005_blocked_s,blocked,1141,24.663944444444454
4,S005_blocked_s,blocked,1142,24.663944444444454
4,S005_blocked_s,blocked,1143,24.663944444444454
4,S005_blocked_s,blocked,1144,24.663944444444454
4,S005_blocked_s,blocked,1145,24.702277777777773
4,S005_blocked_s,blocked,1146,24.702277777777773
4,S005_blocked_s,blocked,1147,24.702277777777773
4,S005_blocked_s,blocked,1148,24.702277777777773
4,S005_blocked_s,blocked,1149,24.702277777777773
4,S005_blocked_s,blocked,1150,24.74894444444444
4,S005_blocked_s,blocked,1151,24.74894444444444
4,S005_blocked_s,blocked,1152,24.74894444444444
4,S005_blocked_s,blocked,1153,24.74894444444444
4,S005_blocked_s,blocked,1154,24.74894444444444
4,S005_blocked_s,blocked,1155,24.783944444444444
4,S005_blocked_s,blocked,1156,24.783944444444444
4,S005_blocked_s,blocked,1157,24.783944444444444
4,S005_blocked_s,blocked,1158,24.783944444444444
4,S005_blocked_s,blocked,1159,24.783944444444444
4,S005_blocked_s,blocked,1160,24.81561111111111
4,S005_blocked_s,blocked,1161,24.81561111111111
4,S005_blocked_s,blocked,1162,24.81561111111111
4,S005_blocked_s,blocked,1163,24.81561111111111
4,S005_blocked_s,blocked,1164,24.81561111111111
4,S005_blocked_s,blocked,1165,24.86061111111112
4,S005_blocked_s,blocked,1166,24.86061111111112
4,S005_blocked_s,blocked,1167,24.86061111111112
4,S005_blocked_s,blocked,1168,24.86061111111112
4,S005_blocked_s,blocked,1169,24.86061111111112
4,S005_blocked_s,blocked,1170,24.890611111111106
4,S005_blocked_s,blocked,1171,24.890611111111106
4,S005_blocked_s,blocked,1172,24.890611111111106
4,S005_blocked_s,blocked,1173,24.890611111111106
4,S005_blocked_s,blocked,1174,24.890611111111106
4,S005_blocked_s,blocked,1175,24.91394444444444
4,S005_blocked_s,blocked,1176,24.91394444444444
4,S005_blocked_s,blocked,1177,24.91394444444444
4,S005_blocked_s,blocked,1178,24.91394444444444
4,S005_blocked_s,blocked,1179,24.91394444444444
4,S005_blocked_s,blocked,1180,24.920611111111107
4,S005_blocked_s,blocked,1181,24.920611111111107
4,S005_blocked_s,blocked,1182,24.920611111111107
4,S005_blocked_s,blocked,1183,24.920611111111107
4,S005_blocked_s,blocked,1184,24.920611111111107
4,S005_blocked_s,blocked,1185,24.903944444444434
4,S005_blocked_s,blocked,1186,24.903944444444434
4,S005_blocked_s,blocked,1187,24.903944444444434
4,S005_blocked_s,blocked,1188,24.903944444444434
4,S005_blocked_s,blocked,1189,24.903944444444434
4,S005_blocked_s,blocked,1190,24.873944444444447
4,S005_blocked_s,blocked,1191,24.873944444444447
4,S005_blocked_s,blocked,1192,24.873944444444447
4,S005_blocked_s,blocked,1193,24.873944444444447
4,S005_blocked_s,blocked,1194,24.873944444444447
4,S005_blocked_s,blocked,1195,24.837277777777764
4,S005_blocked_s,blocked,1196,24.837277777777764
4,S005_blocked_s,blocked,1197,24.837277777777764
4,S005_blocked_s,blocked,1198,24.837277777777764
4,S005_blocked_s,blocked,1199,24.837277777777764
4,S005_blocked_s,blocked,1200,24.77394444444444
4,S005_blocked_s,blocked,1201,24.77394444444444
4,S005_blocked_s,blocked,1202,24.77394444444444
4,S005_blocked_s,blocked,1203,24.77394444444444
4,S005_blocked_s,blocked,1204,24.77394444444444
4,S005_blocked_s,blocked,1205,24.688944444444438
4,S005_blocked_s,blocked,1206,24.688944444444438
4,S005_blocked_s,blocked,1207,24.688944444444438
4,S005_blocked_s,blocked,1208,24.688944444444438
4,S005_blocked_s,blocked,1209,24.688944444444438
4,S005_blocked_s,blocked,1210,24.5906111111111
4,S005_blocked_s,blocked,1211,24.5906111111111
4,S005_blocked_s,blocked,1212,24.5906111111111
4,S005_blocked_s,blocked,1213,24.5906111111111
4,S005_blocked_s,blocked,1214,24.5906111111111
4,S005_blocked_s,blocked,1215,24.46894444444444
4,S005_blocked_s,blocked,1216,24.46894444444444
4,S005_blocked_s,blocked,1217,24.46894444444444
4,S005_blocked_s,blocked,1218,24.46894444444444
4,S005_blocked_s,blocked,1219,24.46894444444444
4,S005_blocked_s,blocked,1220,24.3406111111111
4,S005_blocked_s,blocked,1221,24.3406111111111
4,S005_blocked_s,blocked,1222,24.3406111111111
4,S005_blocked_s,blocked,1223,24.3406111111111
4,S005_blocked_s,blocked,1224,24.3406111111111
4,S005_blocked_s,blocked,1225,24.188944444444424
4,S005_blocked_s,blocked,1226,24.188944444444424
4,S005_blocked_s,blocked,1227,24.188944444444424
4,S005_blocked_s,blocked,1228,24.188944444444424
4,S005_blocked_s,blocked,1229,24.188944444444424
4,S005_blocked_s,blocked,1230,24.03561111111111
4,S005_blocked_s,blocked,1231,24.03561111111111
4,S005_blocked_s,blocked,1232,24.03561111111111
4,S005_blocked_s,blocked,1233,24.03561111111111
4,S005_blocked_s,blocked,1234,24.03561111111111
4,S005_blocked_s,blocked,1235,23.85727777777778
4,S005_blocked_s,blocked,1236,23.85727777777778
4,S005_blocked_s,blocked,1237,23.85727777777778
4,S005_blocked_s,blocked,1238,23.85727777777778
4,S005_blocked_s,blocked,1239,23.85727777777778
4,S005_blocked_s,blocked,1240,23.683944444444442
4,S005_blocked_s,blocked,1241,23.683944444444442
4,S005_blocked_s,blocked,1242,23.683944444444442
4,S005_blocked_s,blocked,1243,23.683944444444442
4,S005_blocked_s,blocked,1244,23.683944444444442
4,S005_blocked_s,blocked,1245,23.517277777777778
4,S005_blocked_s,blocked,1246,23.517277777777778
4,S005_blocked_s,blocked,1247,23.517277777777778
4,S005_blocked_s,blocked,1248,23.517277777777778
4,S005_blocked_s,blocked,1249,23.517277777777778
4,S005_blocked_s,blocked,1250,23.352277777777772
4,S005_blocked_s,blocked,1251,23.352277777777772
4,S005_blocked_s,blocked,1252,23.352277777777772
4,S005_blocked_s,blocked,1253,23.352277777777772
4,S005_blocked_s,blocked,1254,23.352277777777772
4,S005_blocked_s,blocked,1255,23.18727777777778
4,S005_blocked_s,blocked,1256,23.18727777777778
4,S005_blocked_s,blocked,1257,23.18727777777778
4,S005_blocked_s,blocked,1258,23.18727777777778
4,S005_blocked_s,blocked,1259,23.18727777777778
4,S005_blocked_s,blocked,1260,23.0206111111111
4,S005_blocked_s,blocked,1261,23.0206111111111
4,S005_blocked_s,blocked,1262,23.0206111111111
4,S005_blocked_s,blocked,1263,23.0206111111111
4,S005_blocked_s,blocked,1264,23.0206111111111
4,S005_blocked_s,blocked,1265,22.86394444444445
4,S005_blocked_s,blocked,1266,22.86394444444445
4,S005_blocked_s,blocked,1267,22.86394444444445
4,S005_blocked_s,blocked,1268,22.86394444444445
4,S005_blocked_s,blocked,1269,22.86394444444445
4,S005_blocked_s,blocked,1270,22.69394444444444
4,S005_blocked_s,blocked,1271,22.69394444444444
4,S005_blocked_s,blocked,1272,22.69394444444444
4,S005_blocked_s,blocked,1273,22.69394444444444
4,S005_blocked_s,blocked,1274,22.69394444444444
4,S005_blocked_s,blocked,1275,22.540611111111104
4,S005_blocked_s,blocked,1276,22.540611111111104
4,S005_blocked_s,blocked,1277,22.540611111111104
4,S005_blocked_s,blocked,1278,22.540611111111104
4,S005_blocked_s,blocked,1279,22.540611111111104
4,S005_blocked_s,blocked,1280,22.37894444444445
4,S005_blocked_s,blocked,1281,22.37894444444445
4,S005_blocked_s,blocked,1282,22.37894444444445
4,S005_blocked_s,blocked,1283,22.37894444444445
4,S005_blocked_s,blocked,1284,22.37894444444445
4,S005_blocked_s,blocked,1285,22.217277777777767
4,S005_blocked_s,blocked,1286,22.217277777777767
4,S005_blocked_s,blocked,1287,22.217277777777767
4,S005_blocked_s,blocked,1288,22.217277777777767
4,S005_blocked_s,blocked,1289,22.217277777777767
4,S005_blocked_s,blocked,1290,22.045611111111107
4,S005_blocked_s,blocked,1291,22.045611111111107
4,S005_blocked_s,blocked,1292,22.045611111111107
4,S005_blocked_s,blocked,1293,22.045611111111107
4,S005_blocked_s,blocked,1294,22.045611111111107
4,S005_blocked_s,blocked,1295,21.88227777777778
4,S005_blocked_s,blocked,1296,21.88227777777778
4,S005_blocked_s,blocked,1297,21.88227777777778
4,S005_blocked_s,blocked,1298,21.88227777777778
4,S005_blocked_s,blocked,1299,21.88227777777778
4,S005_blocked_s,blocked,1300,21.7256111111111
4,S005_blocked_s,blocked,1301,21.7256111111111
4,S005_blocked_s,blocked,1302,21.7256111111111
4,S005_blocked_s,blocked,1303,21.7256111111111
4,S005_blocked_s,blocked,1304,21.7256111111111
4,S005_blocked_s,blocked,1305,21.567277777777768
4,S005_blocked_s,blocked,1306,21.567277777777768
4,S005_blocked_s,blocked,1307,21.567277777777768
4,S005_blocked_s,blocked,1308,21.567277777777768
4,S005_blocked_s,blocked,1309,21.567277777777768
4,S005_blocked_s,blocked,1310,21.40061111111111
4,S005_blocked_s,blocked,1311,21.40061111111111
4,S005_blocked_s,blocked,1312,21.40061111111111
4,S005_blocked_s,blocked,1313,21.40061111111111
4,S005_blocked_s,blocked,1314,21.40061111111111
4,S005_blocked_s,blocked,1315,21.243944444444452
4,S005_blocked_s,blocked,1316,21.243944444444452
4,S005_blocked_s,blocked,1317,21.243944444444452
4,S005_blocked_s,blocked,1318,21.243944444444452
4,S005_blocked_s,blocked,1319,21.243944444444452
4,S005_blocked_s,blocked,1320,21.07894444444443
4,S005_blocked_s,blocked,1321,21.07894444444443
4,S005_blocked_s,blocked,1322,21.07894444444443
4,S005_blocked_s,blocked,1323,21.07894444444443
4,S005_blocked_s,blocked,1324,21.07894444444443
4,S005_blocked_s,blocked,1325,20.923944444444437
4,S005_blocked_s,blocked,1326,20.923944444444437
4,S005_blocked_s,blocked,1327,20.923944444444437
4,S005_blocked_s,blocked,1328,20.923944444444437
4,S005_blocked_s,blocked,1329,20.923944444444437
4,S005_blocked_s,blocked,1330,20.77727777777777
4,S005_blocked_s,blocked,1331,20.77727777777777
4,S005_blocked_s,blocked,1332,20.77727777777777
4,S005_blocked_s,blocked,1333,20.77727777777777
4,S005_blocked_s,blocked,1334,20.77727777777777
4,S005_blocked_s,blocked,1335,20.618944444444438
4,S005_blocked_s,blocked,1336,20.618944444444438
4,S005_blocked_s,blocked,1337,20.618944444444438
4,S005_blocked_s,blocked,1338,20.618944444444438
4,S005_blocked_s,blocked,1339,20.618944444444438
4,S005_blocked_s,blocked,1340,20.46894444444444
4,S005_blocked_s,blocked,1341,20.46894444444444
4,S005_blocked_s,blocked,1342,20.46894444444444
4,S005_blocked_s,blocked,1343,20.46894444444444
4,S005_blocked_s,blocked,1344,20.46894444444444
4,S005_blocked_s,blocked,1345,20.31894444444444
4,S005_blocked_s,blocked,1346,20.31894444444444
4,S005_blocked_s,blocked,1347,20.31894444444444
4,S005_blocked_s,blocked,1348,20.31894444444444
4,S005_blocked_s,blocked,1349,20.31894444444444
4,S005_blocked_s,blocked,1350,20.16227777777778
4,S005_blocked_s,blocked,1351,20.16227777777778
4,S005_blocked_s,blocked,1352,20.16227777777778
4,S005_blocked_s,blocked,1353,20.16227777777778
4,S005_blocked_s,blocked,1354,20.16227777777778
4,S005_blocked_s,blocked,1355,20.02727777777777
4,S005_blocked_s,blocked,1356,20.02727777777777
4,S005_blocked_s,blocked,1357,20.02727777777777
4,S005_blocked_s,blocked,1358,20.02727777777777
4,S005_blocked_s,blocked,1359,20.02727777777777
4,S005_blocked_s,blocked,1360,19.872277777777775
4,S005_blocked_s,blocked,1361,19.872277777777775
4,S005_blocked_s,blocked,1362,19.872277777777775
4,S005_blocked_s,blocked,1363,19.872277777777775
4,S005_blocked_s,blocked,1364,19.872277777777775
4,S005_blocked_s,blocked,1365,19.718944444444432
4,S005_blocked_s,blocked,1366,19.718944444444432
4,S005_blocked_s,blocked,1367,19.718944444444432
4,S005_blocked_s,blocked,1368,19.718944444444432
4,S005_blocked_s,blocked,1369,19.718944444444432
4,S005_blocked_s,blocked,1370,19.57894444444443
4,S005_blocked_s,blocked,1371,19.57894444444443
4,S005_blocked_s,blocked,1372,19.57894444444443
4,S005_blocked_s,blocked,1373,19.57894444444443
4,S005_blocked_s,blocked,1374,19.57894444444443
4,S005_blocked_s,blocked,1375,19.433944444444442
4,S005_blocked_s,blocked,1376,19.433944444444442
4,S005_blocked_s,blocked,1377,19.433944444444442
4,S005_blocked_s,blocked,1378,19.433944444444442
4,S005_blocked_s,blocked,1379,19.433944444444442
4,S005_blocked_s,blocked,1380,19.295611111111107
4,S005_blocked_s,blocked,1381,19.295611111111107
4,S005_blocked_s,blocked,1382,19.295611111111107
4,S005_blocked_s,blocked,1383,19.295611111111107
4,S005_blocked_s,blocked,1384,19.295611111111107
4,S005_blocked_s,blocked,1385,19.15727777777778
4,S005_blocked_s,blocked,1386,19.15727777777778
4,S005_blocked_s,blocked,1387,19.15727777777778
4,S005_blocked_s,blocked,1388,19.15727777777778
4,S005_blocked_s,blocked,1389,19.15727777777778
4,S005_blocked_s,blocked,1390,19.017277777777778
4,S005_blocked_s,blocked,1391,19.017277777777778
4,S005_blocked_s,blocked,1392,19.017277777777778
4,S005_blocked_s,blocked,1393,19.017277777777778
4,S005_blocked_s,blocked,1394,19.017277777777778
4,S005_blocked_s,blocked,1395,18.87727777777777
4,S005_blocked_s,blocked,1396,18.87727777777777
4,S005_blocked_s,blocked,1397,18.87727777777777
4,S005_blocked_s,blocked,1398,18.87727777777777
4,S005_blocked_s,blocked,1399,18.87727777777777
4,S005_blocked_s,blocked,1400,18.738944444444442
4,S005_blocked_s,blocked,1401,18.738944444444442
4,S005_blocked_s,blocked,1402,18.738944444444442
4,S005_blocked_s,blocked,1403,18.738944444444442
4,S005_blocked_s,blocked,1404,18.738944444444442
4,S005_blocked_s,blocked,1405,18.600611111111107
4,S005_blocked_s,blocked,1406,18.600611111111107
4,S005_blocked_s,blocked,1407,18.600611111111107
4,S005_blocked_s,blocked,1408,18.600611111111107
4,S005_blocked_s,blocked,1409,18.600611111111107
4,S005_blocked_s,blocked,1410,18.477277777777765
4,S005_blocked_s,blocked,1411,18.477277777777765
4,S005_blocked_s,blocked,1412,18.477277777777765
4,S005_blocked_s,blocked,1413,18.477277777777765
4,S005_blocked_s,blocked,1414,18.477277777777765
4,S005_blocked_s,blocked,1415,18.3406111111111
4,S005_blocked_s,blocked,1416,18.3406111111111
4,S005_blocked_s,blocked,1417,18.3406111111111
4,S005_blocked_s,blocked,1418,18.3406111111111
4,S005_blocked_s,blocked,1419,18.3406111111111
4,S005_blocked_s,blocked,1420,18.217277777777774
4,S005_blocked_s,blocked,1421,18.217277777777774
4,S005_blocked_s,blocked,1422,18.217277777777774
4,S005_blocked_s,blocked,1423,18.217277777777774
4,S005_blocked_s,blocked,1424,18.217277777777774
4,S005_blocked_s,blocked,1425,18.09061111111111
4,S005_blocked_s,blocked,1426,18.09061111111111
4,S005_blocked_s,blocked,1427,18.09061111111111
4,S005_blocked_s,blocked,1428,18.09061111111111
4,S005_blocked_s,blocked,1429,18.09061111111111
4,S005_blocked_s,blocked,1430,17.958944444444434
4,S005_blocked_s,blocked,1431,17.958944444444434
4,S005_blocked_s,blocked,1432,17.958944444444434
4,S005_blocked_s,blocked,1433,17.958944444444434
4,S005_blocked_s,blocked,1434,17.958944444444434
4,S005_blocked_s,blocked,1435,17.81561111111111
4,S005_blocked_s,blocked,1436,17.81561111111111
4,S005_blocked_s,blocked,1437,17.81561111111111
4,S005_blocked_s,blocked,1438,17.81561111111111
4,S005_blocked_s,blocked,1439,17.81561111111111
4,S005_blocked_s,blocked,1440,17.698944444444443
4,S005_blocked_s,blocked,1441,17.698944444444443
4,S005_blocked_s,blocked,1442,17.698944444444443
4,S005_blocked_s,blocked,1443,17.698944444444443
4,S005_blocked_s,blocked,1444,17.698944444444443
4,S005_blocked_s,blocked,1445,17.567277777777775
4,S005_blocked_s,blocked,1446,17.567277777777775
4,S005_blocked_s,blocked,1447,17.567277777777775
4,S005_blocked_s,blocked,1448,17.567277777777775
4,S005_blocked_s,blocked,1449,17.567277777777775
4,S005_blocked_s,blocked,1450,17.430611111111105
4,S005_blocked_s,blocked,1451,17.430611111111105
4,S005_blocked_s,blocked,1452,17.430611111111105
4,S005_blocked_s,blocked,1453,17.430611111111105
4,S005_blocked_s,blocked,1454,17.430611111111105
4,S005_blocked_s,blocked,1455,17.305611111111105
4,S005_blocked_s,blocked,1456,17.305611111111105
4,S005_blocked_s,blocked,1457,17.305611111111105
4,S005_blocked_s,blocked,1458,17.305611111111105
4,S005_blocked_s,blocked,1459,17.305611111111105
4,S005_blocked_s,blocked,1460,17.170611111111114
4,S005_blocked_s,blocked,1461,17.170611111111114
4,S005_blocked_s,blocked,1462,17.170611111111114
4,S005_blocked_s,blocked,1463,17.170611111111114
4,S005_blocked_s,blocked,1464,17.170611111111114
4,S005_blocked_s,blocked,1465,17.04227777777777
4,S005_blocked_s,blocked,1466,17.04227777777777
4,S005_blocked_s,blocked,1467,17.04227777777777
4,S005_blocked_s,blocked,1468,17.04227777777777
4,S005_blocked_s,blocked,1469,17.04227777777777
4,S005_blocked_s,blocked,1470,17.04227777777777
4,S005_blocked_s,blocked,1471,17.04227777777777
4,S005_blocked_s,blocked,1472,17.04227777777777
4,S005_blocked_s,blocked,1473,17.04227777777777
4,S005_blocked_s,blocked,1474,17.04227777777777
4,S005_blocked_s,blocked,1475,17.04227777777777
4,S005_blocked_s,blocked,1476,17.04227777777777
4,S005_blocked_s,blocked,1477,17.04227777777777
4,S005_blocked_s,blocked,1478,17.04227777777777
4,S005_blocked_s,blocked,1479,17.04227777777777
4,S005_blocked_s,blocked,1480,17.04227777777777
4,S005_blocked_s,blocked,1481,17.04227777777777
4,S005_blocked_s,blocked,1482,17.04227777777777
4,S005_blocked_s,blocked,1483,17.04227777777777
4,S005_blocked_s,blocked,1484,17.04227777777777
4,S005_blocked_s,blocked,1485,17.04227777777777
4,S005_blocked_s,blocked,1486,17.04227777777777
4,S005_blocked_s,blocked,1487,17.04227777777777
4,S005_blocked_s,blocked,1488,17.04227777777777
4,S005_blocked_s,blocked,1489,17.04227777777777
4,S005_blocked_s,blocked,1490,17.04227777777777
4,S005_blocked_s,blocked,1491,17.04227777777777
4,S005_blocked_s,blocked,1492,17.04227777777777
4,S005_blocked_s,blocked,1493,17.04227777777777
4,S005_blocked_s,blocked,1494,17.04227777777777
4,S005_blocked_s,blocked,1495,17.04227777777777
4,S005_blocked_s,blocked,1496,17.04227777777777
4,S005_blocked_s,blocked,1497,17.04227777777777
4,S005_blocked_s,blocked,1498,17.04227777777777
4,S005_blocked_s,blocked,1499,17.04227777777777
5,S006_blocked_s,blocked,0,0.0
5,S006_blocked_s,blocked,1,0.0
5,S006_blocked_s,blocked,2,0.0
5,S006_blocked_s,blocked,3,0.0
5,S006_blocked_s,blocked,4,0.0
5,S006_blocked_s,blocked,5,0.0
5,S006_blocked_s,blocked,6,0.0
5,S006_blocked_s,blocked,7,0.0
5,S006_blocked_s,blocked,8,0.0
5,S006_blocked_s,blocked,9,0.0
5,S006_blocked_s,blocked,10,0.0
5,S006_blocked_s,blocked,11,0.0
5,S006_blocked_s,blocked,12,0.0
5,S006_blocked_s,blocked,13,0.0
5,S006_blocked_s,blocked,14,0.0
5,S006_blocked_s,blocked,15,0.0
5,S006_blocked_s,blocked,16,0.0
5,S006_blocked_s,blocked,17,0.0
5,S006_blocked_s,blocked,18,0.0
5,S006_blocked_s,blocked,19,0.0
5,S006_blocked_s,blocked,20,0.0
5,S006_blocked_s,blocked,21,0.0
5,S006_blocked_s,blocked,22,0.0
5,S006_blocked_s,blocked,23,0.0
5,S006_blocked_s,blocked,24,0.0
5,S006_blocked_s,blocked,25,0.0
5,S006_blocked_s,blocked,26,0.0
5,S006_blocked_s,blocked,27,0.0
5,S006_blocked_s,blocked,28,0.0
5,S006_blocked_s,blocked,29,0.0
5,S006_blocked_s,blocked,30,-0.14097222222222427
5,S006_blocked_s,blocked,31,-0.14097222222222427
5,S006_blocked_s,blocked,32,-0.14097222222222427
5,S006_blocked_s,blocked,33,-0.14097222222222427
5,S006_blocked_s,blocked,34,-0.14097222222222427
5,S006_blocked_s,blocked,35,-0.15097222222222584
5,S006_blocked_s,blocked,36,-0.15097222222222584
5,S006_blocked_s,blocked,37,-0.15097222222222584
5,S006_blocked_s,blocked,38,-0.15097222222222584
5,S006_blocked_s,blocked,39,-0.15097222222222584
5,S006_blocked_s,blocked,40,-0.14597222222221973
5,S006_blocked_s,blocked,41,-0.14597222222221973
5,S006_blocked_s,blocked,42,-0.14597222222221973
5,S006_blocked_s,blocked,43,-0.14597222222221973
5,S006_blocked_s,blocked,44,-0.14597222222221973
5,S006_blocked_s,blocked,45,-0.14430555555555458
5,S006_blocked_s,blocked,46,-0.14430555555555458
5,S006_blocked_s,blocked,47,-0.14430555555555458
5,S006_blocked_s,blocked,48,-0.14430555555555458
5,S006_blocked_s,blocked,49,-0.14430555555555458
5,S006_blocked_s,blocked,50,-0.1209722222222247
5,S006_blocked_s,blocked,51,-0.1209722222222247
5,S006_blocked_s,blocked,52,-0.1209722222222247
5,S006_blocked_s,blocked,53,-0.1209722222222247
5,S006_blocked_s,blocked,54,-0.1209722222222247
5,S006_blocked_s,blocked,55,-0.11430555555556055
5,S006_blocked_s,blocked,56,-0.11430555555556055
5,S006_blocked_s,blocked,57,-0.11430555555556055
5,S006_blocked_s,blocked,58,-0.11430555555556055
5,S006_blocked_s,blocked,59,-0.11430555555556055
5,S006_blocked_s,blocked,60,-0.13930555555555912
5,S006_blocked_s,blocked,61,-0.13930555555555912
5,S006_blocked_s,blocked,62,-0.13930555555555912
5,S006_blocked_s,blocked,63,-0.13930555555555912
5,S006_blocked_s,blocked,64,-0.13930555555555912
5,S006_blocked_s,blocked,65,-0.16097222222223095
5,S006_blocked_s,blocked,66,-0.16097222222223095
5,S006_blocked_s,blocked,67,-0.16097222222223095
5,S006_blocked_s,blocked,68,-0.16097222222223095
5,S006_blocked_s,blocked,69,-0.16097222222223095
5,S006_blocked_s,blocked,70,-0.17097222222222186
5,S006_blocked_s,blocked,71,-0.17097222222222186
5,S006_blocked_s,blocked,72,-0.17097222222222186
5,S006_blocked_s,blocked,73,-0.17097222222222186
5,S006_blocked_s,blocked,74,-0.17097222222222186
5,S006_blocked_s,blocked,75,-0.18597222222222243
5,S006_blocked_s,blocked,76,-0.18597222222222243
5,S006_blocked_s,blocked,77,-0.18597222222222243
5,S006_blocked_s,blocked,78,-0.18597222222222243
5,S006_blocked_s,blocked,79,-0.18597222222222243
5,S006_blocked_s,blocked,80,-0.1709722222222254
5,S006_blocked_s,blocked,81,-0.1709722222222254
5,S006_blocked_s,blocked,82,-0.1709722222222254
5,S006_blocked_s,blocked,83,-0.1709722222222254
5,S006_blocked_s,blocked,84,-0.1709722222222254
5,S006_blocked_s,blocked,85,-0.1709722222222254
5,S006_blocked_s,blocked,86,-0.1709722222222254
5,S006_blocked_s,blocked,87,-0.1709722222222254
5,S006_blocked_s,blocked,88,-0.1709722222222254
5,S006_blocked_s,blocked,89,-0.1709722222222254
5,S006_blocked_s,blocked,90,-0.1626388888888819
5,S006_blocked_s,blocked,91,-0.1626388888888819
5,S006_blocked_s,blocked,92,-0.1626388888888819
5,S006_blocked_s,blocked,93,-0.1626388888888819
5,S006_blocked_s,blocked,94,-0.1626388888888819
5,S006_blocked_s,blocked,95,-0.13930555555555557
5,S006_blocked_s,blocked,96,-0.13930555555555557
5,S006_blocked_s,blocked,97,-0.13930555555555557
5,S006_blocked_s,blocked,98,-0.13930555555555557
5,S006_blocked_s,blocked,99,-0.13930555555555557
5,S006_blocked_s,blocked,100,-0.12597222222222726
5,S006_blocked_s,blocked,101,-0.12597222222222726
5,S006_blocked_s,blocked,102,-0.12597222222222726
5,S006_blocked_s,blocked,103,-0.12597222222222726
5,S006_blocked_s,blocked,104,-0.12597222222222726
5,S006_blocked_s,blocked,105,-0.1309722222222227
5,S006_blocked_s,blocked,106,-0.1309722222222227
5,S006_blocked_s,blocked,107,-0.1309722222222227
5,S006_blocked_s,blocked,108,-0.1309722222222227
5,S006_blocked_s,blocked,109,-0.1309722222222227
5,S006_blocked_s,blocked,110,-0.14097222222222072
5,S006_blocked_s,blocked,111,-0.14097222222222072
5,S006_blocked_s,blocked,112,-0.14097222222222072
5,S006_blocked_s,blocked,113,-0.14097222222222072
5,S006_blocked_s,blocked,114,-0.14097222222222072
5,S006_blocked_s,blocked,115,-0.14097222222222072
5,S006_blocked_s,blocked,116,-0.14097222222222072
5,S006_blocked_s,blocked,117,-0.14097222222222072
5,S006_blocked_s,blocked,118,-0.14097222222222072
5,S006_blocked_s,blocked,119,-0.14097222222222072
5,S006_blocked_s,blocked,120,-0.12263888888888985
5,S006_blocked_s,blocked,121,-0.12263888888888985
5,S006_blocked_s,blocked,122,-0.12263888888888985
5,S006_blocked_s,blocked,123,-0.12263888888888985
5,S006_blocked_s,blocked,124,-0.12263888888888985
5,S006_blocked_s,blocked,125,-0.12097222222222825
5,S006_blocked_s,blocked,126,-0.12097222222222825
5,S006_blocked_s,blocked,127,-0.12097222222222825
5,S006_blocked_s,blocked,128,-0.12097222222222825
5,S006_blocked_s,blocked,129,-0.12097222222222825
5,S006_blocked_s,blocked,130,-0.08930555555555841
5,S006_blocked_s,blocked,131,-0.08930555555555841
5,S006_blocked_s,blocked,132,-0.08930555555555841
5,S006_blocked_s,blocked,133,-0.08930555555555841
5,S006_blocked_s,blocked,134,-0.08930555555555841
5,S006_blocked_s,blocked,135,-0.07597222222221944
5,S006_blocked_s,blocked,136,-0.07597222222221944
5,S006_blocked_s,blocked,137,-0.07597222222221944
5,S006_blocked_s,blocked,138,-0.07597222222221944
5,S006_blocked_s,blocked,139,-0.07597222222221944
5,S006_blocked_s,blocked,140,-0.08430555555555941
5,S006_blocked_s,blocked,141,-0.08430555555555941
5,S006_blocked_s,blocked,142,-0.08430555555555941
5,S006_blocked_s,blocked,143,-0.08430555555555941
5,S006_blocked_s,blocked,144,-0.08430555555555941
5,S006_blocked_s,blocked,145,-0.07597222222222655
5,S006_blocked_s,blocked,146,-0.07597222222222655
5,S006_blocked_s,blocked,147,-0.07597222222222655
5,S006_blocked_s,blocked,148,-0.07597222222222655
5,S006_blocked_s,blocked,149,-0.07597222222222655
5,S006_blocked_s,blocked,150,-0.07263888888888914
5,S006_blocked_s,blocked,151,-0.07263888888888914
5,S006_blocked_s,blocked,152,-0.07263888888888914
5,S006_blocked_s,blocked,153,-0.07263888888888914
5,S006_blocked_s,blocked,154,-0.07263888888888914
5,S006_blocked_s,blocked,155,-0.06430555555555983
5,S006_blocked_s,blocked,156,-0.06430555555555983
5,S006_blocked_s,blocked,157,-0.06430555555555983
5,S006_blocked_s,blocked,158,-0.06430555555555983
5,S006_blocked_s,blocked,159,-0.06430555555555983
5,S006_blocked_s,blocked,160,-0.06763888888889014
5,S006_blocked_s,blocked,161,-0.06763888888889014
5,S006_blocked_s,blocked,162,-0.06763888888889014
5,S006_blocked_s,blocked,163,-0.06763888888889014
5,S006_blocked_s,blocked,164,-0.06763888888889014
5,S006_blocked_s,blocked,165,-0.07097222222222754
5,S006_blocked_s,blocked,166,-0.07097222222222754
5,S006_blocked_s,blocked,167,-0.07097222222222754
5,S006_blocked_s,blocked,168,-0.07097222222222754
5,S006_blocked_s,blocked,169,-0.07097222222222754
5,S006_blocked_s,blocked,170,-0.09597222222222612
5,S006_blocked_s,blocked,171,-0.09597222222222612
5,S006_blocked_s,blocked,172,-0.09597222222222612
5,S006_blocked_s,blocked,173,-0.09597222222222612
5,S006_blocked_s,blocked,174,-0.09597222222222612
5,S006_blocked_s,blocked,175,-0.10097222222223223
5,S006_blocked_s,blocked,176,-0.10097222222223223
5,S006_blocked_s,blocked,177,-0.10097222222223223
5,S006_blocked_s,blocked,178,-0.10097222222223223
5,S006_blocked_s,blocked,179,-0.10097222222223223
5,S006_blocked_s,blocked,180,-0.10763888888889639
5,S006_blocked_s,blocked,181,-0.10763888888889639
5,S006_blocked_s,blocked,182,-0.10763888888889639
5,S006_blocked_s,blocked,183,-0.10763888888889639
5,S006_blocked_s,blocked,184,-0.10763888888889639
5,S006_blocked_s,blocked,185,-0.11097222222223024
5,S006_blocked_s,blocked,186,-0.11097222222223024
5,S006_blocked_s,blocked,187,-0.11097222222223024
5,S006_blocked_s,blocked,188,-0.11097222222223024
5,S006_blocked_s,blocked,189,-0.11097222222223024
5,S006_blocked_s,blocked,190,-0.14597222222222328
5,S006_blocked_s,blocked,191,-0.14597222222222328
5,S006_blocked_s,blocked,192,-0.14597222222222328
5,S006_blocked_s,blocked,193,-0.14597222222222328
5,S006_blocked_s,blocked,194,-0.14597222222222328
5,S006_blocked_s,blocked,195,-0.1509722222222294
5,S006_blocked_s,blocked,196,-0.1509722222222294
5,S006_blocked_s,blocked,197,-0.1509722222222294
5,S006_blocked_s,blocked,198,-0.1509722222222294
5,S006_blocked_s,blocked,199,-0.1509722222222294
5,S006_blocked_s,blocked,200,-0.1643055555555648
5,S006_blocked_s,blocked,201,-0.1643055555555648
5,S006_blocked_s,blocked,202,-0.1643055555555648
5,S006_blocked_s,blocked,203,-0.1643055555555648
5,S006_blocked_s,blocked,204,-0.1643055555555648
5,S006_blocked_s,blocked,205,-0.17097222222222186
5,S006_blocked_s,blocked,206,-0.17097222222222186
5,S006_blocked_s,blocked,207,-0.17097222222222186
5,S006_blocked_s,blocked,208,-0.17097222222222186
5,S006_blocked_s,blocked,209,-0.17097222222222186
5,S006_blocked_s,blocked,210,-0.17430555555555927
5,S006_blocked_s,blocked,211,-0.17430555555555927
5,S006_blocked_s,blocked,212,-0.17430555555555927
5,S006_blocked_s,blocked,213,-0.17430555555555927
5,S006_blocked_s,blocked,214,-0.17430555555555927
5,S006_blocked_s,blocked,215,-0.195972222222224
5,S006_blocked_s,blocked,216,-0.195972222222224
5,S006_blocked_s,blocked,217,-0.195972222222224
5,S006_blocked_s,blocked,218,-0.195972222222224
5,S006_blocked_s,blocked,219,-0.195972222222224
5,S006_blocked_s,blocked,220,-0.205972222222222
5,S006_blocked_s,blocked,221,-0.205972222222222
5,S006_blocked_s,blocked,222,-0.205972222222222
5,S006_blocked_s,blocked,223,-0.205972222222222
5,S006_blocked_s,blocked,224,-0.205972222222222
5,S006_blocked_s,blocked,225,-0.1976388888888927
5,S006_blocked_s,blocked,226,-0.1976388888888927
5,S006_blocked_s,blocked,227,-0.1976388888888927
5,S006_blocked_s,blocked,228,-0.1976388888888927
5,S006_blocked_s,blocked,229,-0.1976388888888927
5,S006_blocked_s,blocked,230,-0.18263888888888857
5,S006_blocked_s,blocked,231,-0.18263888888888857
5,S006_blocked_s,blocked,232,-0.18263888888888857
5,S006_blocked_s,blocked,233,-0.18263888888888857
5,S006_blocked_s,blocked,234,-0.18263888888888857
5,S006_blocked_s,blocked,235,-0.18430555555556083
5,S006_blocked_s,blocked,236,-0.18430555555556083
5,S006_blocked_s,blocked,237,-0.18430555555556083
5,S006_blocked_s,blocked,238,-0.18430555555556083
5,S006_blocked_s,blocked,239,-0.18430555555556083
5,S006_blocked_s,blocked,240,-0.1743055555555557
5,S006_blocked_s,blocked,241,-0.1743055555555557
5,S006_blocked_s,blocked,242,-0.1743055555555557
5,S006_blocked_s,blocked,243,-0.1743055555555557
5,S006_blocked_s,blocked,244,-0.1743055555555557
5,S006_blocked_s,blocked,245,-0.152638888888891
5,S006_blocked_s,blocked,246,-0.152638888888891
5,S006_blocked_s,blocked,247,-0.152638888888891
5,S006_blocked_s,blocked,248,-0.152638888888891
5,S006_blocked_s,blocked,249,-0.152638888888891
5,S006_blocked_s,blocked,250,-0.14430555555555813
5,S006_blocked_s,blocked,251,-0.14430555555555813
5,S006_blocked_s,blocked,252,-0.14430555555555813
5,S006_blocked_s,blocked,253,-0.14430555555555813
5,S006_blocked_s,blocked,254,-0.14430555555555813
5,S006_blocked_s,blocked,255,-0.11763888888889085
5,S006_blocked_s,blocked,256,-0.11763888888889085
5,S006_blocked_s,blocked,257,-0.11763888888889085
5,S006_blocked_s,blocked,258,-0.11763888888889085
5,S006_blocked_s,blocked,259,-0.11763888888889085
5,S006_blocked_s,blocked,260,-0.10930555555556154
5,S006_blocked_s,blocked,261,-0.10930555555556154
5,S006_blocked_s,blocked,262,-0.10930555555556154
5,S006_blocked_s,blocked,263,-0.10930555555556154
5,S006_blocked_s,blocked,264,-0.10930555555556154
5,S006_blocked_s,blocked,265,-0.11430555555556055
5,S006_blocked_s,blocked,266,-0.11430555555556055
5,S006_blocked_s,blocked,267,-0.11430555555556055
5,S006_blocked_s,blocked,268,-0.11430555555556055
5,S006_blocked_s,blocked,269,-0.11430555555556055
5,S006_blocked_s,blocked,270,-0.10763888888889284
5,S006_blocked_s,blocked,271,-0.10763888888889284
5,S006_blocked_s,blocked,272,-0.10763888888889284
5,S006_blocked_s,blocked,273,-0.10763888888889284
5,S006_blocked_s,blocked,274,-0.10763888888889284
5,S006_blocked_s,blocked,275,-0.07930555555555685
5,S006_blocked_s,blocked,276,-0.07930555555555685
5,S006_blocked_s,blocked,277,-0.07930555555555685
5,S006_blocked_s,blocked,278,-0.07930555555555685
5,S006_blocked_s,blocked,279,-0.07930555555555685
5,S006_blocked_s,blocked,280,-0.037638888888889
5,S006_blocked_s,blocked,281,-0.037638888888889
5,S006_blocked_s,blocked,282,-0.037638888888889
5,S006_blocked_s,blocked,283,-0.037638888888889
5,S006_blocked_s,blocked,284,-0.037638888888889
5,S006_blocked_s,blocked,285,0.03069444444444258
5,S006_blocked_s,blocked,286,0.03069444444444258
5,S006_blocked_s,blocked,287,0.03069444444444258
5,S006_blocked_s,blocked,288,0.03069444444444258
5,S006_blocked_s,blocked,289,0.03069444444444258
5,S006_blocked_s,blocked,290,0.14902777777777132
5,S006_blocked_s,blocked,291,0.14902777777777132
5,S006_blocked_s,blocked,292,0.14902777777777132
5,S006_blocked_s,blocked,293,0.14902777777777132
5,S006_blocked_s,blocked,294,0.14902777777777132
5,S006_blocked_s,blocked,295,0.29236111111110574
5,S006_blocked_s,blocked,296,0.29236111111110574
5,S006_blocked_s,blocked,297,0.29236111111110574
5,S006_blocked_s,blocked,298,0.29236111111110574
5,S006_blocked_s,blocked,299,0.29236111111110574
5,S006_blocked_s,blocked,300,0.45902777777777004
5,S006_blocked_s,blocked,301,0.45902777777777004
5,S006_blocked_s,blocked,302,0.45902777777777004
5,S006_blocked_s,blocked,303,0.45902777777777004
5,S006_blocked_s,blocked,304,0.45902777777777004
5,S006_blocked_s,blocked,305,0.6356944444444395
5,S006_blocked_s,blocked,306,0.6356944444444395
5,S006_blocked_s,blocked,307,0.6356944444444395
5,S006_blocked_s,blocked,308,0.6356944444444395
5,S006_blocked_s,blocked,309,0.6356944444444395
5,S006_blocked_s,blocked,310,0.8790277777777753
5,S006_blocked_s,blocked,311,0.8790277777777753
5,S006_blocked_s,blocked,312,0.8790277777777753
5,S006_blocked_s,blocked,313,0.8790277777777753
5,S006_blocked_s,blocked,314,0.8790277777777753
5,S006_blocked_s,blocked,315,1.1290277777777717
5,S006_blocked_s,blocked,316,1.1290277777777717
5,S006_blocked_s,blocked,317,1.1290277777777717
5,S006_blocked_s,blocked,318,1.1290277777777717
5,S006_blocked_s,blocked,319,1.1290277777777717
5,S006_blocked_s,blocked,320,1.4173611111111093
5,S006_blocked_s,blocked,321,1.4173611111111093
5,S006_blocked_s,blocked,322,1.4173611111111093
5,S006_blocked_s,blocked,323,1.4173611111111093
5,S006_blocked_s,blocked,324,1.4173611111111093
5,S006_blocked_s,blocked,325,1.7356944444444409
5,S006_blocked_s,blocked,326,1.7356944444444409
5,S006_blocked_s,blocked,327,1.7356944444444409
5,S006_blocked_s,blocked,328,1.7356944444444409
5,S006_blocked_s,blocked,329,1.7356944444444409
5,S006_blocked_s,blocked,330,2.065694444444439
5,S006_blocked_s,blocked,331,2.065694444444439
5,S006_blocked_s,blocked,332,2.065694444444439
5,S006_blocked_s,blocked,333,2.065694444444439
5,S006_blocked_s,blocked,334,2.065694444444439
5,S006_blocked_s,blocked,335,2.4423611111111114
5,S006_blocked_s,blocked,336,2.4423611111111114
5,S006_blocked_s,blocked,337,2.4423611111111114
5,S006_blocked_s,blocked,338,2.4423611111111114
5,S006_blocked_s,blocked,339,2.4423611111111114
5,S006_blocked_s,blocked,340,2.8040277777777796
5,S006_blocked_s,blocked,341,2.8040277777777796
5,S006_blocked_s,blocked,342,2.8040277777777796
5,S006_blocked_s,blocked,343,2.8040277777777796
5,S006_blocked_s,blocked,344,2.8040277777777796
5,S006_blocked_s,blocked,345,3.1573611111111077
5,S006_blocked_s,blocked,346,3.1573611111111077
5,S006_blocked_s,blocked,347,3.1573611111111077
5,S006_blocked_s,blocked,348,3.1573611111111077
5,S006_blocked_s,blocked,349,3.1573611111111077
5,S006_blocked_s,blocked,350,3.497361111111104
5,S006_blocked_s,blocked,351,3.497361111111104
5,S006_blocked_s,blocked,352,3.497361111111104
5,S006_blocked_s,blocked,353,3.497361111111104
5,S006_blocked_s,blocked,354,3.497361111111104
5,S006_blocked_s,blocked,355,3.832361111111105
5,S006_blocked_s,blocked,356,3.832361111111105
5,S006_blocked_s,blocked,357,3.832361111111105
5,S006_blocked_s,blocked,358,3.832361111111105
5,S006_blocked_s,blocked,359,3.832361111111105
5,S006_blocked_s,blocked,360,4.169027777777778
5,S006_blocked_s,blocked,361,4.169027777777778
5,S006_blocked_s,blocked,362,4.169027777777778
5,S006_blocked_s,blocked,363,4.169027777777778
5,S006_blocked_s,blocked,364,4.169027777777778
5,S006_blocked_s,blocked,365,4.525694444444447
5,S006_blocked_s,blocked,366,4.525694444444447
5,S006_blocked_s,blocked,367,4.525694444444447
5,S006_blocked_s,blocked,368,4.525694444444447
5,S006_blocked_s,blocked,369,4.525694444444447
5,S006_blocked_s,blocked,370,4.837361111111104
5,S006_blocked_s,blocked,371,4.837361111111104
5,S006_blocked_s,blocked,372,4.837361111111104
5,S006_blocked_s,blocked,373,4.837361111111104
5,S006_blocked_s,blocked,374,4.837361111111104
5,S006_blocked_s,blocked,375,5.152361111111112
5,S006_blocked_s,blocked,376,5.152361111111112
5,S006_blocked_s,blocked,377,5.152361111111112
5,S006_blocked_s,blocked,378,5.152361111111112
5,S006_blocked_s,blocked,379,5.152361111111112
5,S006_blocked_s,blocked,380,5.472361111111109
5,S006_blocked_s,blocked,381,5.472361111111109
5,S006_blocked_s,blocked,382,5.472361111111109
5,S006_blocked_s,blocked,383,5.472361111111109
5,S006_blocked_s,blocked,384,5.472361111111109
5,S006_blocked_s,blocked,385,5.784027777777776
5,S006_blocked_s,blocked,386,5.784027777777776
5,S006_blocked_s,blocked,387,5.784027777777776
5,S006_blocked_s,blocked,388,5.784027777777776
5,S006_blocked_s,blocked,389,5.784027777777776
5,S006_blocked_s,blocked,390,6.100694444444443
5,S006_blocked_s,blocked,391,6.100694444444443
5,S006_blocked_s,blocked,392,6.100694444444443
5,S006_blocked_s,blocked,393,6.100694444444443
5,S006_blocked_s,blocked,394,6.100694444444443
5,S006_blocked_s,blocked,395,6.382361111111106
5,S006_blocked_s,blocked,396,6.382361111111106
5,S006_blocked_s,blocked,397,6.382361111111106
5,S006_blocked_s,blocked,398,6.382361111111106
5,S006_blocked_s,blocked,399,6.382361111111106
5,S006_blocked_s,blocked,400,6.6790277777777725
5,S006_blocked_s,blocked,401,6.6790277777777725
5,S006_blocked_s,blocked,402,6.6790277777777725
5,S006_blocked_s,blocked,403,6.6790277777777725
5,S006_blocked_s,blocked,404,6.6790277777777725
5,S006_blocked_s,blocked,405,6.985694444444441
5,S006_blocked_s,blocked,406,6.985694444444441
5,S006_blocked_s,blocked,407,6.985694444444441
5,S006_blocked_s,blocked,408,6.985694444444441
5,S006_blocked_s,blocked,409,6.985694444444441
5,S006_blocked_s,blocked,410,7.269027777777776
5,S006_blocked_s,blocked,411,7.269027777777776
5,S006_blocked_s,blocked,412,7.269027777777776
5,S006_blocked_s,blocked,413,7.269027777777776
5,S006_blocked_s,blocked,414,7.269027777777776
5,S006_blocked_s,blocked,415,7.54569444444444
5,S006_blocked_s,blocked,416,7.54569444444444
5,S006_blocked_s,blocked,417,7.54569444444444
5,S006_blocked_s,blocked,418,7.54569444444444
5,S006_blocked_s,blocked,419,7.54569444444444
5,S006_blocked_s,blocked,420,7.797361111111112
5,S006_blocked_s,blocked,421,7.797361111111112
5,S006_blocked_s,blocked,422,7.797361111111112
5,S006_blocked_s,blocked,423,7.797361111111112
5,S006_blocked_s,blocked,424,7.797361111111112
5,S006_blocked_s,blocked,425,8.065694444444443
5,S006_blocked_s,blocked,426,8.065694444444443
5,S006_blocked_s,blocked,427,8.065694444444443
5,S006_blocked_s,blocked,428,8.065694444444443
5,S006_blocked_s,blocked,429,8.065694444444443
5,S006_blocked_s,blocked,430,8.345694444444444
5,S006_blocked_s,blocked,431,8.345694444444444
5,S006_blocked_s,blocked,432,8.345694444444444
5,S006_blocked_s,blocked,433,8.345694444444444
5,S006_blocked_s,blocked,434,8.345694444444444
5,S006_blocked_s,blocked,435,8.617361111111105
5,S006_blocked_s,blocked,436,8.617361111111105
5,S006_blocked_s,blocked,437,8.617361111111105
5,S006_blocked_s,blocked,438,8.617361111111105
5,S006_blocked_s,blocked,439,8.617361111111105
5,S006_blocked_s,blocked,440,8.870694444444442
5,S006_blocked_s,blocked,441,8.870694444444442
5,S006_blocked_s,blocked,442,8.870694444444442
5,S006_blocked_s,blocked,443,8.870694444444442
5,S006_blocked_s,blocked,444,8.870694444444442
5,S006_blocked_s,blocked,445,9.13236111111111
5,S006_blocked_s,blocked,446,9.13236111111111
5,S006_blocked_s,blocked,447,9.13236111111111
5,S006_blocked_s,blocked,448,9.13236111111111
5,S006_blocked_s,blocked,449,9.13236111111111
5,S006_blocked_s,blocked,450,9.38069444444444
5,S006_blocked_s,blocked,451,9.38069444444444
5,S006_blocked_s,blocked,452,9.38069444444444
5,S006_blocked_s,blocked,453,9.38069444444444
5,S006_blocked_s,blocked,454,9.38069444444444
5,S006_blocked_s,blocked,455,9.63402777777777
5,S006_blocked_s,blocked,456,9.63402777777777
5,S006_blocked_s,blocked,457,9.63402777777777
5,S006_blocked_s,blocked,458,9.63402777777777
5,S006_blocked_s,blocked,459,9.63402777777777
5,S006_blocked_s,blocked,460,9.877361111111107
5,S006_blocked_s,blocked,461,9.877361111111107
5,S006_blocked_s,blocked,462,9.877361111111107
5,S006_blocked_s,blocked,463,9.877361111111107
5,S006_blocked_s,blocked,464,9.877361111111107
5,S006_blocked_s,blocked,465,10.107361111111103
5,S006_blocked_s,blocked,466,10.107361111111103
5,S006_blocked_s,blocked,467,10.107361111111103
5,S006_blocked_s,blocked,468,10.107361111111103
5,S006_blocked_s,blocked,469,10.107361111111103
5,S006_blocked_s,blocked,470,10.332361111111105
5,S006_blocked_s,blocked,471,10.332361111111105
5,S006_blocked_s,blocked,472,10.332361111111105
5,S006_blocked_s,blocked,473,10.332361111111105
5,S006_blocked_s,blocked,474,10.332361111111105
5,S006_blocked_s,blocked,475,10.572361111111107
5,S006_blocked_s,blocked,476,10.572361111111107
5,S006_blocked_s,blocked,477,10.572361111111107
5,S006_blocked_s,blocked,478,10.572361111111107
5,S006_blocked_s,blocked,479,10.572361111111107
5,S006_blocked_s,blocked,480,10.840694444444445
5,S006_blocked_s,blocked,481,10.840694444444445
5,S006_blocked_s,blocked,482,10.840694444444445
5,S006_blocked_s,blocked,483,10.840694444444445
5,S006_blocked_s,blocked,484,10.840694444444445
5,S006_blocked_s,blocked,485,11.059027777777779
5,S006_blocked_s,blocked,486,11.059027777777779
5,S006_blocked_s,blocked,487,11.059027777777779
5,S006_blocked_s,blocked,488,11.059027777777779
5,S006_blocked_s,blocked,489,11.059027777777779
5,S006_blocked_s,blocked,490,11.280694444444443
5,S006_blocked_s,blocked,491,11.280694444444443
5,S006_blocked_s,blocked,492,11.280694444444443
5,S006_blocked_s,blocked,493,11.280694444444443
5,S006_blocked_s,blocked,494,11.280694444444443
5,S006_blocked_s,blocked,495,11.492361111111101
5,S006_blocked_s,blocked,496,11.492361111111101
5,S006_blocked_s,blocked,497,11.492361111111101
5,S006_blocked_s,blocked,498,11.492361111111101
5,S006_blocked_s,blocked,499,11.492361111111101
5,S006_blocked_s,blocked,500,11.710694444444442
5,S006_blocked_s,blocked,501,11.710694444444442
5,S006_blocked_s,blocked,502,11.710694444444442
5,S006_blocked_s,blocked,503,11.710694444444442
5,S006_blocked_s,blocked,504,11.710694444444442
5,S006_blocked_s,blocked,505,11.919027777777771
5,S006_blocked_s,blocked,506,11.919027777777771
5,S006_blocked_s,blocked,507,11.919027777777771
5,S006_blocked_s,blocked,508,11.919027777777771
5,S006_blocked_s,blocked,509,11.919027777777771
5,S006_blocked_s,blocked,510,12.115694444444443
5,S006_blocked_s,blocked,511,12.115694444444443
5,S006_blocked_s,blocked,512,12.115694444444443
5,S006_blocked_s,blocked,513,12.115694444444443
5,S006_blocked_s,blocked,514,12.115694444444443
5,S006_blocked_s,blocked,515,12.309027777777779
5,S006_blocked_s,blocked,516,12.309027777777779
5,S006_blocked_s,blocked,517,12.309027777777779
5,S006_blocked_s,blocked,518,12.309027777777779
5,S006_blocked_s,blocked,519,12.309027777777779
5,S006_blocked_s,blocked,520,12.510694444444447
5,S006_blocked_s,blocked,521,12.510694444444447
5,S006_blocked_s,blocked,522,12.510694444444447
5,S006_blocked_s,blocked,523,12.510694444444447
5,S006_blocked_s,blocked,524,12.510694444444447
5,S006_blocked_s,blocked,525,12.719027777777775
5,S006_blocked_s,blocked,526,12.719027777777775
5,S006_blocked_s,blocked,527,12.719027777777775
5,S006_blocked_s,blocked,528,12.719027777777775
5,S006_blocked_s,blocked,529,12.719027777777775
5,S006_blocked_s,blocked,530,12.92736111111111
5,S006_blocked_s,blocked,531,12.92736111111111
5,S006_blocked_s,blocked,532,12.92736111111111
5,S006_blocked_s,blocked,533,12.92736111111111
5,S006_blocked_s,blocked,534,12.92736111111111
5,S006_blocked_s,blocked,535,13.134027777777781
5,S006_blocked_s,blocked,536,13.134027777777781
5,S006_blocked_s,blocked,537,13.134027777777781
5,S006_blocked_s,blocked,538,13.134027777777781
5,S006_blocked_s,blocked,539,13.134027777777781
5,S006_blocked_s,blocked,540,13.307361111111106
5,S006_blocked_s,blocked,541,13.307361111111106
5,S006_blocked_s,blocked,542,13.307361111111106
5,S006_blocked_s,blocked,543,13.307361111111106
5,S006_blocked_s,blocked,544,13.307361111111106
5,S006_blocked_s,blocked,545,13.48236111111111
5,S006_blocked_s,blocked,546,13.48236111111111
5,S006_blocked_s,blocked,547,13.48236111111111
5,S006_blocked_s,blocked,548,13.48236111111111
5,S006_blocked_s,blocked,549,13.48236111111111
5,S006_blocked_s,blocked,550,13.660694444444438
5,S006_blocked_s,blocked,551,13.660694444444438
5,S006_blocked_s,blocked,552,13.660694444444438
5,S006_blocked_s,blocked,553,13.660694444444438
5,S006_blocked_s,blocked,554,13.660694444444438
5,S006_blocked_s,blocked,555,13.83402777777777
5,S006_blocked_s,blocked,556,13.83402777777777
5,S006_blocked_s,blocked,557,13.83402777777777
5,S006_blocked_s,blocked,558,13.83402777777777
5,S006_blocked_s,blocked,559,13.83402777777777
5,S006_blocked_s,blocked,560,14.02902777777777
5,S006_blocked_s,blocked,561,14.02902777777777
5,S006_blocked_s,blocked,562,14.02902777777777
5,S006_blocked_s,blocked,563,14.02902777777777
5,S006_blocked_s,blocked,564,14.02902777777777
5,S006_blocked_s,blocked,565,14.204027777777775
5,S006_blocked_s,blocked,566,14.204027777777775
5,S006_blocked_s,blocked,567,14.204027777777775
5,S006_blocked_s,blocked,568,14.204027777777775
5,S006_blocked_s,blocked,569,14.204027777777775
5,S006_blocked_s,blocked,570,14.40069444444444
5,S006_blocked_s,blocked,571,14.40069444444444
5,S006_blocked_s,blocked,572,14.40069444444444
5,S006_blocked_s,blocked,573,14.40069444444444
5,S006_blocked_s,blocked,574,14.40069444444444
5,S006_blocked_s,blocked,575,14.57402777777778
5,S006_blocked_s,blocked,576,14.57402777777778
5,S006_blocked_s,blocked,577,14.57402777777778
5,S006_blocked_s,blocked,578,14.57402777777778
5,S006_blocked_s,blocked,579,14.57402777777778
5,S006_blocked_s,blocked,580,14.744027777777774
5,S006_blocked_s,blocked,581,14.744027777777774
5,S006_blocked_s,blocked,582,14.744027777777774
5,S006_blocked_s,blocked,583,14.744027777777774
5,S006_blocked_s,blocked,584,14.744027777777774
5,S006_blocked_s,blocked,585,14.894027777777772
5,S006_blocked_s,blocked,586,14.894027777777772
5,S006_blocked_s,blocked,587,14.894027777777772
5,S006_blocked_s,blocked,588,14.894027777777772
5,S006_blocked_s,blocked,589,14.894027777777772
5,S006_blocked_s,blocked,590,15.067361111111111
5,S006_blocked_s,blocked,591,15.067361111111111
5,S006_blocked_s,blocked,592,15.067361111111111
5,S006_blocked_s,blocked,593,15.067361111111111
5,S006_blocked_s,blocked,594,15.067361111111111
5,S006_blocked_s,blocked,595,15.224027777777778
5,S006_blocked_s,blocked,596,15.224027777777778
5,S006_blocked_s,blocked,597,15.224027777777778
5,S006_blocked_s,blocked,598,15.224027777777778
5,S006_blocked_s,blocked,599,15.224027777777778
5,S006_blocked_s,blocked,600,15.402361111111098
5,S006_blocked_s,blocked,601,15.402361111111098
5,S006_blocked_s,blocked,602,15.402361111111098
5,S006_blocked_s,blocked,603,15.402361111111098
5,S006_blocked_s,blocked,604,15.402361111111098
5,S006_blocked_s,blocked,605,15.59569444444444
5,S006_blocked_s,blocked,606,15.59569444444444
5,S006_blocked_s,blocked,607,15.59569444444444
5,S006_blocked_s,blocked,608,15.59569444444444
5,S006_blocked_s,blocked,609,15.59569444444444
5,S006_blocked_s,blocked,610,15.759027777777774
5,S006_blocked_s,blocked,611,15.759027777777774
5,S006_blocked_s,blocked,612,15.759027777777774
5,S006_blocked_s,blocked,613,15.759027777777774
5,S006_blocked_s,blocked,614,15.759027777777774
5,S006_blocked_s,blocked,615,15.925694444444431
5,S006_blocked_s,blocked,616,15.925694444444431
5,S006_blocked_s,blocked,617,15.925694444444431
5,S006_blocked_s,blocked,618,15.925694444444431
5,S006_blocked_s,blocked,619,15.925694444444431
5,S006_blocked_s,blocked,620,16.06236111111111
5,S006_blocked_s,blocked,621,16.06236111111111
5,S006_blocked_s,blocked,622,16.06236111111111
5,S006_blocked_s,blocked,623,16.06236111111111
5,S006_blocked_s,blocked,624,16.06236111111111
5,S006_blocked_s,blocked,625,16.205694444444447
5,S006_blocked_s,blocked,626,16.205694444444447
5,S006_blocked_s,blocked,627,16.205694444444447
5,S006_blocked_s,blocked,628,16.205694444444447
5,S006_blocked_s,blocked,629,16.205694444444447
5,S006_blocked_s,blocked,630,16.33402777777777
5,S006_blocked_s,blocked,631,16.33402777777777
5,S006_blocked_s,blocked,632,16.33402777777777
5,S006_blocked_s,blocked,633,16.33402777777777
5,S006_blocked_s,blocked,634,16.33402777777777
5,S006_blocked_s,blocked,635,16.467361111111117
5,S006_blocked_s,blocked,636,16.467361111111117
5,S006_blocked_s,blocked,637,16.467361111111117
5,S006_blocked_s,blocked,638,16.467361111111117
5,S006_blocked_s,blocked,639,16.467361111111117
5,S006_blocked_s,blocked,640,16.60069444444445
5,S006_blocked_s,blocked,641,16.60069444444445
5,S006_blocked_s,blocked,642,16.60069444444445
5,S006_blocked_s,blocked,643,16.60069444444445
5,S006_blocked_s,blocked,644,16.60069444444445
5,S006_blocked_s,blocked,645,16.762361111111105
5,S006_blocked_s,blocked,646,16.762361111111105
5,S006_blocked_s,blocked,647,16.762361111111105
5,S006_blocked_s,blocked,648,16.762361111111105
5,S006_blocked_s,blocked,649,16.762361111111105
5,S006_blocked_s,blocked,650,16.884027777777767
5,S006_blocked_s,blocked,651,16.884027777777767
5,S006_blocked_s,blocked,652,16.884027777777767
5,S006_blocked_s,blocked,653,16.884027777777767
5,S006_blocked_s,blocked,654,16.884027777777767
5,S006_blocked_s,blocked,655,17.005694444444437
5,S006_blocked_s,blocked,656,17.005694444444437
5,S006_blocked_s,blocked,657,17.005694444444437
5,S006_blocked_s,blocked,658,17.005694444444437
5,S006_blocked_s,blocked,659,17.005694444444437
5,S006_blocked_s,blocked,660,17.120694444444446
5,S006_blocked_s,blocked,661,17.120694444444446
5,S006_blocked_s,blocked,662,17.120694444444446
5,S006_blocked_s,blocked,663,17.120694444444446
5,S006_blocked_s,blocked,664,17.120694444444446
5,S006_blocked_s,blocked,665,17.21736111111111
5,S006_blocked_s,blocked,666,17.21736111111111
5,S006_blocked_s,blocked,667,17.21736111111111
5,S006_blocked_s,blocked,668,17.21736111111111
5,S006_blocked_s,blocked,669,17.21736111111111
5,S006_blocked_s,blocked,670,17.344027777777782
5,S006_blocked_s,blocked,671,17.344027777777782
5,S006_blocked_s,blocked,672,17.344027777777782
5,S006_blocked_s,blocked,673,17.344027777777782
5,S006_blocked_s,blocked,674,17.344027777777782
5,S006_blocked_s,blocked,675,17.460694444444442
5,S006_blocked_s,blocked,676,17.460694444444442
5,S006_blocked_s,blocked,677,17.460694444444442
5,S006_blocked_s,blocked,678,17.460694444444442
5,S006_blocked_s,blocked,679,17.460694444444442
5,S006_blocked_s,blocked,680,17.564027777777774
5,S006_blocked_s,blocked,681,17.564027777777774
5,S006_blocked_s,blocked,682,17.564027777777774
5,S006_blocked_s,blocked,683,17.564027777777774
5,S006_blocked_s,blocked,684,17.564027777777774
5,S006_blocked_s,blocked,685,17.694027777777777
5,S006_blocked_s,blocked,686,17.694027777777777
5,S006_blocked_s,blocked,687,17.694027777777777
5,S006_blocked_s,blocked,688,17.694027777777777
5,S006_blocked_s,blocked,689,17.694027777777777
5,S006_blocked_s,blocked,690,17.825694444444444
5,S006_blocked_s,blocked,691,17.825694444444444
5,S006_blocked_s,blocked,692,17.825694444444444
5,S006_blocked_s,blocked,693,17.825694444444444
5,S006_blocked_s,blocked,694,17.825694444444444
5,S006_blocked_s,blocked,695,17.947361111111107
5,S006_blocked_s,blocked,696,17.947361111111107
5,S006_blocked_s,blocked,697,17.947361111111107
5,S006_blocked_s,blocked,698,17.947361111111107
5,S006_blocked_s,blocked,699,17.947361111111107
5,S006_blocked_s,blocked,700,18.059027777777764
5,S006_blocked_s,blocked,701,18.059027777777764
5,S006_blocked_s,blocked,702,18.059027777777764
5,S006_blocked_s,blocked,703,18.059027777777764
5,S006_blocked_s,blocked,704,18.059027777777764
5,S006_blocked_s,blocked,705,18.149027777777775
5,S006_blocked_s,blocked,706,18.149027777777775
5,S006_blocked_s,blocked,707,18.149027777777775
5,S006_blocked_s,blocked,708,18.149027777777775
5,S006_blocked_s,blocked,709,18.149027777777775
5,S006_blocked_s,blocked,710,18.274027777777768
5,S006_blocked_s,blocked,711,18.274027777777768
5,S006_blocked_s,blocked,712,18.274027777777768
5,S006_blocked_s,blocked,713,18.274027777777768
5,S006_blocked_s,blocked,714,18.274027777777768
5,S006_blocked_s,blocked,715,18.399027777777768
5,S006_blocked_s,blocked,716,18.399027777777768
5,S006_blocked_s,blocked,717,18.399027777777768
5,S006_blocked_s,blocked,718,18.399027777777768
5,S006_blocked_s,blocked,719,18.399027777777768
5,S006_blocked_s,blocked,720,18.500694444444434
5,S006_blocked_s,blocked,721,18.500694444444434
5,S006_blocked_s,blocked,722,18.500694444444434
5,S006_blocked_s,blocked,723,18.500694444444434
5,S006_blocked_s,blocked,724,18.500694444444434
5,S006_blocked_s,blocked,725,18.600694444444443
5,S006_blocked_s,blocked,726,18.600694444444443
5,S006_blocked_s,blocked,727,18.600694444444443
5,S006_blocked_s,blocked,728,18.600694444444443
5,S006_blocked_s,blocked,729,18.600694444444443
5,S006_blocked_s,blocked,730,18.6823611111111
5,S006_blocked_s,blocked,731,18.6823611111111
5,S006_blocked_s,blocked,732,18.6823611111111
5,S006_blocked_s,blocked,733,18.6823611111111
5,S006_blocked_s,blocked,734,18.6823611111111
5,S006_blocked_s,blocked,735,18.785694444444445
5,S006_blocked_s,blocked,736,18.785694444444445
5,S006_blocked_s,blocked,737,18.785694444444445
5,S006_blocked_s,blocked,738,18.785694444444445
5,S006_blocked_s,blocked,739,18.785694444444445
5,S006_blocked_s,blocked,740,18.89736111111111
5,S006_blocked_s,blocked,741,18.89736111111111
5,S006_blocked_s,blocked,742,18.89736111111111
5,S006_blocked_s,blocked,743,18.89736111111111
5,S006_blocked_s,blocked,744,18.89736111111111
5,S006_blocked_s,blocked,745,18.994027777777774
5,S006_blocked_s,blocked,746,18.994027777777774
5,S006_blocked_s,blocked,747,18.994027777777774
5,S006_blocked_s,blocked,748,18.994027777777774
5,S006_blocked_s,blocked,749,18.994027777777774
5,S006_blocked_s,blocked,750,19.080694444444454
5,S006_blocked_s,blocked,751,19.080694444444454
5,S006_blocked_s,blocked,752,19.080694444444454
5,S006_blocked_s,blocked,753,19.080694444444454
5,S006_blocked_s,blocked,754,19.080694444444454
5,S006_blocked_s,blocked,755,19.17236111111111
5,S006_blocked_s,blocked,756,19.17236111111111
5,S006_blocked_s,blocked,757,19.17236111111111
5,S006_blocked_s,blocked,758,19.17236111111111
5,S006_blocked_s,blocked,759,19.17236111111111
5,S006_blocked_s,blocked,760,19.27569444444444
5,S006_blocked_s,blocked,761,19.27569444444444
5,S006_blocked_s,blocked,762,19.27569444444444
5,S006_blocked_s,blocked,763,19.27569444444444
5,S006_blocked_s,blocked,764,19.27569444444444
5,S006_blocked_s,blocked,765,19.365694444444443
5,S006_blocked_s,blocked,766,19.365694444444443
5,S006_blocked_s,blocked,767,19.365694444444443
5,S006_blocked_s,blocked,768,19.365694444444443
5,S006_blocked_s,blocked,769,19.365694444444443
5,S006_blocked_s,blocked,770,19.43402777777778
5,S006_blocked_s,blocked,771,19.43402777777778
5,S006_blocked_s,blocked,772,19.43402777777778
5,S006_blocked_s,blocked,773,19.43402777777778
5,S006_blocked_s,blocked,774,19.43402777777778
5,S006_blocked_s,blocked,775,19.517361111111114
5,S006_blocked_s,blocked,776,19.517361111111114
5,S006_blocked_s,blocked,777,19.517361111111114
5,S006_blocked_s,blocked,778,19.517361111111114
5,S006_blocked_s,blocked,779,19.517361111111114
5,S006_blocked_s,blocked,780,19.62069444444444
5,S006_blocked_s,blocked,781,19.62069444444444
5,S006_blocked_s,blocked,782,19.62069444444444
5,S006_blocked_s,blocked,783,19.62069444444444
5,S006_blocked_s,blocked,784,19.62069444444444
5,S006_blocked_s,blocked,785,19.699027777777772
5,S006_blocked_s,blocked,786,19.699027777777772
5,S006_blocked_s,blocked,787,19.699027777777772
5,S006_blocked_s,blocked,788,19.699027777777772
5,S006_blocked_s,blocked,789,19.699027777777772
5,S006_blocked_s,blocked,790,19.80569444444445
5,S006_blocked_s,blocked,791,19.80569444444445
5,S006_blocked_s,blocked,792,19.80569444444445
5,S006_blocked_s,blocked,793,19.80569444444445
5,S006_blocked_s,blocked,794,19.80569444444445
5,S006_blocked_s,blocked,795,19.885694444444447
5,S006_blocked_s,blocked,796,19.885694444444447
5,S006_blocked_s,blocked,797,19.885694444444447
5,S006_blocked_s,blocked,798,19.885694444444447
5,S006_blocked_s,blocked,799,19.885694444444447
5,S006_blocked_s,blocked,800,19.96069444444445
5,S006_blocked_s,blocked,801,19.96069444444445
5,S006_blocked_s,blocked,802,19.96069444444445
5,S006_blocked_s,blocked,803,19.96069444444445
5,S006_blocked_s,blocked,804,19.96069444444445
5,S006_blocked_s,blocked,805,20.019027777777765
5,S006_blocked_s,blocked,806,20.019027777777765
5,S006_blocked_s,blocked,807,20.019027777777765
5,S006_blocked_s,blocked,808,20.019027777777765
5,S006_blocked_s,blocked,809,20.019027777777765
5,S006_blocked_s,blocked,810,20.112361111111106
5,S006_blocked_s,blocked,811,20.112361111111106
5,S006_blocked_s,blocked,812,20.112361111111106
5,S006_blocked_s,blocked,813,20.112361111111106
5,S006_blocked_s,blocked,814,20.112361111111106
5,S006_blocked_s,blocked,815,20.19069444444444
5,S006_blocked_s,blocked,816,20.19069444444444
5,S006_blocked_s,blocked,817,20.19069444444444
5,S006_blocked_s,blocked,818,20.19069444444444
5,S006_blocked_s,blocked,819,20.19069444444444
5,S006_blocked_s,blocked,820,20.26402777777777
5,S006_blocked_s,blocked,821,20.26402777777777
5,S006_blocked_s,blocked,822,20.26402777777777
5,S006_blocked_s,blocked,823,20.26402777777777
5,S006_blocked_s,blocked,824,20.26402777777777
5,S006_blocked_s,blocked,825,20.349027777777778
5,S006_blocked_s,blocked,826,20.349027777777778
5,S006_blocked_s,blocked,827,20.349027777777778
5,S006_blocked_s,blocked,828,20.349027777777778
5,S006_blocked_s,blocked,829,20.349027777777778
5,S006_blocked_s,blocked,830,20.44402777777777
5,S006_blocked_s,blocked,831,20.44402777777777
5,S006_blocked_s,blocked,832,20.44402777777777
5,S006_blocked_s,blocked,833,20.44402777777777
5,S006_blocked_s,blocked,834,20.44402777777777
5,S006_blocked_s,blocked,835,20.502361111111114
5,S006_blocked_s,blocked,836,20.502361111111114
5,S006_blocked_s,blocked,837,20.502361111111114
5,S006_blocked_s,blocked,838,20.502361111111114
5,S006_blocked_s,blocked,839,20.502361111111114
5,S006_blocked_s,blocked,840,20.56236111111111
5,S006_blocked_s,blocked,841,20.56236111111111
5,S006_blocked_s,blocked,842,20.56236111111111
5,S006_blocked_s,blocked,843,20.56236111111111
5,S006_blocked_s,blocked,844,20.56236111111111
5,S006_blocked_s,blocked,845,20.63902777777777
5,S006_blocked_s,blocked,846,20.63902777777777
5,S006_blocked_s,blocked,847,20.63902777777777
5,S006_blocked_s,blocked,848,20.63902777777777
5,S006_blocked_s,blocked,849,20.63902777777777
5,S006_blocked_s,blocked,850,20.71236111111112
5,S006_blocked_s,blocked,851,20.71236111111112
5,S006_blocked_s,blocked,852,20.71236111111112
5,S006_blocked_s,blocked,853,20.71236111111112
5,S006_blocked_s,blocked,854,20.71236111111112
5,S006_blocked_s,blocked,855,20.78402777777778
5,S006_blocked_s,blocked,856,20.78402777777778
5,S006_blocked_s,blocked,857,20.78402777777778
5,S006_blocked_s,blocked,858,20.78402777777778
5,S006_blocked_s,blocked,859,20.78402777777778
5,S006_blocked_s,blocked,860,20.869027777777774
5,S006_blocked_s,blocked,861,20.869027777777774
5,S006_blocked_s,blocked,862,20.869027777777774
5,S006_blocked_s,blocked,863,20.869027777777774
5,S006_blocked_s,blocked,864,20.869027777777774
5,S006_blocked_s,blocked,865,20.962361111111115
5,S006_blocked_s,blocked,866,20.962361111111115
5,S006_blocked_s,blocked,867,20.962361111111115
5,S006_blocked_s,blocked,868,20.962361111111115
5,S006_blocked_s,blocked,869,20.962361111111115
5,S006_blocked_s,blocked,870,21.015694444444442
5,S006_blocked_s,blocked,871,21.015694444444442
5,S006_blocked_s,blocked,872,21.015694444444442
5,S006_blocked_s,blocked,873,21.015694444444442
5,S006_blocked_s,blocked,874,21.015694444444442
5,S006_blocked_s,blocked,875,21.084027777777777
5,S006_blocked_s,blocked,876,21.084027777777777
5,S006_blocked_s,blocked,877,21.084027777777777
5,S006_blocked_s,blocked,878,21.084027777777777
5,S006_blocked_s,blocked,879,21.084027777777777
5,S006_blocked_s,blocked,880,21.137361111111105
5,S006_blocked_s,blocked,881,21.137361111111105
5,S006_blocked_s,blocked,882,21.137361111111105
5,S006_blocked_s,blocked,883,21.137361111111105
5,S006_blocked_s,blocked,884,21.137361111111105
5,S006_blocked_s,blocked,885,21.19236111111111
5,S006_blocked_s,blocked,886,21.19236111111111
5,S006_blocked_s,blocked,887,21.19236111111111
5,S006_blocked_s,blocked,888,21.19236111111111
5,S006_blocked_s,blocked,889,21.19236111111111
5,S006_blocked_s,blocked,890,21.25069444444444
5,S006_blocked_s,blocked,891,21.25069444444444
5,S006_blocked_s,blocked,892,21.25069444444444
5,S006_blocked_s,blocked,893,21.25069444444444
5,S006_blocked_s,blocked,894,21.25069444444444
5,S006_blocked_s,blocked,895,21.329027777777775
5,S006_blocked_s,blocked,896,21.329027777777775
5,S006_blocked_s,blocked,897,21.329027777777775
5,S006_blocked_s,blocked,898,21.329027777777775
5,S006_blocked_s,blocked,899,21.329027777777775
5,S006_blocked_s,blocked,900,21.387361111111105
5,S006_blocked_s,blocked,901,21.387361111111105
5,S006_blocked_s,blocked,902,21.387361111111105
5,S006_blocked_s,blocked,903,21.387361111111105
5,S006_blocked_s,blocked,904,21.387361111111105
5,S006_blocked_s,blocked,905,21.459027777777777
5,S006_blocked_s,blocked,906,21.459027777777777
5,S006_blocked_s,blocked,907,21.459027777777777
5,S006_blocked_s,blocked,908,21.459027777777777
5,S006_blocked_s,blocked,909,21.459027777777777
5,S006_blocked_s,blocked,910,21.510694444444447
5,S006_blocked_s,blocked,911,21.510694444444447
5,S006_blocked_s,blocked,912,21.510694444444447
5,S006_blocked_s,blocked,913,21.510694444444447
5,S006_blocked_s,blocked,914,21.510694444444447
5,S006_blocked_s,blocked,915,21.55736111111112
5,S006_blocked_s,blocked,916,21.55736111111112
5,S006_blocked_s,blocked,917,21.55736111111112
5,S006_blocked_s,blocked,918,21.55736111111112
5,S006_blocked_s,blocked,919,21.55736111111112
5,S006_blocked_s,blocked,920,21.602361111111108
5,S006_blocked_s,blocked,921,21.602361111111108
5,S006_blocked_s,blocked,922,21.602361111111108
5,S006_blocked_s,blocked,923,21.602361111111108
5,S006_blocked_s,blocked,924,21.602361111111108
5,S006_blocked_s,blocked,925,21.64569444444445
5,S006_blocked_s,blocked,926,21.64569444444445
5,S006_blocked_s,blocked,927,21.64569444444445
5,S006_blocked_s,blocked,928,21.64569444444445
5,S006_blocked_s,blocked,929,21.64569444444445
5,S006_blocked_s,blocked,930,21.694027777777777
5,S006_blocked_s,blocked,931,21.694027777777777
5,S006_blocked_s,blocked,932,21.694027777777777
5,S006_blocked_s,blocked,933,21.694027777777777
5,S006_blocked_s,blocked,934,21.694027777777777
5,S006_blocked_s,blocked,935,21.75402777777777
5,S006_blocked_s,blocked,936,21.75402777777777
5,S006_blocked_s,blocked,937,21.75402777777777
5,S006_blocked_s,blocked,938,21.75402777777777
5,S006_blocked_s,blocked,939,21.75402777777777
5,S006_blocked_s,blocked,940,21.81736111111112
5,S006_blocked_s,blocked,941,21.81736111111112
5,S006_blocked_s,blocked,942,21.81736111111112
5,S006_blocked_s,blocked,943,21.81736111111112
5,S006_blocked_s,blocked,944,21.81736111111112
5,S006_blocked_s,blocked,945,21.869027777777774
5,S006_blocked_s,blocked,946,21.869027777777774
5,S006_blocked_s,blocked,947,21.869027777777774
5,S006_blocked_s,blocked,948,21.869027777777774
5,S006_blocked_s,blocked,949,21.869027777777774
5,S006_blocked_s,blocked,950,21.905694444444435
5,S006_blocked_s,blocked,951,21.905694444444435
5,S006_blocked_s,blocked,952,21.905694444444435
5,S006_blocked_s,blocked,953,21.905694444444435
5,S006_blocked_s,blocked,954,21.905694444444435
5,S006_blocked_s,blocked,955,21.950694444444437
5,S006_blocked_s,blocked,956,21.950694444444437
5,S006_blocked_s,blocked,957,21.950694444444437
5,S006_blocked_s,blocked,958,21.950694444444437
5,S006_blocked_s,blocked,959,21.950694444444437
5,S006_blocked_s,blocked,960,21.99402777777778
5,S006_blocked_s,blocked,961,21.99402777777778
5,S006_blocked_s,blocked,962,21.99402777777778
5,S006_blocked_s,blocked,963,21.99402777777778
5,S006_blocked_s,blocked,964,21.99402777777778
5,S006_blocked_s,blocked,965,22.04069444444444
5,S006_blocked_s,blocked,966,22.04069444444444
5,S006_blocked_s,blocked,967,22.04069444444444
5,S006_blocked_s,blocked,968,22.04069444444444
5,S006_blocked_s,blocked,969,22.04069444444444
5,S006_blocked_s,blocked,970,22.082361111111112
5,S006_blocked_s,blocked,971,22.082361111111112
5,S006_blocked_s,blocked,972,22.082361111111112
5,S006_blocked_s,blocked,973,22.082361111111112
5,S006_blocked_s,blocked,974,22.082361111111112
5,S006_blocked_s,blocked,975,22.155694444444435
5,S006_blocked_s,blocked,976,22.155694444444435
5,S006_blocked_s,blocked,977,22.155694444444435
5,S006_blocked_s,blocked,978,22.155694444444435
5,S006_blocked_s,blocked,979,22.155694444444435
5,S006_blocked_s,blocked,980,22.21402777777778
5,S006_blocked_s,blocked,981,22.21402777777778
5,S006_blocked_s,blocked,982,22.21402777777778
5,S006_blocked_s,blocked,983,22.21402777777778
5,S006_blocked_s,blocked,984,22.21402777777778
5,S006_blocked_s,blocked,985,22.270694444444437
5,S006_blocked_s,blocked,986,22.270694444444437
5,S006_blocked_s,blocked,987,22.270694444444437
5,S006_blocked_s,blocked,988,22.270694444444437
5,S006_blocked_s,blocked,989,22.270694444444437
5,S006_blocked_s,blocked,990,22.32069444444445
5,S006_blocked_s,blocked,991,22.32069444444445
5,S006_blocked_s,blocked,992,22.32069444444445
5,S006_blocked_s,blocked,993,22.32069444444445
5,S006_blocked_s,blocked,994,22.32069444444445
5,S006_blocked_s,blocked,995,22.36402777777777
5,S006_blocked_s,blocked,996,22.36402777777777
5,S006_blocked_s,blocked,997,22.36402777777777
5,S006_blocked_s,blocked,998,22.36402777777777
5,S006_blocked_s,blocked,999,22.36402777777777
5,S006_blocked_s,blocked,1000,22.40069444444444
5,S006_blocked_s,blocked,1001,22.40069444444444
5,S006_blocked_s,blocked,1002,22.40069444444444
5,S006_blocked_s,blocked,1003,22.40069444444444
5,S006_blocked_s,blocked,1004,22.40069444444444
5,S006_blocked_s,blocked,1005,22.462361111111107
5,S006_blocked_s,blocked,1006,22.462361111111107
5,S006_blocked_s,blocked,1007,22.462361111111107
5,S006_blocked_s,blocked,1008,22.462361111111107
5,S006_blocked_s,blocked,1009,22.462361111111107
5,S006_blocked_s,blocked,1010,22.510694444444447
5,S006_blocked_s,blocked,1011,22.510694444444447
5,S006_blocked_s,blocked,1012,22.510694444444447
5,S006_blocked_s,blocked,1013,22.510694444444447
5,S006_blocked_s,blocked,1014,22.510694444444447
5,S006_blocked_s,blocked,1015,22.534027777777766
5,S006_blocked_s,blocked,1016,22.534027777777766
5,S006_blocked_s,blocked,1017,22.534027777777766
5,S006_blocked_s,blocked,1018,22.534027777777766
5,S006_blocked_s,blocked,1019,22.534027777777766
5,S006_blocked_s,blocked,1020,22.57736111111111
5,S006_blocked_s,blocked,1021,22.57736111111111
5,S006_blocked_s,blocked,1022,22.57736111111111
5,S006_blocked_s,blocked,1023,22.57736111111111
5,S006_blocked_s,blocked,1024,22.57736111111111
5,S006_blocked_s,blocked,1025,22.61402777777778
5,S006_blocked_s,blocked,1026,22.61402777777778
5,S006_blocked_s,blocked,1027,22.61402777777778
5,S006_blocked_s,blocked,1028,22.61402777777778
5,S006_blocked_s,blocked,1029,22.61402777777778
5,S006_blocked_s,blocked,1030,22.65902777777778
5,S006_blocked_s,blocked,1031,22.65902777777778
5,S006_blocked_s,blocked,1032,22.65902777777778
5,S006_blocked_s,blocked,1033,22.65902777777778
5,S006_blocked_s,blocked,1034,22.65902777777778
5,S006_blocked_s,blocked,1035,22.69569444444444
5,S006_blocked_s,blocked,1036,22.69569444444444
5,S006_blocked_s,blocked,1037,22.69569444444444
5,S006_blocked_s,blocked,1038,22.69569444444444
5,S006_blocked_s,blocked,1039,22.69569444444444
5,S006_blocked_s,blocked,1040,22.722361111111113
5,S006_blocked_s,blocked,1041,22.722361111111113
5,S006_blocked_s,blocked,1042,22.722361111111113
5,S006_blocked_s,blocked,1043,22.722361111111113
5,S006_blocked_s,blocked,1044,22.722361111111113
5,S006_blocked_s,blocked,1045,22.755694444444444
5,S006_blocked_s,blocked,1046,22.755694444444444
5,S006_blocked_s,blocked,1047,22.755694444444444
5,S006_blocked_s,blocked,1048,22.755694444444444
5,S006_blocked_s,blocked,1049,22.755694444444444
5,S006_blocked_s,blocked,1050,22.79069444444444
5,S006_blocked_s,blocked,1051,22.79069444444444
5,S006_blocked_s,blocked,1052,22.79069444444444
5,S006_blocked_s,blocked,1053,22.79069444444444
5,S006_blocked_s,blocked,1054,22.79069444444444
5,S006_blocked_s,blocked,1055,22.847361111111113
5,S006_blocked_s,blocked,1056,22.847361111111113
5,S006_blocked_s,blocked,1057,22.847361111111113
5,S006_blocked_s,blocked,1058,22.847361111111113
5,S006_blocked_s,blocked,1059,22.847361111111113
5,S006_blocked_s,blocked,1060,22.895694444444437
5,S006_blocked_s,blocked,1061,22.895694444444437
5,S006_blocked_s,blocked,1062,22.895694444444437
5,S006_blocked_s,blocked,1063,22.895694444444437
5,S006_blocked_s,blocked,1064,22.895694444444437
5,S006_blocked_s,blocked,1065,22.93402777777778
5,S006_blocked_s,blocked,1066,22.93402777777778
5,S006_blocked_s,blocked,1067,22.93402777777778
5,S006_blocked_s,blocked,1068,22.93402777777778
5,S006_blocked_s,blocked,1069,22.93402777777778
5,S006_blocked_s,blocked,1070,22.969027777777768
5,S006_blocked_s,blocked,1071,22.969027777777768
5,S006_blocked_s,blocked,1072,22.969027777777768
5,S006_blocked_s,blocked,1073,22.969027777777768
5,S006_blocked_s,blocked,1074,22.969027777777768
5,S006_blocked_s,blocked,1075,23.012361111111105
5,S006_blocked_s,blocked,1076,23.012361111111105
5,S006_blocked_s,blocked,1077,23.012361111111105
5,S006_blocked_s,blocked,1078,23.012361111111105
5,S006_blocked_s,blocked,1079,23.012361111111105
5,S006_blocked_s,blocked,1080,23.040694444444433
5,S006_blocked_s,blocked,1081,23.040694444444433
5,S006_blocked_s,blocked,1082,23.040694444444433
5,S006_blocked_s,blocked,1083,23.040694444444433
5,S006_blocked_s,blocked,1084,23.040694444444433
5,S006_blocked_s,blocked,1085,23.094027777777768
5,S006_blocked_s,blocked,1086,23.094027777777768
5,S006_blocked_s,blocked,1087,23.094027777777768
5,S006_blocked_s,blocked,1088,23.094027777777768
5,S006_blocked_s,blocked,1089,23.094027777777768
5,S006_blocked_s,blocked,1090,23.115694444444436
5,S006_blocked_s,blocked,1091,23.115694444444436
5,S006_blocked_s,blocked,1092,23.115694444444436
5,S006_blocked_s,blocked,1093,23.115694444444436
5,S006_blocked_s,blocked,1094,23.115694444444436
5,S006_blocked_s,blocked,1095,23.137361111111105
5,S006_blocked_s,blocked,1096,23.137361111111105
5,S006_blocked_s,blocked,1097,23.137361111111105
5,S006_blocked_s,blocked,1098,23.137361111111105
5,S006_blocked_s,blocked,1099,23.137361111111105
5,S006_blocked_s,blocked,1100,23.16402777777777
5,S006_blocked_s,blocked,1101,23.16402777777777
5,S006_blocked_s,blocked,1102,23.16402777777777
5,S006_blocked_s,blocked,1103,23.16402777777777
5,S006_blocked_s,blocked,1104,23.16402777777777
5,S006_blocked_s,blocked,1105,23.19402777777777
5,S006_blocked_s,blocked,1106,23.19402777777777
5,S006_blocked_s,blocked,1107,23.19402777777777
5,S006_blocked_s,blocked,1108,23.19402777777777
5,S006_blocked_s,blocked,1109,23.19402777777777
5,S006_blocked_s,blocked,1110,23.24402777777778
5,S006_blocked_s,blocked,1111,23.24402777777778
5,S006_blocked_s,blocked,1112,23.24402777777778
5,S006_blocked_s,blocked,1113,23.24402777777778
5,S006_blocked_s,blocked,1114,23.24402777777778
5,S006_blocked_s,blocked,1115,23.255694444444444
5,S006_blocked_s,blocked,1116,23.255694444444444
5,S006_blocked_s,blocked,1117,23.255694444444444
5,S006_blocked_s,blocked,1118,23.255694444444444
5,S006_blocked_s,blocked,1119,23.255694444444444
5,S006_blocked_s,blocked,1120,23.284027777777766
5,S006_blocked_s,blocked,1121,23.284027777777766
5,S006_blocked_s,blocked,1122,23.284027777777766
5,S006_blocked_s,blocked,1123,23.284027777777766
5,S006_blocked_s,blocked,1124,23.284027777777766
5,S006_blocked_s,blocked,1125,23.31402777777776
5,S006_blocked_s,blocked,1126,23.31402777777776
5,S006_blocked_s,blocked,1127,23.31402777777776
5,S006_blocked_s,blocked,1128,23.31402777777776
5,S006_blocked_s,blocked,1129,23.31402777777776
5,S006_blocked_s,blocked,1130,23.35069444444445
5,S006_blocked_s,blocked,1131,23.35069444444445
5,S006_blocked_s,blocked,1132,23.35069444444445
5,S006_blocked_s,blocked,1133,23.35069444444445
5,S006_blocked_s,blocked,1134,23.35069444444445
5,S006_blocked_s,blocked,1135,23.38402777777778
5,S006_blocked_s,blocked,1136,23.38402777777778
5,S006_blocked_s,blocked,1137,23.38402777777778
5,S006_blocked_s,blocked,1138,23.38402777777778
5,S006_blocked_s,blocked,1139,23.38402777777778
5,S006_blocked_s,blocked,1140,23.409027777777773
5,S006_blocked_s,blocked,1141,23.409027777777773
5,S006_blocked_s,blocked,1142,23.409027777777773
5,S006_blocked_s,blocked,1143,23.409027777777773
5,S006_blocked_s,blocked,1144,23.409027777777773
5,S006_blocked_s,blocked,1145,23.407361111111108
5,S006_blocked_s,blocked,1146,23.407361111111108
5,S006_blocked_s,blocked,1147,23.407361111111108
5,S006_blocked_s,blocked,1148,23.407361111111108
5,S006_blocked_s,blocked,1149,23.407361111111108
5,S006_blocked_s,blocked,1150,23.45402777777778
5,S006_blocked_s,blocked,1151,23.45402777777778
5,S006_blocked_s,blocked,1152,23.45402777777778
5,S006_blocked_s,blocked,1153,23.45402777777778
5,S006_blocked_s,blocked,1154,23.45402777777778
5,S006_blocked_s,blocked,1155,23.4873611111111
5,S006_blocked_s,blocked,1156,23.4873611111111
5,S006_blocked_s,blocked,1157,23.4873611111111
5,S006_blocked_s,blocked,1158,23.4873611111111
5,S006_blocked_s,blocked,1159,23.4873611111111
5,S006_blocked_s,blocked,1160,23.524027777777775
5,S006_blocked_s,blocked,1161,23.524027777777775
5,S006_blocked_s,blocked,1162,23.524027777777775
5,S006_blocked_s,blocked,1163,23.524027777777775
5,S006_blocked_s,blocked,1164,23.524027777777775
5,S006_blocked_s,blocked,1165,23.542361111111113
5,S006_blocked_s,blocked,1166,23.542361111111113
5,S006_blocked_s,blocked,1167,23.542361111111113
5,S006_blocked_s,blocked,1168,23.542361111111113
5,S006_blocked_s,blocked,1169,23.542361111111113
5,S006_blocked_s,blocked,1170,23.56736111111111
5,S006_blocked_s,blocked,1171,23.56736111111111
5,S006_blocked_s,blocked,1172,23.56736111111111
5,S006_blocked_s,blocked,1173,23.56736111111111
5,S006_blocked_s,blocked,1174,23.56736111111111
5,S006_blocked_s,blocked,1175,23.590694444444438
5,S006_blocked_s,blocked,1176,23.590694444444438
5,S006_blocked_s,blocked,1177,23.590694444444438
5,S006_blocked_s,blocked,1178,23.590694444444438
5,S006_blocked_s,blocked,1179,23.590694444444438
5,S006_blocked_s,blocked,1180,23.610694444444448
5,S006_blocked_s,blocked,1181,23.610694444444448
5,S006_blocked_s,blocked,1182,23.610694444444448
5,S006_blocked_s,blocked,1183,23.610694444444448
5,S006_blocked_s,blocked,1184,23.610694444444448
5,S006_blocked_s,blocked,1185,23.567361111111104
5,S006_blocked_s,blocked,1186,23.567361111111104
5,S006_blocked_s,blocked,1187,23.567361111111104
5,S006_blocked_s,blocked,1188,23.567361111111104
5,S006_blocked_s,blocked,1189,23.567361111111104
5,S006_blocked_s,blocked,1190,23.515694444444442
5,S006_blocked_s,blocked,1191,23.515694444444442
5,S006_blocked_s,blocked,1192,23.515694444444442
5,S006_blocked_s,blocked,1193,23.515694444444442
5,S006_blocked_s,blocked,1194,23.515694444444442
5,S006_blocked_s,blocked,1195,23.457361111111112
5,S006_blocked_s,blocked,1196,23.457361111111112
5,S006_blocked_s,blocked,1197,23.457361111111112
5,S006_blocked_s,blocked,1198,23.457361111111112
5,S006_blocked_s,blocked,1199,23.457361111111112
5,S006_blocked_s,blocked,1200,23.41402777777777
5,S006_blocked_s,blocked,1201,23.41402777777777
5,S006_blocked_s,blocked,1202,23.41402777777777
5,S006_blocked_s,blocked,1203,23.41402777777777
5,S006_blocked_s,blocked,1204,23.41402777777777
5,S006_blocked_s,blocked,1205,23.32069444444444
5,S006_blocked_s,blocked,1206,23.32069444444444
5,S006_blocked_s,blocked,1207,23.32069444444444
5,S006_blocked_s,blocked,1208,23.32069444444444
5,S006_blocked_s,blocked,1209,23.32069444444444
5,S006_blocked_s,blocked,1210,23.197361111111107
5,S006_blocked_s,blocked,1211,23.197361111111107
5,S006_blocked_s,blocked,1212,23.197361111111107
5,S006_blocked_s,blocked,1213,23.197361111111107
5,S006_blocked_s,blocked,1214,23.197361111111107
5,S006_blocked_s,blocked,1215,23.045694444444443
5,S006_blocked_s,blocked,1216,23.045694444444443
5,S006_blocked_s,blocked,1217,23.045694444444443
5,S006_blocked_s,blocked,1218,23.045694444444443
5,S006_blocked_s,blocked,1219,23.045694444444443
5,S006_blocked_s,blocked,1220,22.892361111111107
5,S006_blocked_s,blocked,1221,22.892361111111107
5,S006_blocked_s,blocked,1222,22.892361111111107
5,S006_blocked_s,blocked,1223,22.892361111111107
5,S006_blocked_s,blocked,1224,22.892361111111107
5,S006_blocked_s,blocked,1225,22.727361111111115
5,S006_blocked_s,blocked,1226,22.727361111111115
5,S006_blocked_s,blocked,1227,22.727361111111115
5,S006_blocked_s,blocked,1228,22.727361111111115
5,S006_blocked_s,blocked,1229,22.727361111111115
5,S006_blocked_s,blocked,1230,22.51902777777778
5,S006_blocked_s,blocked,1231,22.51902777777778
5,S006_blocked_s,blocked,1232,22.51902777777778
5,S006_blocked_s,blocked,1233,22.51902777777778
5,S006_blocked_s,blocked,1234,22.51902777777778
5,S006_blocked_s,blocked,1235,22.299027777777773
5,S006_blocked_s,blocked,1236,22.299027777777773
5,S006_blocked_s,blocked,1237,22.299027777777773
5,S006_blocked_s,blocked,1238,22.299027777777773
5,S006_blocked_s,blocked,1239,22.299027777777773
5,S006_blocked_s,blocked,1240,22.07902777777778
5,S006_blocked_s,blocked,1241,22.07902777777778
5,S006_blocked_s,blocked,1242,22.07902777777778
5,S006_blocked_s,blocked,1243,22.07902777777778
5,S006_blocked_s,blocked,1244,22.07902777777778
5,S006_blocked_s,blocked,1245,21.88236111111111
5,S006_blocked_s,blocked,1246,21.88236111111111
5,S006_blocked_s,blocked,1247,21.88236111111111
5,S006_blocked_s,blocked,1248,21.88236111111111
5,S006_blocked_s,blocked,1249,21.88236111111111
5,S006_blocked_s,blocked,1250,21.690694444444446
5,S006_blocked_s,blocked,1251,21.690694444444446
5,S006_blocked_s,blocked,1252,21.690694444444446
5,S006_blocked_s,blocked,1253,21.690694444444446
5,S006_blocked_s,blocked,1254,21.690694444444446
5,S006_blocked_s,blocked,1255,21.494027777777767
5,S006_blocked_s,blocked,1256,21.494027777777767
5,S006_blocked_s,blocked,1257,21.494027777777767
5,S006_blocked_s,blocked,1258,21.494027777777767
5,S006_blocked_s,blocked,1259,21.494027777777767
5,S006_blocked_s,blocked,1260,21.282361111111108
5,S006_blocked_s,blocked,1261,21.282361111111108
5,S006_blocked_s,blocked,1262,21.282361111111108
5,S006_blocked_s,blocked,1263,21.282361111111108
5,S006_blocked_s,blocked,1264,21.282361111111108
5,S006_blocked_s,blocked,1265,21.104027777777773
5,S006_blocked_s,blocked,1266,21.104027777777773
5,S006_blocked_s,blocked,1267,21.104027777777773
5,S006_blocked_s,blocked,1268,21.104027777777773
5,S006_blocked_s,blocked,1269,21.104027777777773
5,S006_blocked_s,blocked,1270,20.9173611111111
5,S006_blocked_s,blocked,1271,20.9173611111111
5,S006_blocked_s,blocked,1272,20.9173611111111
5,S006_blocked_s,blocked,1273,20.9173611111111
5,S006_blocked_s,blocked,1274,20.9173611111111
5,S006_blocked_s,blocked,1275,20.732361111111103
5,S006_blocked_s,blocked,1276,20.732361111111103
5,S006_blocked_s,blocked,1277,20.732361111111103
5,S006_blocked_s,blocked,1278,20.732361111111103
5,S006_blocked_s,blocked,1279,20.732361111111103
5,S006_blocked_s,blocked,1280,20.545694444444457
5,S006_blocked_s,blocked,1281,20.545694444444457
5,S006_blocked_s,blocked,1282,20.545694444444457
5,S006_blocked_s,blocked,1283,20.545694444444457
5,S006_blocked_s,blocked,1284,20.545694444444457
5,S006_blocked_s,blocked,1285,20.362361111111106
5,S006_blocked_s,blocked,1286,20.362361111111106
5,S006_blocked_s,blocked,1287,20.362361111111106
5,S006_blocked_s,blocked,1288,20.362361111111106
5,S006_blocked_s,blocked,1289,20.362361111111106
5,S006_blocked_s,blocked,1290,20.19569444444444
5,S006_blocked_s,blocked,1291,20.19569444444444
5,S006_blocked_s,blocked,1292,20.19569444444444
5,S006_blocked_s,blocked,1293,20.19569444444444
5,S006_blocked_s,blocked,1294,20.19569444444444
5,S006_blocked_s,blocked,1295,20.037361111111103
5,S006_blocked_s,blocked,1296,20.037361111111103
5,S006_blocked_s,blocked,1297,20.037361111111103
5,S006_blocked_s,blocked,1298,20.037361111111103
5,S006_blocked_s,blocked,1299,20.037361111111103
5,S006_blocked_s,blocked,1300,19.85736111111111
5,S006_blocked_s,blocked,1301,19.85736111111111
5,S006_blocked_s,blocked,1302,19.85736111111111
5,S006_blocked_s,blocked,1303,19.85736111111111
5,S006_blocked_s,blocked,1304,19.85736111111111
5,S006_blocked_s,blocked,1305,19.68902777777778
5,S006_blocked_s,blocked,1306,19.68902777777778
5,S006_blocked_s,blocked,1307,19.68902777777778
5,S006_blocked_s,blocked,1308,19.68902777777778
5,S006_blocked_s,blocked,1309,19.68902777777778
5,S006_blocked_s,blocked,1310,19.517361111111107
5,S006_blocked_s,blocked,1311,19.517361111111107
5,S006_blocked_s,blocked,1312,19.517361111111107
5,S006_blocked_s,blocked,1313,19.517361111111107
5,S006_blocked_s,blocked,1314,19.517361111111107
5,S006_blocked_s,blocked,1315,19.36402777777778
5,S006_blocked_s,blocked,1316,19.36402777777778
5,S006_blocked_s,blocked,1317,19.36402777777778
5,S006_blocked_s,blocked,1318,19.36402777777778
5,S006_blocked_s,blocked,1319,19.36402777777778
5,S006_blocked_s,blocked,1320,19.19902777777778
5,S006_blocked_s,blocked,1321,19.19902777777778
5,S006_blocked_s,blocked,1322,19.19902777777778
5,S006_blocked_s,blocked,1323,19.19902777777778
5,S006_blocked_s,blocked,1324,19.19902777777778
5,S006_blocked_s,blocked,1325,19.025694444444447
5,S006_blocked_s,blocked,1326,19.025694444444447
5,S006_blocked_s,blocked,1327,19.025694444444447
5,S006_blocked_s,blocked,1328,19.025694444444447
5,S006_blocked_s,blocked,1329,19.025694444444447
5,S006_blocked_s,blocked,1330,18.874027777777776
5,S006_blocked_s,blocked,1331,18.874027777777776
5,S006_blocked_s,blocked,1332,18.874027777777776
5,S006_blocked_s,blocked,1333,18.874027777777776
5,S006_blocked_s,blocked,1334,18.874027777777776
5,S006_blocked_s,blocked,1335,18.69402777777779
5,S006_blocked_s,blocked,1336,18.69402777777779
5,S006_blocked_s,blocked,1337,18.69402777777779
5,S006_blocked_s,blocked,1338,18.69402777777779
5,S006_blocked_s,blocked,1339,18.69402777777779
5,S006_blocked_s,blocked,1340,18.54736111111113
5,S006_blocked_s,blocked,1341,18.54736111111113
5,S006_blocked_s,blocked,1342,18.54736111111113
5,S006_blocked_s,blocked,1343,18.54736111111113
5,S006_blocked_s,blocked,1344,18.54736111111113
5,S006_blocked_s,blocked,1345,18.382361111111116
5,S006_blocked_s,blocked,1346,18.382361111111116
5,S006_blocked_s,blocked,1347,18.382361111111116
5,S006_blocked_s,blocked,1348,18.382361111111116
5,S006_blocked_s,blocked,1349,18.382361111111116
5,S006_blocked_s,blocked,1350,18.2123611111111
5,S006_blocked_s,blocked,1351,18.2123611111111
5,S006_blocked_s,blocked,1352,18.2123611111111
5,S006_blocked_s,blocked,1353,18.2123611111111
5,S006_blocked_s,blocked,1354,18.2123611111111
5,S006_blocked_s,blocked,1355,18.0423611111111
5,S006_blocked_s,blocked,1356,18.0423611111111
5,S006_blocked_s,blocked,1357,18.0423611111111
5,S006_blocked_s,blocked,1358,18.0423611111111
5,S006_blocked_s,blocked,1359,18.0423611111111
5,S006_blocked_s,blocked,1360,17.884027777777767
5,S006_blocked_s,blocked,1361,17.884027777777767
5,S006_blocked_s,blocked,1362,17.884027777777767
5,S006_blocked_s,blocked,1363,17.884027777777767
5,S006_blocked_s,blocked,1364,17.884027777777767
5,S006_blocked_s,blocked,1365,17.715694444444438
5,S006_blocked_s,blocked,1366,17.715694444444438
5,S006_blocked_s,blocked,1367,17.715694444444438
5,S006_blocked_s,blocked,1368,17.715694444444438
5,S006_blocked_s,blocked,1369,17.715694444444438
5,S006_blocked_s,blocked,1370,17.537361111111103
5,S006_blocked_s,blocked,1371,17.537361111111103
5,S006_blocked_s,blocked,1372,17.537361111111103
5,S006_blocked_s,blocked,1373,17.537361111111103
5,S006_blocked_s,blocked,1374,17.537361111111103
5,S006_blocked_s,blocked,1375,17.35902777777779
5,S006_blocked_s,blocked,1376,17.35902777777779
5,S006_blocked_s,blocked,1377,17.35902777777779
5,S006_blocked_s,blocked,1378,17.35902777777779
5,S006_blocked_s,blocked,1379,17.35902777777779
5,S006_blocked_s,blocked,1380,17.20069444444445
5,S006_blocked_s,blocked,1381,17.20069444444445
5,S006_blocked_s,blocked,1382,17.20069444444445
5,S006_blocked_s,blocked,1383,17.20069444444445
5,S006_blocked_s,blocked,1384,17.20069444444445
5,S006_blocked_s,blocked,1385,17.07069444444444
5,S006_blocked_s,blocked,1386,17.07069444444444
5,S006_blocked_s,blocked,1387,17.07069444444444
5,S006_blocked_s,blocked,1388,17.07069444444444
5,S006_blocked_s,blocked,1389,17.07069444444444
5,S006_blocked_s,blocked,1390,16.895694444444445
5,S006_blocked_s,blocked,1391,16.895694444444445
5,S006_blocked_s,blocked,1392,16.895694444444445
5,S006_blocked_s,blocked,1393,16.895694444444445
5,S006_blocked_s,blocked,1394,16.895694444444445
5,S006_blocked_s,blocked,1395,16.770694444444445
5,S006_blocked_s,blocked,1396,16.770694444444445
5,S006_blocked_s,blocked,1397,16.770694444444445
5,S006_blocked_s,blocked,1398,16.770694444444445
5,S006_blocked_s,blocked,1399,16.770694444444445
5,S006_blocked_s,blocked,1400,16.589027777777773
5,S006_blocked_s,blocked,1401,16.589027777777773
5,S006_blocked_s,blocked,1402,16.589027777777773
5,S006_blocked_s,blocked,1403,16.589027777777773
5,S006_blocked_s,blocked,1404,16.589027777777773
5,S006_blocked_s,blocked,1405,16.435694444444444
5,S006_blocked_s,blocked,1406,16.435694444444444
5,S006_blocked_s,blocked,1407,16.435694444444444
5,S006_blocked_s,blocked,1408,16.435694444444444
5,S006_blocked_s,blocked,1409,16.435694444444444
5,S006_blocked_s,blocked,1410,16.285694444444438
5,S006_blocked_s,blocked,1411,16.285694444444438
5,S006_blocked_s,blocked,1412,16.285694444444438
5,S006_blocked_s,blocked,1413,16.285694444444438
5,S006_blocked_s,blocked,1414,16.285694444444438
5,S006_blocked_s,blocked,1415,16.13736111111112
5,S006_blocked_s,blocked,1416,16.13736111111112
5,S006_blocked_s,blocked,1417,16.13736111111112
5,S006_blocked_s,blocked,1418,16.13736111111112
5,S006_blocked_s,blocked,1419,16.13736111111112
5,S006_blocked_s,blocked,1420,16.019027777777772
5,S006_blocked_s,blocked,1421,16.019027777777772
5,S006_blocked_s,blocked,1422,16.019027777777772
5,S006_blocked_s,blocked,1423,16.019027777777772
5,S006_blocked_s,blocked,1424,16.019027777777772
5,S006_blocked_s,blocked,1425,15.887361111111112
5,S006_blocked_s,blocked,1426,15.887361111111112
5,S006_blocked_s,blocked,1427,15.887361111111112
5,S006_blocked_s,blocked,1428,15.887361111111112
5,S006_blocked_s,blocked,1429,15.887361111111112
5,S006_blocked_s,blocked,1430,15.79069444444444
5,S006_blocked_s,blocked,1431,15.79069444444444
5,S006_blocked_s,blocked,1432,15.79069444444444
5,S006_blocked_s,blocked,1433,15.79069444444444
5,S006_blocked_s,blocked,1434,15.79069444444444
5,S006_blocked_s,blocked,1435,15.659027777777773
5,S006_blocked_s,blocked,1436,15.659027777777773
5,S006_blocked_s,blocked,1437,15.659027777777773
5,S006_blocked_s,blocked,1438,15.659027777777773
5,S006_blocked_s,blocked,1439,15.659027777777773
5,S006_blocked_s,blocked,1440,15.497361111111097
5,S006_blocked_s,blocked,1441,15.497361111111097
5,S006_blocked_s,blocked,1442,15.497361111111097
5,S006_blocked_s,blocked,1443,15.497361111111097
5,S006_blocked_s,blocked,1444,15.497361111111097
5,S006_blocked_s,blocked,1445,15.344027777777782
5,S006_blocked_s,blocked,1446,15.344027777777782
5,S006_blocked_s,blocked,1447,15.344027777777782
5,S006_blocked_s,blocked,1448,15.344027777777782
5,S006_blocked_s,blocked,1449,15.344027777777782
5,S006_blocked_s,blocked,1450,15.207361111111119
5,S006_blocked_s,blocked,1451,15.207361111111119
5,S006_blocked_s,blocked,1452,15.207361111111119
5,S006_blocked_s,blocked,1453,15.207361111111119
5,S006_blocked_s,blocked,1454,15.207361111111119
5,S006_blocked_s,blocked,1455,15.062361111111109
5,S006_blocked_s,blocked,1456,15.062361111111109
5,S006_blocked_s,blocked,1457,15.062361111111109
5,S006_blocked_s,blocked,1458,15.062361111111109
5,S006_blocked_s,blocked,1459,15.062361111111109
5,S006_blocked_s,blocked,1460,14.94902777777778
5,S006_blocked_s,blocked,1461,14.94902777777778
5,S006_blocked_s,blocked,1462,14.94902777777778
5,S006_blocked_s,blocked,1463,14.94902777777778
5,S006_blocked_s,blocked,1464,14.94902777777778
5,S006_blocked_s,blocked,1465,14.829027777777775
5,S006_blocked_s,blocked,1466,14.829027777777775
5,S006_blocked_s,blocked,1467,14.829027777777775
5,S006_blocked_s,blocked,1468,14.829027777777775
5,S006_blocked_s,blocked,1469,14.829027777777775
5,S006_blocked_s,blocked,1470,14.829027777777775
5,S006_blocked_s,blocked,1471,14.829027777777775
5,S006_blocked_s,blocked,1472,14.829027777777775
5,S006_blocked_s,blocked,1473,14.829027777777775
5,S006_blocked_s,blocked,1474,14.829027777777775
5,S006_blocked_s,blocked,1475,14.829027777777775
5,S006_blocked_s,blocked,1476,14.829027777777775
5,S006_blocked_s,blocked,1477,14.829027777777775
5,S006_blocked_s,blocked,1478,14.829027777777775
5,S006_blocked_s,blocked,1479,14.829027777777775
5,S006_blocked_s,blocked,1480,14.829027777777775
5,S006_blocked_s,blocked,1481,14.829027777777775
5,S006_blocked_s,blocked,1482,14.829027777777775
5,S006_blocked_s,blocked,1483,14.829027777777775
5,S006_blocked_s,blocked,1484,14.829027777777775
5,S006_blocked_s,blocked,1485,14.829027777777775
5,S006_blocked_s,blocked,1486,14.829027777777775
5,S006_blocked_s,blocked,1487,14.829027777777775
5,S006_blocked_s,blocked,1488,14.829027777777775
5,S006_blocked_s,blocked,1489,14.829027777777775
5,S006_blocked_s,blocked,1490,14.829027777777775
5,S006_blocked_s,blocked,1491,14.829027777777775
5,S006_blocked_s,blocked,1492,14.829027777777775
5,S006_blocked_s,blocked,1493,14.829027777777775
5,S006_blocked_s,blocked,1494,14.829027777777775
5,S006_blocked_s,blocked,1495,14.829027777777775
5,S006_blocked_s,blocked,1496,14.829027777777775
5,S006_blocked_s,blocked,1497,14.829027777777775
5,S006_blocked_s,blocked,1498,14.829027777777775
5,S006_blocked_s,blocked,1499,14.829027777777775
6,S007_blocked_s,blocked,0,0.0
6,S007_blocked_s,blocked,1,0.0
6,S007_blocked_s,blocked,2,0.0
6,S007_blocked_s,blocked,3,0.0
6,S007_blocked_s,blocked,4,0.0
6,S007_blocked_s,blocked,5,0.0
6,S007_blocked_s,blocked,6,0.0
6,S007_blocked_s,blocked,7,0.0
6,S007_blocked_s,blocked,8,0.0
6,S007_blocked_s,blocked,9,0.0
6,S007_blocked_s,blocked,10,0.0
6,S007_blocked_s,blocked,11,0.0
6,S007_blocked_s,blocked,12,0.0
6,S007_blocked_s,blocked,13,0.0
6,S007_blocked_s,blocked,14,0.0
6,S007_blocked_s,blocked,15,0.0
6,S007_blocked_s,blocked,16,0.0
6,S007_blocked_s,blocked,17,0.0
6,S007_blocked_s,blocked,18,0.0
6,S007_blocked_s,blocked,19,0.0
6,S007_blocked_s,blocked,20,0.0
6,S007_blocked_s,blocked,21,0.0
6,S007_blocked_s,blocked,22,0.0
6,S007_blocked_s,blocked,23,0.0
6,S007_blocked_s,blocked,24,0.0
6,S007_blocked_s,blocked,25,0.0
6,S007_blocked_s,blocked,26,0.0
6,S007_blocked_s,blocked,27,0.0
6,S007_blocked_s,blocked,28,0.0
6,S007_blocked_s,blocked,29,0.0
6,S007_blocked_s,blocked,30,-0.17622222222222206
6,S007_blocked_s,blocked,31,-0.17622222222222206
6,S007_blocked_s,blocked,32,-0.17622222222222206
6,S007_blocked_s,blocked,33,-0.17622222222222206
6,S007_blocked_s,blocked,34,-0.17622222222222206
6,S007_blocked_s,blocked,35,-0.17788888888889076
6,S007_blocked_s,blocked,36,-0.17788888888889076
6,S007_blocked_s,blocked,37,-0.17788888888889076
6,S007_blocked_s,blocked,38,-0.17788888888889076
6,S007_blocked_s,blocked,39,-0.17788888888889076
6,S007_blocked_s,blocked,40,-0.18455555555555136
6,S007_blocked_s,blocked,41,-0.18455555555555136
6,S007_blocked_s,blocked,42,-0.18455555555555136
6,S007_blocked_s,blocked,43,-0.18455555555555136
6,S007_blocked_s,blocked,44,-0.18455555555555136
6,S007_blocked_s,blocked,45,-0.18122222222222106
6,S007_blocked_s,blocked,46,-0.18122222222222106
6,S007_blocked_s,blocked,47,-0.18122222222222106
6,S007_blocked_s,blocked,48,-0.18122222222222106
6,S007_blocked_s,blocked,49,-0.18122222222222106
6,S007_blocked_s,blocked,50,-0.19955555555555193
6,S007_blocked_s,blocked,51,-0.19955555555555193
6,S007_blocked_s,blocked,52,-0.19955555555555193
6,S007_blocked_s,blocked,53,-0.19955555555555193
6,S007_blocked_s,blocked,54,-0.19955555555555193
6,S007_blocked_s,blocked,55,-0.19788888888888678
6,S007_blocked_s,blocked,56,-0.19788888888888678
6,S007_blocked_s,blocked,57,-0.19788888888888678
6,S007_blocked_s,blocked,58,-0.19788888888888678
6,S007_blocked_s,blocked,59,-0.19788888888888678
6,S007_blocked_s,blocked,60,-0.19455555555555293
6,S007_blocked_s,blocked,61,-0.19455555555555293
6,S007_blocked_s,blocked,62,-0.19455555555555293
6,S007_blocked_s,blocked,63,-0.19455555555555293
6,S007_blocked_s,blocked,64,-0.19455555555555293
6,S007_blocked_s,blocked,65,-0.18955555555555748
6,S007_blocked_s,blocked,66,-0.18955555555555748
6,S007_blocked_s,blocked,67,-0.18955555555555748
6,S007_blocked_s,blocked,68,-0.18955555555555748
6,S007_blocked_s,blocked,69,-0.18955555555555748
6,S007_blocked_s,blocked,70,-0.19455555555555293
6,S007_blocked_s,blocked,71,-0.19455555555555293
6,S007_blocked_s,blocked,72,-0.19455555555555293
6,S007_blocked_s,blocked,73,-0.19455555555555293
6,S007_blocked_s,blocked,74,-0.19455555555555293
6,S007_blocked_s,blocked,75,-0.19955555555555193
6,S007_blocked_s,blocked,76,-0.19955555555555193
6,S007_blocked_s,blocked,77,-0.19955555555555193
6,S007_blocked_s,blocked,78,-0.19955555555555193
6,S007_blocked_s,blocked,79,-0.19955555555555193
6,S007_blocked_s,blocked,80,-0.20288888888888224
6,S007_blocked_s,blocked,81,-0.20288888888888224
6,S007_blocked_s,blocked,82,-0.20288888888888224
6,S007_blocked_s,blocked,83,-0.20288888888888224
6,S007_blocked_s,blocked,84,-0.20288888888888224
6,S007_blocked_s,blocked,85,-0.19955555555555549
6,S007_blocked_s,blocked,86,-0.19955555555555549
6,S007_blocked_s,blocked,87,-0.19955555555555549
6,S007_blocked_s,blocked,88,-0.19955555555555549
6,S007_blocked_s,blocked,89,-0.19955555555555549
6,S007_blocked_s,blocked,90,-0.18788888888889232
6,S007_blocked_s,blocked,91,-0.18788888888889232
6,S007_blocked_s,blocked,92,-0.18788888888889232
6,S007_blocked_s,blocked,93,-0.18788888888889232
6,S007_blocked_s,blocked,94,-0.18788888888889232
6,S007_blocked_s,blocked,95,-0.17788888888889431
6,S007_blocked_s,blocked,96,-0.17788888888889431
6,S007_blocked_s,blocked,97,-0.17788888888889431
6,S007_blocked_s,blocked,98,-0.17788888888889431
6,S007_blocked_s,blocked,99,-0.17788888888889431
6,S007_blocked_s,blocked,100,-0.17622222222222206
6,S007_blocked_s,blocked,101,-0.17622222222222206
6,S007_blocked_s,blocked,102,-0.17622222222222206
6,S007_blocked_s,blocked,103,-0.17622222222222206
6,S007_blocked_s,blocked,104,-0.17622222222222206
6,S007_blocked_s,blocked,105,-0.1712222222222195
6,S007_blocked_s,blocked,106,-0.1712222222222195
6,S007_blocked_s,blocked,107,-0.1712222222222195
6,S007_blocked_s,blocked,108,-0.1712222222222195
6,S007_blocked_s,blocked,109,-0.1712222222222195
6,S007_blocked_s,blocked,110,-0.16455555555555534
6,S007_blocked_s,blocked,111,-0.16455555555555534
6,S007_blocked_s,blocked,112,-0.16455555555555534
6,S007_blocked_s,blocked,113,-0.16455555555555534
6,S007_blocked_s,blocked,114,-0.16455555555555534
6,S007_blocked_s,blocked,115,-0.18288888888888977
6,S007_blocked_s,blocked,116,-0.18288888888888977
6,S007_blocked_s,blocked,117,-0.18288888888888977
6,S007_blocked_s,blocked,118,-0.18288888888888977
6,S007_blocked_s,blocked,119,-0.18288888888888977
6,S007_blocked_s,blocked,120,-0.18122222222222462
6,S007_blocked_s,blocked,121,-0.18122222222222462
6,S007_blocked_s,blocked,122,-0.18122222222222462
6,S007_blocked_s,blocked,123,-0.18122222222222462
6,S007_blocked_s,blocked,124,-0.18122222222222462
6,S007_blocked_s,blocked,125,-0.17788888888889076
6,S007_blocked_s,blocked,126,-0.17788888888889076
6,S007_blocked_s,blocked,127,-0.17788888888889076
6,S007_blocked_s,blocked,128,-0.17788888888889076
6,S007_blocked_s,blocked,129,-0.17788888888889076
6,S007_blocked_s,blocked,130,-0.17288888888888465
6,S007_blocked_s,blocked,131,-0.17288888888888465
6,S007_blocked_s,blocked,132,-0.17288888888888465
6,S007_blocked_s,blocked,133,-0.17288888888888465
6,S007_blocked_s,blocked,134,-0.17288888888888465
6,S007_blocked_s,blocked,135,-0.1612222222222286
6,S007_blocked_s,blocked,136,-0.1612222222222286
6,S007_blocked_s,blocked,137,-0.1612222222222286
6,S007_blocked_s,blocked,138,-0.1612222222222286
6,S007_blocked_s,blocked,139,-0.1612222222222286
6,S007_blocked_s,blocked,140,-0.15455555555555733
6,S007_blocked_s,blocked,141,-0.15455555555555733
6,S007_blocked_s,blocked,142,-0.15455555555555733
6,S007_blocked_s,blocked,143,-0.15455555555555733
6,S007_blocked_s,blocked,144,-0.15455555555555733
6,S007_blocked_s,blocked,145,-0.16288888888888664
6,S007_blocked_s,blocked,146,-0.16288888888888664
6,S007_blocked_s,blocked,147,-0.16288888888888664
6,S007_blocked_s,blocked,148,-0.16288888888888664
6,S007_blocked_s,blocked,149,-0.16288888888888664
6,S007_blocked_s,blocked,150,-0.1745555555555569
6,S007_blocked_s,blocked,151,-0.1745555555555569
6,S007_blocked_s,blocked,152,-0.1745555555555569
6,S007_blocked_s,blocked,153,-0.1745555555555569
6,S007_blocked_s,blocked,154,-0.1745555555555569
6,S007_blocked_s,blocked,155,-0.1728888888888882
6,S007_blocked_s,blocked,156,-0.1728888888888882
6,S007_blocked_s,blocked,157,-0.1728888888888882
6,S007_blocked_s,blocked,158,-0.1728888888888882
6,S007_blocked_s,blocked,159,-0.1728888888888882
6,S007_blocked_s,blocked,160,-0.16122222222222504
6,S007_blocked_s,blocked,161,-0.16122222222222504
6,S007_blocked_s,blocked,162,-0.16122222222222504
6,S007_blocked_s,blocked,163,-0.16122222222222504
6,S007_blocked_s,blocked,164,-0.16122222222222504
6,S007_blocked_s,blocked,165,-0.1662222222222205
6,S007_blocked_s,blocked,166,-0.1662222222222205
6,S007_blocked_s,blocked,167,-0.1662222222222205
6,S007_blocked_s,blocked,168,-0.1662222222222205
6,S007_blocked_s,blocked,169,-0.1662222222222205
6,S007_blocked_s,blocked,170,-0.1578888888888912
6,S007_blocked_s,blocked,171,-0.1578888888888912
6,S007_blocked_s,blocked,172,-0.1578888888888912
6,S007_blocked_s,blocked,173,-0.1578888888888912
6,S007_blocked_s,blocked,174,-0.1578888888888912
6,S007_blocked_s,blocked,175,-0.14288888888889062
6,S007_blocked_s,blocked,176,-0.14288888888889062
6,S007_blocked_s,blocked,177,-0.14288888888889062
6,S007_blocked_s,blocked,178,-0.14288888888889062
6,S007_blocked_s,blocked,179,-0.14288888888889062
6,S007_blocked_s,blocked,180,-0.13788888888888806
6,S007_blocked_s,blocked,181,-0.13788888888888806
6,S007_blocked_s,blocked,182,-0.13788888888888806
6,S007_blocked_s,blocked,183,-0.13788888888888806
6,S007_blocked_s,blocked,184,-0.13788888888888806
6,S007_blocked_s,blocked,185,-0.13788888888888806
6,S007_blocked_s,blocked,186,-0.13788888888888806
6,S007_blocked_s,blocked,187,-0.13788888888888806
6,S007_blocked_s,blocked,188,-0.13788888888888806
6,S007_blocked_s,blocked,189,-0.13788888888888806
6,S007_blocked_s,blocked,190,-0.1295555555555552
6,S007_blocked_s,blocked,191,-0.1295555555555552
6,S007_blocked_s,blocked,192,-0.1295555555555552
6,S007_blocked_s,blocked,193,-0.1295555555555552
6,S007_blocked_s,blocked,194,-0.1295555555555552
6,S007_blocked_s,blocked,195,-0.12788888888889005
6,S007_blocked_s,blocked,196,-0.12788888888889005
6,S007_blocked_s,blocked,197,-0.12788888888889005
6,S007_blocked_s,blocked,198,-0.12788888888889005
6,S007_blocked_s,blocked,199,-0.12788888888889005
6,S007_blocked_s,blocked,200,-0.13288888888888195
6,S007_blocked_s,blocked,201,-0.13288888888888195
6,S007_blocked_s,blocked,202,-0.13288888888888195
6,S007_blocked_s,blocked,203,-0.13288888888888195
6,S007_blocked_s,blocked,204,-0.13288888888888195
6,S007_blocked_s,blocked,205,-0.13288888888888906
6,S007_blocked_s,blocked,206,-0.13288888888888906
6,S007_blocked_s,blocked,207,-0.13288888888888906
6,S007_blocked_s,blocked,208,-0.13288888888888906
6,S007_blocked_s,blocked,209,-0.13288888888888906
6,S007_blocked_s,blocked,210,-0.1228888888888946
6,S007_blocked_s,blocked,211,-0.1228888888888946
6,S007_blocked_s,blocked,212,-0.1228888888888946
6,S007_blocked_s,blocked,213,-0.1228888888888946
6,S007_blocked_s,blocked,214,-0.1228888888888946
6,S007_blocked_s,blocked,215,-0.12622222222222135
6,S007_blocked_s,blocked,216,-0.12622222222222135
6,S007_blocked_s,blocked,217,-0.12622222222222135
6,S007_blocked_s,blocked,218,-0.12622222222222135
6,S007_blocked_s,blocked,219,-0.12622222222222135
6,S007_blocked_s,blocked,220,-0.1228888888888875
6,S007_blocked_s,blocked,221,-0.1228888888888875
6,S007_blocked_s,blocked,222,-0.1228888888888875
6,S007_blocked_s,blocked,223,-0.1228888888888875
6,S007_blocked_s,blocked,224,-0.1228888888888875
6,S007_blocked_s,blocked,225,-0.1278888888888865
6,S007_blocked_s,blocked,226,-0.1278888888888865
6,S007_blocked_s,blocked,227,-0.1278888888888865
6,S007_blocked_s,blocked,228,-0.1278888888888865
6,S007_blocked_s,blocked,229,-0.1278888888888865
6,S007_blocked_s,blocked,230,-0.13122222222222746
6,S007_blocked_s,blocked,231,-0.13122222222222746
6,S007_blocked_s,blocked,232,-0.13122222222222746
6,S007_blocked_s,blocked,233,-0.13122222222222746
6,S007_blocked_s,blocked,234,-0.13122222222222746
6,S007_blocked_s,blocked,235,-0.12455555555555264
6,S007_blocked_s,blocked,236,-0.12455555555555264
6,S007_blocked_s,blocked,237,-0.12455555555555264
6,S007_blocked_s,blocked,238,-0.12455555555555264
6,S007_blocked_s,blocked,239,-0.12455555555555264
6,S007_blocked_s,blocked,240,-0.11955555555555364
6,S007_blocked_s,blocked,241,-0.11955555555555364
6,S007_blocked_s,blocked,242,-0.11955555555555364
6,S007_blocked_s,blocked,243,-0.11955555555555364
6,S007_blocked_s,blocked,244,-0.11955555555555364
6,S007_blocked_s,blocked,245,-0.12122222222222234
6,S007_blocked_s,blocked,246,-0.12122222222222234
6,S007_blocked_s,blocked,247,-0.12122222222222234
6,S007_blocked_s,blocked,248,-0.12122222222222234
6,S007_blocked_s,blocked,249,-0.12122222222222234
6,S007_blocked_s,blocked,250,-0.11955555555555364
6,S007_blocked_s,blocked,251,-0.11955555555555364
6,S007_blocked_s,blocked,252,-0.11955555555555364
6,S007_blocked_s,blocked,253,-0.11955555555555364
6,S007_blocked_s,blocked,254,-0.11955555555555364
6,S007_blocked_s,blocked,255,-0.11288888888888948
6,S007_blocked_s,blocked,256,-0.11288888888888948
6,S007_blocked_s,blocked,257,-0.11288888888888948
6,S007_blocked_s,blocked,258,-0.11288888888888948
6,S007_blocked_s,blocked,259,-0.11288888888888948
6,S007_blocked_s,blocked,260,-0.10288888888889147
6,S007_blocked_s,blocked,261,-0.10288888888889147
6,S007_blocked_s,blocked,262,-0.10288888888889147
6,S007_blocked_s,blocked,263,-0.10288888888889147
6,S007_blocked_s,blocked,264,-0.10288888888889147
6,S007_blocked_s,blocked,265,-0.09288888888889346
6,S007_blocked_s,blocked,266,-0.09288888888889346
6,S007_blocked_s,blocked,267,-0.09288888888889346
6,S007_blocked_s,blocked,268,-0.09288888888889346
6,S007_blocked_s,blocked,269,-0.09288888888889346
6,S007_blocked_s,blocked,270,-0.08955555555555605
6,S007_blocked_s,blocked,271,-0.08955555555555605
6,S007_blocked_s,blocked,272,-0.08955555555555605
6,S007_blocked_s,blocked,273,-0.08955555555555605
6,S007_blocked_s,blocked,274,-0.08955555555555605
6,S007_blocked_s,blocked,275,-0.06455555555555392
6,S007_blocked_s,blocked,276,-0.06455555555555392
6,S007_blocked_s,blocked,277,-0.06455555555555392
6,S007_blocked_s,blocked,278,-0.06455555555555392
6,S007_blocked_s,blocked,279,-0.06455555555555392
6,S007_blocked_s,blocked,280,-0.027888888888892183
6,S007_blocked_s,blocked,281,-0.027888888888892183
6,S007_blocked_s,blocked,282,-0.027888888888892183
6,S007_blocked_s,blocked,283,-0.027888888888892183
6,S007_blocked_s,blocked,284,-0.027888888888892183
6,S007_blocked_s,blocked,285,0.06711111111111734
6,S007_blocked_s,blocked,286,0.06711111111111734
6,S007_blocked_s,blocked,287,0.06711111111111734
6,S007_blocked_s,blocked,288,0.06711111111111734
6,S007_blocked_s,blocked,289,0.06711111111111734
6,S007_blocked_s,blocked,290,0.18211111111111222
6,S007_blocked_s,blocked,291,0.18211111111111222
6,S007_blocked_s,blocked,292,0.18211111111111222
6,S007_blocked_s,blocked,293,0.18211111111111222
6,S007_blocked_s,blocked,294,0.18211111111111222
6,S007_blocked_s,blocked,295,0.34377777777777396
6,S007_blocked_s,blocked,296,0.34377777777777396
6,S007_blocked_s,blocked,297,0.34377777777777396
6,S007_blocked_s,blocked,298,0.34377777777777396
6,S007_blocked_s,blocked,299,0.34377777777777396
6,S007_blocked_s,blocked,300,0.5287777777777798
6,S007_blocked_s,blocked,301,0.5287777777777798
6,S007_blocked_s,blocked,302,0.5287777777777798
6,S007_blocked_s,blocked,303,0.5287777777777798
6,S007_blocked_s,blocked,304,0.5287777777777798
6,S007_blocked_s,blocked,305,0.7487777777777787
6,S007_blocked_s,blocked,306,0.7487777777777787
6,S007_blocked_s,blocked,307,0.7487777777777787
6,S007_blocked_s,blocked,308,0.7487777777777787
6,S007_blocked_s,blocked,309,0.7487777777777787
6,S007_blocked_s,blocked,310,1.0087777777777767
6,S007_blocked_s,blocked,311,1.0087777777777767
6,S007_blocked_s,blocked,312,1.0087777777777767
6,S007_blocked_s,blocked,313,1.0087777777777767
6,S007_blocked_s,blocked,314,1.0087777777777767
6,S007_blocked_s,blocked,315,1.285444444444444
6,S007_blocked_s,blocked,316,1.285444444444444
6,S007_blocked_s,blocked,317,1.285444444444444
6,S007_blocked_s,blocked,318,1.285444444444444
6,S007_blocked_s,blocked,319,1.285444444444444
6,S007_blocked_s,blocked,320,1.6137777777777806
6,S007_blocked_s,blocked,321,1.6137777777777806
6,S007_blocked_s,blocked,322,1.6137777777777806
6,S007_blocked_s,blocked,323,1.6137777777777806
6,S007_blocked_s,blocked,324,1.6137777777777806
6,S007_blocked_s,blocked,325,1.9721111111111078
6,S007_blocked_s,blocked,326,1.9721111111111078
6,S007_blocked_s,blocked,327,1.9721111111111078
6,S007_blocked_s,blocked,328,1.9721111111111078
6,S007_blocked_s,blocked,329,1.9721111111111078
6,S007_blocked_s,blocked,330,2.360444444444447
6,S007_blocked_s,blocked,331,2.360444444444447
6,S007_blocked_s,blocked,332,2.360444444444447
6,S007_blocked_s,blocked,333,2.360444444444447
6,S007_blocked_s,blocked,334,2.360444444444447
6,S007_blocked_s,blocked,335,2.7637777777777757
6,S007_blocked_s,blocked,336,2.7637777777777757
6,S007_blocked_s,blocked,337,2.7637777777777757
6,S007_blocked_s,blocked,338,2.7637777777777757
6,S007_blocked_s,blocked,339,2.7637777777777757
6,S007_blocked_s,blocked,340,3.1737777777777794
6,S007_blocked_s,blocked,341,3.1737777777777794
6,S007_blocked_s,blocked,342,3.1737777777777794
6,S007_blocked_s,blocked,343,3.1737777777777794
6,S007_blocked_s,blocked,344,3.1737777777777794
6,S007_blocked_s,blocked,345,3.560444444444446
6,S007_blocked_s,blocked,346,3.560444444444446
6,S007_blocked_s,blocked,347,3.560444444444446
6,S007_blocked_s,blocked,348,3.560444444444446
6,S007_blocked_s,blocked,349,3.560444444444446
6,S007_blocked_s,blocked,350,3.955444444444442
6,S007_blocked_s,blocked,351,3.955444444444442
6,S007_blocked_s,blocked,352,3.955444444444442
6,S007_blocked_s,blocked,353,3.955444444444442
6,S007_blocked_s,blocked,354,3.955444444444442
6,S007_blocked_s,blocked,355,4.31711111111111
6,S007_blocked_s,blocked,356,4.31711111111111
6,S007_blocked_s,blocked,357,4.31711111111111
6,S007_blocked_s,blocked,358,4.31711111111111
6,S007_blocked_s,blocked,359,4.31711111111111
6,S007_blocked_s,blocked,360,4.675444444444441
6,S007_blocked_s,blocked,361,4.675444444444441
6,S007_blocked_s,blocked,362,4.675444444444441
6,S007_blocked_s,blocked,363,4.675444444444441
6,S007_blocked_s,blocked,364,4.675444444444441
6,S007_blocked_s,blocked,365,5.043777777777777
6,S007_blocked_s,blocked,366,5.043777777777777
6,S007_blocked_s,blocked,367,5.043777777777777
6,S007_blocked_s,blocked,368,5.043777777777777
6,S007_blocked_s,blocked,369,5.043777777777777
6,S007_blocked_s,blocked,370,5.3921111111111095
6,S007_blocked_s,blocked,371,5.3921111111111095
6,S007_blocked_s,blocked,372,5.3921111111111095
6,S007_blocked_s,blocked,373,5.3921111111111095
6,S007_blocked_s,blocked,374,5.3921111111111095
6,S007_blocked_s,blocked,375,5.750444444444444
6,S007_blocked_s,blocked,376,5.750444444444444
6,S007_blocked_s,blocked,377,5.750444444444444
6,S007_blocked_s,blocked,378,5.750444444444444
6,S007_blocked_s,blocked,379,5.750444444444444
6,S007_blocked_s,blocked,380,6.0837777777777795
6,S007_blocked_s,blocked,381,6.0837777777777795
6,S007_blocked_s,blocked,382,6.0837777777777795
6,S007_blocked_s,blocked,383,6.0837777777777795
6,S007_blocked_s,blocked,384,6.0837777777777795
6,S007_blocked_s,blocked,385,6.417111111111112
6,S007_blocked_s,blocked,386,6.417111111111112
6,S007_blocked_s,blocked,387,6.417111111111112
6,S007_blocked_s,blocked,388,6.417111111111112
6,S007_blocked_s,blocked,389,6.417111111111112
6,S007_blocked_s,blocked,390,6.748777777777779
6,S007_blocked_s,blocked,391,6.748777777777779
6,S007_blocked_s,blocked,392,6.748777777777779
6,S007_blocked_s,blocked,393,6.748777777777779
6,S007_blocked_s,blocked,394,6.748777777777779
6,S007_blocked_s,blocked,395,7.065444444444445
6,S007_blocked_s,blocked,396,7.065444444444445
6,S007_blocked_s,blocked,397,7.065444444444445
6,S007_blocked_s,blocked,398,7.065444444444445
6,S007_blocked_s,blocked,399,7.065444444444445
6,S007_blocked_s,blocked,400,7.378777777777781
6,S007_blocked_s,blocked,401,7.378777777777781
6,S007_blocked_s,blocked,402,7.378777777777781
6,S007_blocked_s,blocked,403,7.378777777777781
6,S007_blocked_s,blocked,404,7.378777777777781
6,S007_blocked_s,blocked,405,7.6904444444444415
6,S007_blocked_s,blocked,406,7.6904444444444415
6,S007_blocked_s,blocked,407,7.6904444444444415
6,S007_blocked_s,blocked,408,7.6904444444444415
6,S007_blocked_s,blocked,409,7.6904444444444415
6,S007_blocked_s,blocked,410,7.990444444444442
6,S007_blocked_s,blocked,411,7.990444444444442
6,S007_blocked_s,blocked,412,7.990444444444442
6,S007_blocked_s,blocked,413,7.990444444444442
6,S007_blocked_s,blocked,414,7.990444444444442
6,S007_blocked_s,blocked,415,8.303777777777771
6,S007_blocked_s,blocked,416,8.303777777777771
6,S007_blocked_s,blocked,417,8.303777777777771
6,S007_blocked_s,blocked,418,8.303777777777771
6,S007_blocked_s,blocked,419,8.303777777777771
6,S007_blocked_s,blocked,420,8.610444444444443
6,S007_blocked_s,blocked,421,8.610444444444443
6,S007_blocked_s,blocked,422,8.610444444444443
6,S007_blocked_s,blocked,423,8.610444444444443
6,S007_blocked_s,blocked,424,8.610444444444443
6,S007_blocked_s,blocked,425,8.900444444444442
6,S007_blocked_s,blocked,426,8.900444444444442
6,S007_blocked_s,blocked,427,8.900444444444442
6,S007_blocked_s,blocked,428,8.900444444444442
6,S007_blocked_s,blocked,429,8.900444444444442
6,S007_blocked_s,blocked,430,9.193777777777772
6,S007_blocked_s,blocked,431,9.193777777777772
6,S007_blocked_s,blocked,432,9.193777777777772
6,S007_blocked_s,blocked,433,9.193777777777772
6,S007_blocked_s,blocked,434,9.193777777777772
6,S007_blocked_s,blocked,435,9.475444444444445
6,S007_blocked_s,blocked,436,9.475444444444445
6,S007_blocked_s,blocked,437,9.475444444444445
6,S007_blocked_s,blocked,438,9.475444444444445
6,S007_blocked_s,blocked,439,9.475444444444445
6,S007_blocked_s,blocked,440,9.762111111111114
6,S007_blocked_s,blocked,441,9.762111111111114
6,S007_blocked_s,blocked,442,9.762111111111114
6,S007_blocked_s,blocked,443,9.762111111111114
6,S007_blocked_s,blocked,444,9.762111111111114
6,S007_blocked_s,blocked,445,10.045444444444446
6,S007_blocked_s,blocked,446,10.045444444444446
6,S007_blocked_s,blocked,447,10.045444444444446
6,S007_blocked_s,blocked,448,10.045444444444446
6,S007_blocked_s,blocked,449,10.045444444444446
6,S007_blocked_s,blocked,450,10.308777777777774
6,S007_blocked_s,blocked,451,10.308777777777774
6,S007_blocked_s,blocked,452,10.308777777777774
6,S007_blocked_s,blocked,453,10.308777777777774
6,S007_blocked_s,blocked,454,10.308777777777774
6,S007_blocked_s,blocked,455,10.570444444444451
6,S007_blocked_s,blocked,456,10.570444444444451
6,S007_blocked_s,blocked,457,10.570444444444451
6,S007_blocked_s,blocked,458,10.570444444444451
6,S007_blocked_s,blocked,459,10.570444444444451
6,S007_blocked_s,blocked,460,10.827111111111119
6,S007_blocked_s,blocked,461,10.827111111111119
6,S007_blocked_s,blocked,462,10.827111111111119
6,S007_blocked_s,blocked,463,10.827111111111119
6,S007_blocked_s,blocked,464,10.827111111111119
6,S007_blocked_s,blocked,465,11.085444444444445
6,S007_blocked_s,blocked,466,11.085444444444445
6,S007_blocked_s,blocked,467,11.085444444444445
6,S007_blocked_s,blocked,468,11.085444444444445
6,S007_blocked_s,blocked,469,11.085444444444445
6,S007_blocked_s,blocked,470,11.330444444444442
6,S007_blocked_s,blocked,471,11.330444444444442
6,S007_blocked_s,blocked,472,11.330444444444442
6,S007_blocked_s,blocked,473,11.330444444444442
6,S007_blocked_s,blocked,474,11.330444444444442
6,S007_blocked_s,blocked,475,11.570444444444437
6,S007_blocked_s,blocked,476,11.570444444444437
6,S007_blocked_s,blocked,477,11.570444444444437
6,S007_blocked_s,blocked,478,11.570444444444437
6,S007_blocked_s,blocked,479,11.570444444444437
6,S007_blocked_s,blocked,480,11.817111111111121
6,S007_blocked_s,blocked,481,11.817111111111121
6,S007_blocked_s,blocked,482,11.817111111111121
6,S007_blocked_s,blocked,483,11.817111111111121
6,S007_blocked_s,blocked,484,11.817111111111121
6,S007_blocked_s,blocked,485,12.052111111111106
6,S007_blocked_s,blocked,486,12.052111111111106
6,S007_blocked_s,blocked,487,12.052111111111106
6,S007_blocked_s,blocked,488,12.052111111111106
6,S007_blocked_s,blocked,489,12.052111111111106
6,S007_blocked_s,blocked,490,12.273777777777777
6,S007_blocked_s,blocked,491,12.273777777777777
6,S007_blocked_s,blocked,492,12.273777777777777
6,S007_blocked_s,blocked,493,12.273777777777777
6,S007_blocked_s,blocked,494,12.273777777777777
6,S007_blocked_s,blocked,495,12.505444444444446
6,S007_blocked_s,blocked,496,12.505444444444446
6,S007_blocked_s,blocked,497,12.505444444444446
6,S007_blocked_s,blocked,498,12.505444444444446
6,S007_blocked_s,blocked,499,12.505444444444446
6,S007_blocked_s,blocked,500,12.710444444444438
6,S007_blocked_s,blocked,501,12.710444444444438
6,S007_blocked_s,blocked,502,12.710444444444438
6,S007_blocked_s,blocked,503,12.710444444444438
6,S007_blocked_s,blocked,504,12.710444444444438
6,S007_blocked_s,blocked,505,12.927111111111106
6,S007_blocked_s,blocked,506,12.927111111111106
6,S007_blocked_s,blocked,507,12.927111111111106
6,S007_blocked_s,blocked,508,12.927111111111106
6,S007_blocked_s,blocked,509,12.927111111111106
6,S007_blocked_s,blocked,510,13.142111111111117
6,S007_blocked_s,blocked,511,13.142111111111117
6,S007_blocked_s,blocked,512,13.142111111111117
6,S007_blocked_s,blocked,513,13.142111111111117
6,S007_blocked_s,blocked,514,13.142111111111117
6,S007_blocked_s,blocked,515,13.353777777777776
6,S007_blocked_s,blocked,516,13.353777777777776
6,S007_blocked_s,blocked,517,13.353777777777776
6,S007_blocked_s,blocked,518,13.353777777777776
6,S007_blocked_s,blocked,519,13.353777777777776
6,S007_blocked_s,blocked,520,13.565444444444434
6,S007_blocked_s,blocked,521,13.565444444444434
6,S007_blocked_s,blocked,522,13.565444444444434
6,S007_blocked_s,blocked,523,13.565444444444434
6,S007_blocked_s,blocked,524,13.565444444444434
6,S007_blocked_s,blocked,525,13.768777777777782
6,S007_blocked_s,blocked,526,13.768777777777782
6,S007_blocked_s,blocked,527,13.768777777777782
6,S007_blocked_s,blocked,528,13.768777777777782
6,S007_blocked_s,blocked,529,13.768777777777782
6,S007_blocked_s,blocked,530,13.96711111111112
6,S007_blocked_s,blocked,531,13.96711111111112
6,S007_blocked_s,blocked,532,13.96711111111112
6,S007_blocked_s,blocked,533,13.96711111111112
6,S007_blocked_s,blocked,534,13.96711111111112
6,S007_blocked_s,blocked,535,14.165444444444443
6,S007_blocked_s,blocked,536,14.165444444444443
6,S007_blocked_s,blocked,537,14.165444444444443
6,S007_blocked_s,blocked,538,14.165444444444443
6,S007_blocked_s,blocked,539,14.165444444444443
6,S007_blocked_s,blocked,540,14.357111111111113
6,S007_blocked_s,blocked,541,14.357111111111113
6,S007_blocked_s,blocked,542,14.357111111111113
6,S007_blocked_s,blocked,543,14.357111111111113
6,S007_blocked_s,blocked,544,14.357111111111113
6,S007_blocked_s,blocked,545,14.553777777777771
6,S007_blocked_s,blocked,546,14.553777777777771
6,S007_blocked_s,blocked,547,14.553777777777771
6,S007_blocked_s,blocked,548,14.553777777777771
6,S007_blocked_s,blocked,549,14.553777777777771
6,S007_blocked_s,blocked,550,14.753777777777774
6,S007_blocked_s,blocked,551,14.753777777777774
6,S007_blocked_s,blocked,552,14.753777777777774
6,S007_blocked_s,blocked,553,14.753777777777774
6,S007_blocked_s,blocked,554,14.753777777777774
6,S007_blocked_s,blocked,555,14.940444444444456
6,S007_blocked_s,blocked,556,14.940444444444456
6,S007_blocked_s,blocked,557,14.940444444444456
6,S007_blocked_s,blocked,558,14.940444444444456
6,S007_blocked_s,blocked,559,14.940444444444456
6,S007_blocked_s,blocked,560,15.135444444444442
6,S007_blocked_s,blocked,561,15.135444444444442
6,S007_blocked_s,blocked,562,15.135444444444442
6,S007_blocked_s,blocked,563,15.135444444444442
6,S007_blocked_s,blocked,564,15.135444444444442
6,S007_blocked_s,blocked,565,15.305444444444444
6,S007_blocked_s,blocked,566,15.305444444444444
6,S007_blocked_s,blocked,567,15.305444444444444
6,S007_blocked_s,blocked,568,15.305444444444444
6,S007_blocked_s,blocked,569,15.305444444444444
6,S007_blocked_s,blocked,570,15.475444444444438
6,S007_blocked_s,blocked,571,15.475444444444438
6,S007_blocked_s,blocked,572,15.475444444444438
6,S007_blocked_s,blocked,573,15.475444444444438
6,S007_blocked_s,blocked,574,15.475444444444438
6,S007_blocked_s,blocked,575,15.645444444444447
6,S007_blocked_s,blocked,576,15.645444444444447
6,S007_blocked_s,blocked,577,15.645444444444447
6,S007_blocked_s,blocked,578,15.645444444444447
6,S007_blocked_s,blocked,579,15.645444444444447
6,S007_blocked_s,blocked,580,15.812111111111097
6,S007_blocked_s,blocked,581,15.812111111111097
6,S007_blocked_s,blocked,582,15.812111111111097
6,S007_blocked_s,blocked,583,15.812111111111097
6,S007_blocked_s,blocked,584,15.812111111111097
6,S007_blocked_s,blocked,585,15.978777777777783
6,S007_blocked_s,blocked,586,15.978777777777783
6,S007_blocked_s,blocked,587,15.978777777777783
6,S007_blocked_s,blocked,588,15.978777777777783
6,S007_blocked_s,blocked,589,15.978777777777783
6,S007_blocked_s,blocked,590,16.150444444444435
6,S007_blocked_s,blocked,591,16.150444444444435
6,S007_blocked_s,blocked,592,16.150444444444435
6,S007_blocked_s,blocked,593,16.150444444444435
6,S007_blocked_s,blocked,594,16.150444444444435
6,S007_blocked_s,blocked,595,16.315444444444456
6,S007_blocked_s,blocked,596,16.315444444444456
6,S007_blocked_s,blocked,597,16.315444444444456
6,S007_blocked_s,blocked,598,16.315444444444456
6,S007_blocked_s,blocked,599,16.315444444444456
6,S007_blocked_s,blocked,600,16.467111111111112
6,S007_blocked_s,blocked,601,16.467111111111112
6,S007_blocked_s,blocked,602,16.467111111111112
6,S007_blocked_s,blocked,603,16.467111111111112
6,S007_blocked_s,blocked,604,16.467111111111112
6,S007_blocked_s,blocked,605,16.62711111111111
6,S007_blocked_s,blocked,606,16.62711111111111
6,S007_blocked_s,blocked,607,16.62711111111111
6,S007_blocked_s,blocked,608,16.62711111111111
6,S007_blocked_s,blocked,609,16.62711111111111
6,S007_blocked_s,blocked,610,16.775444444444442
6,S007_blocked_s,blocked,611,16.775444444444442
6,S007_blocked_s,blocked,612,16.775444444444442
6,S007_blocked_s,blocked,613,16.775444444444442
6,S007_blocked_s,blocked,614,16.775444444444442
6,S007_blocked_s,blocked,615,16.912111111111106
6,S007_blocked_s,blocked,616,16.912111111111106
6,S007_blocked_s,blocked,617,16.912111111111106
6,S007_blocked_s,blocked,618,16.912111111111106
6,S007_blocked_s,blocked,619,16.912111111111106
6,S007_blocked_s,blocked,620,17.058777777777774
6,S007_blocked_s,blocked,621,17.058777777777774
6,S007_blocked_s,blocked,622,17.058777777777774
6,S007_blocked_s,blocked,623,17.058777777777774
6,S007_blocked_s,blocked,624,17.058777777777774
6,S007_blocked_s,blocked,625,17.203777777777784
6,S007_blocked_s,blocked,626,17.203777777777784
6,S007_blocked_s,blocked,627,17.203777777777784
6,S007_blocked_s,blocked,628,17.203777777777784
6,S007_blocked_s,blocked,629,17.203777777777784
6,S007_blocked_s,blocked,630,17.34877777777778
6,S007_blocked_s,blocked,631,17.34877777777778
6,S007_blocked_s,blocked,632,17.34877777777778
6,S007_blocked_s,blocked,633,17.34877777777778
6,S007_blocked_s,blocked,634,17.34877777777778
6,S007_blocked_s,blocked,635,17.487111111111115
6,S007_blocked_s,blocked,636,17.487111111111115
6,S007_blocked_s,blocked,637,17.487111111111115
6,S007_blocked_s,blocked,638,17.487111111111115
6,S007_blocked_s,blocked,639,17.487111111111115
6,S007_blocked_s,blocked,640,17.62544444444445
6,S007_blocked_s,blocked,641,17.62544444444445
6,S007_blocked_s,blocked,642,17.62544444444445
6,S007_blocked_s,blocked,643,17.62544444444445
6,S007_blocked_s,blocked,644,17.62544444444445
6,S007_blocked_s,blocked,645,17.76377777777778
6,S007_blocked_s,blocked,646,17.76377777777778
6,S007_blocked_s,blocked,647,17.76377777777778
6,S007_blocked_s,blocked,648,17.76377777777778
6,S007_blocked_s,blocked,649,17.76377777777778
6,S007_blocked_s,blocked,650,17.89544444444444
6,S007_blocked_s,blocked,651,17.89544444444444
6,S007_blocked_s,blocked,652,17.89544444444444
6,S007_blocked_s,blocked,653,17.89544444444444
6,S007_blocked_s,blocked,654,17.89544444444444
6,S007_blocked_s,blocked,655,18.023777777777777
6,S007_blocked_s,blocked,656,18.023777777777777
6,S007_blocked_s,blocked,657,18.023777777777777
6,S007_blocked_s,blocked,658,18.023777777777777
6,S007_blocked_s,blocked,659,18.023777777777777
6,S007_blocked_s,blocked,660,18.163777777777778
6,S007_blocked_s,blocked,661,18.163777777777778
6,S007_blocked_s,blocked,662,18.163777777777778
6,S007_blocked_s,blocked,663,18.163777777777778
6,S007_blocked_s,blocked,664,18.163777777777778
6,S007_blocked_s,blocked,665,18.28711111111112
6,S007_blocked_s,blocked,666,18.28711111111112
6,S007_blocked_s,blocked,667,18.28711111111112
6,S007_blocked_s,blocked,668,18.28711111111112
6,S007_blocked_s,blocked,669,18.28711111111112
6,S007_blocked_s,blocked,670,18.39544444444444
6,S007_blocked_s,blocked,671,18.39544444444444
6,S007_blocked_s,blocked,672,18.39544444444444
6,S007_blocked_s,blocked,673,18.39544444444444
6,S007_blocked_s,blocked,674,18.39544444444444
6,S007_blocked_s,blocked,675,18.53211111111111
6,S007_blocked_s,blocked,676,18.53211111111111
6,S007_blocked_s,blocked,677,18.53211111111111
6,S007_blocked_s,blocked,678,18.53211111111111
6,S007_blocked_s,blocked,679,18.53211111111111
6,S007_blocked_s,blocked,680,18.645444444444447
6,S007_blocked_s,blocked,681,18.645444444444447
6,S007_blocked_s,blocked,682,18.645444444444447
6,S007_blocked_s,blocked,683,18.645444444444447
6,S007_blocked_s,blocked,684,18.645444444444447
6,S007_blocked_s,blocked,685,18.763777777777772
6,S007_blocked_s,blocked,686,18.763777777777772
6,S007_blocked_s,blocked,687,18.763777777777772
6,S007_blocked_s,blocked,688,18.763777777777772
6,S007_blocked_s,blocked,689,18.763777777777772
6,S007_blocked_s,blocked,690,18.875444444444444
6,S007_blocked_s,blocked,691,18.875444444444444
6,S007_blocked_s,blocked,692,18.875444444444444
6,S007_blocked_s,blocked,693,18.875444444444444
6,S007_blocked_s,blocked,694,18.875444444444444
6,S007_blocked_s,blocked,695,18.992111111111118
6,S007_blocked_s,blocked,696,18.992111111111118
6,S007_blocked_s,blocked,697,18.992111111111118
6,S007_blocked_s,blocked,698,18.992111111111118
6,S007_blocked_s,blocked,699,18.992111111111118
6,S007_blocked_s,blocked,700,19.093777777777778
6,S007_blocked_s,blocked,701,19.093777777777778
6,S007_blocked_s,blocked,702,19.093777777777778
6,S007_blocked_s,blocked,703,19.093777777777778
6,S007_blocked_s,blocked,704,19.093777777777778
6,S007_blocked_s,blocked,705,19.193777777777772
6,S007_blocked_s,blocked,706,19.193777777777772
6,S007_blocked_s,blocked,707,19.193777777777772
6,S007_blocked_s,blocked,708,19.193777777777772
6,S007_blocked_s,blocked,709,19.193777777777772
6,S007_blocked_s,blocked,710,19.29877777777776
6,S007_blocked_s,blocked,711,19.29877777777776
6,S007_blocked_s,blocked,712,19.29877777777776
6,S007_blocked_s,blocked,713,19.29877777777776
6,S007_blocked_s,blocked,714,19.29877777777776
6,S007_blocked_s,blocked,715,19.393777777777775
6,S007_blocked_s,blocked,716,19.393777777777775
6,S007_blocked_s,blocked,717,19.393777777777775
6,S007_blocked_s,blocked,718,19.393777777777775
6,S007_blocked_s,blocked,719,19.393777777777775
6,S007_blocked_s,blocked,720,19.487111111111115
6,S007_blocked_s,blocked,721,19.487111111111115
6,S007_blocked_s,blocked,722,19.487111111111115
6,S007_blocked_s,blocked,723,19.487111111111115
6,S007_blocked_s,blocked,724,19.487111111111115
6,S007_blocked_s,blocked,725,19.578777777777784
6,S007_blocked_s,blocked,726,19.578777777777784
6,S007_blocked_s,blocked,727,19.578777777777784
6,S007_blocked_s,blocked,728,19.578777777777784
6,S007_blocked_s,blocked,729,19.578777777777784
6,S007_blocked_s,blocked,730,19.690444444444434
6,S007_blocked_s,blocked,731,19.690444444444434
6,S007_blocked_s,blocked,732,19.690444444444434
6,S007_blocked_s,blocked,733,19.690444444444434
6,S007_blocked_s,blocked,734,19.690444444444434
6,S007_blocked_s,blocked,735,19.777111111111115
6,S007_blocked_s,blocked,736,19.777111111111115
6,S007_blocked_s,blocked,737,19.777111111111115
6,S007_blocked_s,blocked,738,19.777111111111115
6,S007_blocked_s,blocked,739,19.777111111111115
6,S007_blocked_s,blocked,740,19.872111111111114
6,S007_blocked_s,blocked,741,19.872111111111114
6,S007_blocked_s,blocked,742,19.872111111111114
6,S007_blocked_s,blocked,743,19.872111111111114
6,S007_blocked_s,blocked,744,19.872111111111114
6,S007_blocked_s,blocked,745,19.96711111111112
6,S007_blocked_s,blocked,746,19.96711111111112
6,S007_blocked_s,blocked,747,19.96711111111112
6,S007_blocked_s,blocked,748,19.96711111111112
6,S007_blocked_s,blocked,749,19.96711111111112
6,S007_blocked_s,blocked,750,20.065444444444456
6,S007_blocked_s,blocked,751,20.065444444444456
6,S007_blocked_s,blocked,752,20.065444444444456
6,S007_blocked_s,blocked,753,20.065444444444456
6,S007_blocked_s,blocked,754,20.065444444444456
6,S007_blocked_s,blocked,755,20.163777777777778
6,S007_blocked_s,blocked,756,20.163777777777778
6,S007_blocked_s,blocked,757,20.163777777777778
6,S007_blocked_s,blocked,758,20.163777777777778
6,S007_blocked_s,blocked,759,20.163777777777778
6,S007_blocked_s,blocked,760,20.26044444444445
6,S007_blocked_s,blocked,761,20.26044444444445
6,S007_blocked_s,blocked,762,20.26044444444445
6,S007_blocked_s,blocked,763,20.26044444444445
6,S007_blocked_s,blocked,764,20.26044444444445
6,S007_blocked_s,blocked,765,20.342111111111112
6,S007_blocked_s,blocked,766,20.342111111111112
6,S007_blocked_s,blocked,767,20.342111111111112
6,S007_blocked_s,blocked,768,20.342111111111112
6,S007_blocked_s,blocked,769,20.342111111111112
6,S007_blocked_s,blocked,770,20.43711111111111
6,S007_blocked_s,blocked,771,20.43711111111111
6,S007_blocked_s,blocked,772,20.43711111111111
6,S007_blocked_s,blocked,773,20.43711111111111
6,S007_blocked_s,blocked,774,20.43711111111111
6,S007_blocked_s,blocked,775,20.520444444444454
6,S007_blocked_s,blocked,776,20.520444444444454
6,S007_blocked_s,blocked,777,20.520444444444454
6,S007_blocked_s,blocked,778,20.520444444444454
6,S007_blocked_s,blocked,779,20.520444444444454
6,S007_blocked_s,blocked,780,20.610444444444443
6,S007_blocked_s,blocked,781,20.610444444444443
6,S007_blocked_s,blocked,782,20.610444444444443
6,S007_blocked_s,blocked,783,20.610444444444443
6,S007_blocked_s,blocked,784,20.610444444444443
6,S007_blocked_s,blocked,785,20.687111111111104
6,S007_blocked_s,blocked,786,20.687111111111104
6,S007_blocked_s,blocked,787,20.687111111111104
6,S007_blocked_s,blocked,788,20.687111111111104
6,S007_blocked_s,blocked,789,20.687111111111104
6,S007_blocked_s,blocked,790,20.765444444444444
6,S007_blocked_s,blocked,791,20.765444444444444
6,S007_blocked_s,blocked,792,20.765444444444444
6,S007_blocked_s,blocked,793,20.765444444444444
6,S007_blocked_s,blocked,794,20.765444444444444
6,S007_blocked_s,blocked,795,20.838777777777775
6,S007_blocked_s,blocked,796,20.838777777777775
6,S007_blocked_s,blocked,797,20.838777777777775
6,S007_blocked_s,blocked,798,20.838777777777775
6,S007_blocked_s,blocked,799,20.838777777777775
6,S007_blocked_s,blocked,800,20.925444444444434
6,S007_blocked_s,blocked,801,20.925444444444434
6,S007_blocked_s,blocked,802,20.925444444444434
6,S007_blocked_s,blocked,803,20.925444444444434
6,S007_blocked_s,blocked,804,20.925444444444434
6,S007_blocked_s,blocked,805,20.9871111111111
6,S007_blocked_s,blocked,806,20.9871111111111
6,S007_blocked_s,blocked,807,20.9871111111111
6,S007_blocked_s,blocked,808,20.9871111111111
6,S007_blocked_s,blocked,809,20.9871111111111
6,S007_blocked_s,blocked,810,21.06044444444446
6,S007_blocked_s,blocked,811,21.06044444444446
6,S007_blocked_s,blocked,812,21.06044444444446
6,S007_blocked_s,blocked,813,21.06044444444446
6,S007_blocked_s,blocked,814,21.06044444444446
6,S007_blocked_s,blocked,815,21.117111111111118
6,S007_blocked_s,blocked,816,21.117111111111118
6,S007_blocked_s,blocked,817,21.117111111111118
6,S007_blocked_s,blocked,818,21.117111111111118
6,S007_blocked_s,blocked,819,21.117111111111118
6,S007_blocked_s,blocked,820,21.185444444444446
6,S007_blocked_s,blocked,821,21.185444444444446
6,S007_blocked_s,blocked,822,21.185444444444446
6,S007_blocked_s,blocked,823,21.185444444444446
6,S007_blocked_s,blocked,824,21.185444444444446
6,S007_blocked_s,blocked,825,21.25211111111111
6,S007_blocked_s,blocked,826,21.25211111111111
6,S007_blocked_s,blocked,827,21.25211111111111
6,S007_blocked_s,blocked,828,21.25211111111111
6,S007_blocked_s,blocked,829,21.25211111111111
6,S007_blocked_s,blocked,830,21.315444444444434
6,S007_blocked_s,blocked,831,21.315444444444434
6,S007_blocked_s,blocked,832,21.315444444444434
6,S007_blocked_s,blocked,833,21.315444444444434
6,S007_blocked_s,blocked,834,21.315444444444434
6,S007_blocked_s,blocked,835,21.387111111111107
6,S007_blocked_s,blocked,836,21.387111111111107
6,S007_blocked_s,blocked,837,21.387111111111107
6,S007_blocked_s,blocked,838,21.387111111111107
6,S007_blocked_s,blocked,839,21.387111111111107
6,S007_blocked_s,blocked,840,21.443777777777772
6,S007_blocked_s,blocked,841,21.443777777777772
6,S007_blocked_s,blocked,842,21.443777777777772
6,S007_blocked_s,blocked,843,21.443777777777772
6,S007_blocked_s,blocked,844,21.443777777777772
6,S007_blocked_s,blocked,845,21.51877777777779
6,S007_blocked_s,blocked,846,21.51877777777779
6,S007_blocked_s,blocked,847,21.51877777777779
6,S007_blocked_s,blocked,848,21.51877777777779
6,S007_blocked_s,blocked,849,21.51877777777779
6,S007_blocked_s,blocked,850,21.573777777777767
6,S007_blocked_s,blocked,851,21.573777777777767
6,S007_blocked_s,blocked,852,21.573777777777767
6,S007_blocked_s,blocked,853,21.573777777777767
6,S007_blocked_s,blocked,854,21.573777777777767
6,S007_blocked_s,blocked,855,21.63877777777778
6,S007_blocked_s,blocked,856,21.63877777777778
6,S007_blocked_s,blocked,857,21.63877777777778
6,S007_blocked_s,blocked,858,21.63877777777778
6,S007_blocked_s,blocked,859,21.63877777777778
6,S007_blocked_s,blocked,860,21.682111111111116
6,S007_blocked_s,blocked,861,21.682111111111116
6,S007_blocked_s,blocked,862,21.682111111111116
6,S007_blocked_s,blocked,863,21.682111111111116
6,S007_blocked_s,blocked,864,21.682111111111116
6,S007_blocked_s,blocked,865,21.74544444444444
6,S007_blocked_s,blocked,866,21.74544444444444
6,S007_blocked_s,blocked,867,21.74544444444444
6,S007_blocked_s,blocked,868,21.74544444444444
6,S007_blocked_s,blocked,869,21.74544444444444
6,S007_blocked_s,blocked,870,21.805444444444436
6,S007_blocked_s,blocked,871,21.805444444444436
6,S007_blocked_s,blocked,872,21.805444444444436
6,S007_blocked_s,blocked,873,21.805444444444436
6,S007_blocked_s,blocked,874,21.805444444444436
6,S007_blocked_s,blocked,875,21.85711111111112
6,S007_blocked_s,blocked,876,21.85711111111112
6,S007_blocked_s,blocked,877,21.85711111111112
6,S007_blocked_s,blocked,878,21.85711111111112
6,S007_blocked_s,blocked,879,21.85711111111112
6,S007_blocked_s,blocked,880,21.902111111111108
6,S007_blocked_s,blocked,881,21.902111111111108
6,S007_blocked_s,blocked,882,21.902111111111108
6,S007_blocked_s,blocked,883,21.902111111111108
6,S007_blocked_s,blocked,884,21.902111111111108
6,S007_blocked_s,blocked,885,21.967111111111112
6,S007_blocked_s,blocked,886,21.967111111111112
6,S007_blocked_s,blocked,887,21.967111111111112
6,S007_blocked_s,blocked,888,21.967111111111112
6,S007_blocked_s,blocked,889,21.967111111111112
6,S007_blocked_s,blocked,890,22.00877777777777
6,S007_blocked_s,blocked,891,22.00877777777777
6,S007_blocked_s,blocked,892,22.00877777777777
6,S007_blocked_s,blocked,893,22.00877777777777
6,S007_blocked_s,blocked,894,22.00877777777777
6,S007_blocked_s,blocked,895,22.0571111111111
6,S007_blocked_s,blocked,896,22.0571111111111
6,S007_blocked_s,blocked,897,22.0571111111111
6,S007_blocked_s,blocked,898,22.0571111111111
6,S007_blocked_s,blocked,899,22.0571111111111
6,S007_blocked_s,blocked,900,22.105444444444434
6,S007_blocked_s,blocked,901,22.105444444444434
6,S007_blocked_s,blocked,902,22.105444444444434
6,S007_blocked_s,blocked,903,22.105444444444434
6,S007_blocked_s,blocked,904,22.105444444444434
6,S007_blocked_s,blocked,905,22.145444444444454
6,S007_blocked_s,blocked,906,22.145444444444454
6,S007_blocked_s,blocked,907,22.145444444444454
6,S007_blocked_s,blocked,908,22.145444444444454
6,S007_blocked_s,blocked,909,22.145444444444454
6,S007_blocked_s,blocked,910,22.188777777777776
6,S007_blocked_s,blocked,911,22.188777777777776
6,S007_blocked_s,blocked,912,22.188777777777776
6,S007_blocked_s,blocked,913,22.188777777777776
6,S007_blocked_s,blocked,914,22.188777777777776
6,S007_blocked_s,blocked,915,22.24544444444445
6,S007_blocked_s,blocked,916,22.24544444444445
6,S007_blocked_s,blocked,917,22.24544444444445
6,S007_blocked_s,blocked,918,22.24544444444445
6,S007_blocked_s,blocked,919,22.24544444444445
6,S007_blocked_s,blocked,920,22.293777777777773
6,S007_blocked_s,blocked,921,22.293777777777773
6,S007_blocked_s,blocked,922,22.293777777777773
6,S007_blocked_s,blocked,923,22.293777777777773
6,S007_blocked_s,blocked,924,22.293777777777773
6,S007_blocked_s,blocked,925,22.338777777777775
6,S007_blocked_s,blocked,926,22.338777777777775
6,S007_blocked_s,blocked,927,22.338777777777775
6,S007_blocked_s,blocked,928,22.338777777777775
6,S007_blocked_s,blocked,929,22.338777777777775
6,S007_blocked_s,blocked,930,22.368777777777783
6,S007_blocked_s,blocked,931,22.368777777777783
6,S007_blocked_s,blocked,932,22.368777777777783
6,S007_blocked_s,blocked,933,22.368777777777783
6,S007_blocked_s,blocked,934,22.368777777777783
6,S007_blocked_s,blocked,935,22.405444444444445
6,S007_blocked_s,blocked,936,22.405444444444445
6,S007_blocked_s,blocked,937,22.405444444444445
6,S007_blocked_s,blocked,938,22.405444444444445
6,S007_blocked_s,blocked,939,22.405444444444445
6,S007_blocked_s,blocked,940,22.460444444444445
6,S007_blocked_s,blocked,941,22.460444444444445
6,S007_blocked_s,blocked,942,22.460444444444445
6,S007_blocked_s,blocked,943,22.460444444444445
6,S007_blocked_s,blocked,944,22.460444444444445
6,S007_blocked_s,blocked,945,22.502111111111116
6,S007_blocked_s,blocked,946,22.502111111111116
6,S007_blocked_s,blocked,947,22.502111111111116
6,S007_blocked_s,blocked,948,22.502111111111116
6,S007_blocked_s,blocked,949,22.502111111111116
6,S007_blocked_s,blocked,950,22.565444444444456
6,S007_blocked_s,blocked,951,22.565444444444456
6,S007_blocked_s,blocked,952,22.565444444444456
6,S007_blocked_s,blocked,953,22.565444444444456
6,S007_blocked_s,blocked,954,22.565444444444456
6,S007_blocked_s,blocked,955,22.615444444444453
6,S007_blocked_s,blocked,956,22.615444444444453
6,S007_blocked_s,blocked,957,22.615444444444453
6,S007_blocked_s,blocked,958,22.615444444444453
6,S007_blocked_s,blocked,959,22.615444444444453
6,S007_blocked_s,blocked,960,22.655444444444438
6,S007_blocked_s,blocked,961,22.655444444444438
6,S007_blocked_s,blocked,962,22.655444444444438
6,S007_blocked_s,blocked,963,22.655444444444438
6,S007_blocked_s,blocked,964,22.655444444444438
6,S007_blocked_s,blocked,965,22.700444444444454
6,S007_blocked_s,blocked,966,22.700444444444454
6,S007_blocked_s,blocked,967,22.700444444444454
6,S007_blocked_s,blocked,968,22.700444444444454
6,S007_blocked_s,blocked,969,22.700444444444454
6,S007_blocked_s,blocked,970,22.752111111111116
6,S007_blocked_s,blocked,971,22.752111111111116
6,S007_blocked_s,blocked,972,22.752111111111116
6,S007_blocked_s,blocked,973,22.752111111111116
6,S007_blocked_s,blocked,974,22.752111111111116
6,S007_blocked_s,blocked,975,22.788777777777778
6,S007_blocked_s,blocked,976,22.788777777777778
6,S007_blocked_s,blocked,977,22.788777777777778
6,S007_blocked_s,blocked,978,22.788777777777778
6,S007_blocked_s,blocked,979,22.788777777777778
6,S007_blocked_s,blocked,980,22.83544444444445
6,S007_blocked_s,blocked,981,22.83544444444445
6,S007_blocked_s,blocked,982,22.83544444444445
6,S007_blocked_s,blocked,983,22.83544444444445
6,S007_blocked_s,blocked,984,22.83544444444445
6,S007_blocked_s,blocked,985,22.883777777777777
6,S007_blocked_s,blocked,986,22.883777777777777
6,S007_blocked_s,blocked,987,22.883777777777777
6,S007_blocked_s,blocked,988,22.883777777777777
6,S007_blocked_s,blocked,989,22.883777777777777
6,S007_blocked_s,blocked,990,22.930444444444444
6,S007_blocked_s,blocked,991,22.930444444444444
6,S007_blocked_s,blocked,992,22.930444444444444
6,S007_blocked_s,blocked,993,22.930444444444444
6,S007_blocked_s,blocked,994,22.930444444444444
6,S007_blocked_s,blocked,995,22.98544444444445
6,S007_blocked_s,blocked,996,22.98544444444445
6,S007_blocked_s,blocked,997,22.98544444444445
6,S007_blocked_s,blocked,998,22.98544444444445
6,S007_blocked_s,blocked,999,22.98544444444445
6,S007_blocked_s,blocked,1000,23.023777777777777
6,S007_blocked_s,blocked,1001,23.023777777777777
6,S007_blocked_s,blocked,1002,23.023777777777777
6,S007_blocked_s,blocked,1003,23.023777777777777
6,S007_blocked_s,blocked,1004,23.023777777777777
6,S007_blocked_s,blocked,1005,23.06211111111111
6,S007_blocked_s,blocked,1006,23.06211111111111
6,S007_blocked_s,blocked,1007,23.06211111111111
6,S007_blocked_s,blocked,1008,23.06211111111111
6,S007_blocked_s,blocked,1009,23.06211111111111
6,S007_blocked_s,blocked,1010,23.078777777777777
6,S007_blocked_s,blocked,1011,23.078777777777777
6,S007_blocked_s,blocked,1012,23.078777777777777
6,S007_blocked_s,blocked,1013,23.078777777777777
6,S007_blocked_s,blocked,1014,23.078777777777777
6,S007_blocked_s,blocked,1015,23.10211111111111
6,S007_blocked_s,blocked,1016,23.10211111111111
6,S007_blocked_s,blocked,1017,23.10211111111111
6,S007_blocked_s,blocked,1018,23.10211111111111
6,S007_blocked_s,blocked,1019,23.10211111111111
6,S007_blocked_s,blocked,1020,23.14044444444445
6,S007_blocked_s,blocked,1021,23.14044444444445
6,S007_blocked_s,blocked,1022,23.14044444444445
6,S007_blocked_s,blocked,1023,23.14044444444445
6,S007_blocked_s,blocked,1024,23.14044444444445
6,S007_blocked_s,blocked,1025,23.17544444444444
6,S007_blocked_s,blocked,1026,23.17544444444444
6,S007_blocked_s,blocked,1027,23.17544444444444
6,S007_blocked_s,blocked,1028,23.17544444444444
6,S007_blocked_s,blocked,1029,23.17544444444444
6,S007_blocked_s,blocked,1030,23.207111111111114
6,S007_blocked_s,blocked,1031,23.207111111111114
6,S007_blocked_s,blocked,1032,23.207111111111114
6,S007_blocked_s,blocked,1033,23.207111111111114
6,S007_blocked_s,blocked,1034,23.207111111111114
6,S007_blocked_s,blocked,1035,23.242111111111118
6,S007_blocked_s,blocked,1036,23.242111111111118
6,S007_blocked_s,blocked,1037,23.242111111111118
6,S007_blocked_s,blocked,1038,23.242111111111118
6,S007_blocked_s,blocked,1039,23.242111111111118
6,S007_blocked_s,blocked,1040,23.265444444444444
6,S007_blocked_s,blocked,1041,23.265444444444444
6,S007_blocked_s,blocked,1042,23.265444444444444
6,S007_blocked_s,blocked,1043,23.265444444444444
6,S007_blocked_s,blocked,1044,23.265444444444444
6,S007_blocked_s,blocked,1045,23.29377777777778
6,S007_blocked_s,blocked,1046,23.29377777777778
6,S007_blocked_s,blocked,1047,23.29377777777778
6,S007_blocked_s,blocked,1048,23.29377777777778
6,S007_blocked_s,blocked,1049,23.29377777777778
6,S007_blocked_s,blocked,1050,23.327111111111112
6,S007_blocked_s,blocked,1051,23.327111111111112
6,S007_blocked_s,blocked,1052,23.327111111111112
6,S007_blocked_s,blocked,1053,23.327111111111112
6,S007_blocked_s,blocked,1054,23.327111111111112
6,S007_blocked_s,blocked,1055,23.35211111111111
6,S007_blocked_s,blocked,1056,23.35211111111111
6,S007_blocked_s,blocked,1057,23.35211111111111
6,S007_blocked_s,blocked,1058,23.35211111111111
6,S007_blocked_s,blocked,1059,23.35211111111111
6,S007_blocked_s,blocked,1060,23.37877777777779
6,S007_blocked_s,blocked,1061,23.37877777777779
6,S007_blocked_s,blocked,1062,23.37877777777779
6,S007_blocked_s,blocked,1063,23.37877777777779
6,S007_blocked_s,blocked,1064,23.37877777777779
6,S007_blocked_s,blocked,1065,23.402111111111115
6,S007_blocked_s,blocked,1066,23.402111111111115
6,S007_blocked_s,blocked,1067,23.402111111111115
6,S007_blocked_s,blocked,1068,23.402111111111115
6,S007_blocked_s,blocked,1069,23.402111111111115
6,S007_blocked_s,blocked,1070,23.43377777777778
6,S007_blocked_s,blocked,1071,23.43377777777778
6,S007_blocked_s,blocked,1072,23.43377777777778
6,S007_blocked_s,blocked,1073,23.43377777777778
6,S007_blocked_s,blocked,1074,23.43377777777778
6,S007_blocked_s,blocked,1075,23.475444444444445
6,S007_blocked_s,blocked,1076,23.475444444444445
6,S007_blocked_s,blocked,1077,23.475444444444445
6,S007_blocked_s,blocked,1078,23.475444444444445
6,S007_blocked_s,blocked,1079,23.475444444444445
6,S007_blocked_s,blocked,1080,23.503777777777774
6,S007_blocked_s,blocked,1081,23.503777777777774
6,S007_blocked_s,blocked,1082,23.503777777777774
6,S007_blocked_s,blocked,1083,23.503777777777774
6,S007_blocked_s,blocked,1084,23.503777777777774
6,S007_blocked_s,blocked,1085,23.54544444444444
6,S007_blocked_s,blocked,1086,23.54544444444444
6,S007_blocked_s,blocked,1087,23.54544444444444
6,S007_blocked_s,blocked,1088,23.54544444444444
6,S007_blocked_s,blocked,1089,23.54544444444444
6,S007_blocked_s,blocked,1090,23.568777777777772
6,S007_blocked_s,blocked,1091,23.568777777777772
6,S007_blocked_s,blocked,1092,23.568777777777772
6,S007_blocked_s,blocked,1093,23.568777777777772
6,S007_blocked_s,blocked,1094,23.568777777777772
6,S007_blocked_s,blocked,1095,23.592111111111112
6,S007_blocked_s,blocked,1096,23.592111111111112
6,S007_blocked_s,blocked,1097,23.592111111111112
6,S007_blocked_s,blocked,1098,23.592111111111112
6,S007_blocked_s,blocked,1099,23.592111111111112
6,S007_blocked_s,blocked,1100,23.62877777777778
6,S007_blocked_s,blocked,1101,23.62877777777778
6,S007_blocked_s,blocked,1102,23.62877777777778
6,S007_blocked_s,blocked,1103,23.62877777777778
6,S007_blocked_s,blocked,1104,23.62877777777778
6,S007_blocked_s,blocked,1105,23.663777777777785
6,S007_blocked_s,blocked,1106,23.663777777777785
6,S007_blocked_s,blocked,1107,23.663777777777785
6,S007_blocked_s,blocked,1108,23.663777777777785
6,S007_blocked_s,blocked,1109,23.663777777777785
6,S007_blocked_s,blocked,1110,23.68544444444444
6,S007_blocked_s,blocked,1111,23.68544444444444
6,S007_blocked_s,blocked,1112,23.68544444444444
6,S007_blocked_s,blocked,1113,23.68544444444444
6,S007_blocked_s,blocked,1114,23.68544444444444
6,S007_blocked_s,blocked,1115,23.713777777777775
6,S007_blocked_s,blocked,1116,23.713777777777775
6,S007_blocked_s,blocked,1117,23.713777777777775
6,S007_blocked_s,blocked,1118,23.713777777777775
6,S007_blocked_s,blocked,1119,23.713777777777775
6,S007_blocked_s,blocked,1120,23.74211111111111
6,S007_blocked_s,blocked,1121,23.74211111111111
6,S007_blocked_s,blocked,1122,23.74211111111111
6,S007_blocked_s,blocked,1123,23.74211111111111
6,S007_blocked_s,blocked,1124,23.74211111111111
6,S007_blocked_s,blocked,1125,23.762111111111114
6,S007_blocked_s,blocked,1126,23.762111111111114
6,S007_blocked_s,blocked,1127,23.762111111111114
6,S007_blocked_s,blocked,1128,23.762111111111114
6,S007_blocked_s,blocked,1129,23.762111111111114
6,S007_blocked_s,blocked,1130,23.777111111111108
6,S007_blocked_s,blocked,1131,23.777111111111108
6,S007_blocked_s,blocked,1132,23.777111111111108
6,S007_blocked_s,blocked,1133,23.777111111111108
6,S007_blocked_s,blocked,1134,23.777111111111108
6,S007_blocked_s,blocked,1135,23.802111111111113
6,S007_blocked_s,blocked,1136,23.802111111111113
6,S007_blocked_s,blocked,1137,23.802111111111113
6,S007_blocked_s,blocked,1138,23.802111111111113
6,S007_blocked_s,blocked,1139,23.802111111111113
6,S007_blocked_s,blocked,1140,23.818777777777772
6,S007_blocked_s,blocked,1141,23.818777777777772
6,S007_blocked_s,blocked,1142,23.818777777777772
6,S007_blocked_s,blocked,1143,23.818777777777772
6,S007_blocked_s,blocked,1144,23.818777777777772
6,S007_blocked_s,blocked,1145,23.825444444444432
6,S007_blocked_s,blocked,1146,23.825444444444432
6,S007_blocked_s,blocked,1147,23.825444444444432
6,S007_blocked_s,blocked,1148,23.825444444444432
6,S007_blocked_s,blocked,1149,23.825444444444432
6,S007_blocked_s,blocked,1150,23.858777777777778
6,S007_blocked_s,blocked,1151,23.858777777777778
6,S007_blocked_s,blocked,1152,23.858777777777778
6,S007_blocked_s,blocked,1153,23.858777777777778
6,S007_blocked_s,blocked,1154,23.858777777777778
6,S007_blocked_s,blocked,1155,23.872111111111114
6,S007_blocked_s,blocked,1156,23.872111111111114
6,S007_blocked_s,blocked,1157,23.872111111111114
6,S007_blocked_s,blocked,1158,23.872111111111114
6,S007_blocked_s,blocked,1159,23.872111111111114
6,S007_blocked_s,blocked,1160,23.89044444444445
6,S007_blocked_s,blocked,1161,23.89044444444445
6,S007_blocked_s,blocked,1162,23.89044444444445
6,S007_blocked_s,blocked,1163,23.89044444444445
6,S007_blocked_s,blocked,1164,23.89044444444445
6,S007_blocked_s,blocked,1165,23.897111111111112
6,S007_blocked_s,blocked,1166,23.897111111111112
6,S007_blocked_s,blocked,1167,23.897111111111112
6,S007_blocked_s,blocked,1168,23.897111111111112
6,S007_blocked_s,blocked,1169,23.897111111111112
6,S007_blocked_s,blocked,1170,23.91877777777778
6,S007_blocked_s,blocked,1171,23.91877777777778
6,S007_blocked_s,blocked,1172,23.91877777777778
6,S007_blocked_s,blocked,1173,23.91877777777778
6,S007_blocked_s,blocked,1174,23.91877777777778
6,S007_blocked_s,blocked,1175,23.937111111111125
6,S007_blocked_s,blocked,1176,23.937111111111125
6,S007_blocked_s,blocked,1177,23.937111111111125
6,S007_blocked_s,blocked,1178,23.937111111111125
6,S007_blocked_s,blocked,1179,23.937111111111125
6,S007_blocked_s,blocked,1180,23.918777777777773
6,S007_blocked_s,blocked,1181,23.918777777777773
6,S007_blocked_s,blocked,1182,23.918777777777773
6,S007_blocked_s,blocked,1183,23.918777777777773
6,S007_blocked_s,blocked,1184,23.918777777777773
6,S007_blocked_s,blocked,1185,23.89544444444444
6,S007_blocked_s,blocked,1186,23.89544444444444
6,S007_blocked_s,blocked,1187,23.89544444444444
6,S007_blocked_s,blocked,1188,23.89544444444444
6,S007_blocked_s,blocked,1189,23.89544444444444
6,S007_blocked_s,blocked,1190,23.850444444444445
6,S007_blocked_s,blocked,1191,23.850444444444445
6,S007_blocked_s,blocked,1192,23.850444444444445
6,S007_blocked_s,blocked,1193,23.850444444444445
6,S007_blocked_s,blocked,1194,23.850444444444445
6,S007_blocked_s,blocked,1195,23.760444444444442
6,S007_blocked_s,blocked,1196,23.760444444444442
6,S007_blocked_s,blocked,1197,23.760444444444442
6,S007_blocked_s,blocked,1198,23.760444444444442
6,S007_blocked_s,blocked,1199,23.760444444444442
6,S007_blocked_s,blocked,1200,23.668777777777773
6,S007_blocked_s,blocked,1201,23.668777777777773
6,S007_blocked_s,blocked,1202,23.668777777777773
6,S007_blocked_s,blocked,1203,23.668777777777773
6,S007_blocked_s,blocked,1204,23.668777777777773
6,S007_blocked_s,blocked,1205,23.557111111111116
6,S007_blocked_s,blocked,1206,23.557111111111116
6,S007_blocked_s,blocked,1207,23.557111111111116
6,S007_blocked_s,blocked,1208,23.557111111111116
6,S007_blocked_s,blocked,1209,23.557111111111116
6,S007_blocked_s,blocked,1210,23.415444444444436
6,S007_blocked_s,blocked,1211,23.415444444444436
6,S007_blocked_s,blocked,1212,23.415444444444436
6,S007_blocked_s,blocked,1213,23.415444444444436
6,S007_blocked_s,blocked,1214,23.415444444444436
6,S007_blocked_s,blocked,1215,23.25711111111112
6,S007_blocked_s,blocked,1216,23.25711111111112
6,S007_blocked_s,blocked,1217,23.25711111111112
6,S007_blocked_s,blocked,1218,23.25711111111112
6,S007_blocked_s,blocked,1219,23.25711111111112
6,S007_blocked_s,blocked,1220,23.075444444444432
6,S007_blocked_s,blocked,1221,23.075444444444432
6,S007_blocked_s,blocked,1222,23.075444444444432
6,S007_blocked_s,blocked,1223,23.075444444444432
6,S007_blocked_s,blocked,1224,23.075444444444432
6,S007_blocked_s,blocked,1225,22.882111111111104
6,S007_blocked_s,blocked,1226,22.882111111111104
6,S007_blocked_s,blocked,1227,22.882111111111104
6,S007_blocked_s,blocked,1228,22.882111111111104
6,S007_blocked_s,blocked,1229,22.882111111111104
6,S007_blocked_s,blocked,1230,22.668777777777773
6,S007_blocked_s,blocked,1231,22.668777777777773
6,S007_blocked_s,blocked,1232,22.668777777777773
6,S007_blocked_s,blocked,1233,22.668777777777773
6,S007_blocked_s,blocked,1234,22.668777777777773
6,S007_blocked_s,blocked,1235,22.44044444444444
6,S007_blocked_s,blocked,1236,22.44044444444444
6,S007_blocked_s,blocked,1237,22.44044444444444
6,S007_blocked_s,blocked,1238,22.44044444444444
6,S007_blocked_s,blocked,1239,22.44044444444444
6,S007_blocked_s,blocked,1240,22.223777777777787
6,S007_blocked_s,blocked,1241,22.223777777777787
6,S007_blocked_s,blocked,1242,22.223777777777787
6,S007_blocked_s,blocked,1243,22.223777777777787
6,S007_blocked_s,blocked,1244,22.223777777777787
6,S007_blocked_s,blocked,1245,21.997111111111106
6,S007_blocked_s,blocked,1246,21.997111111111106
6,S007_blocked_s,blocked,1247,21.997111111111106
6,S007_blocked_s,blocked,1248,21.997111111111106
6,S007_blocked_s,blocked,1249,21.997111111111106
6,S007_blocked_s,blocked,1250,21.780444444444445
6,S007_blocked_s,blocked,1251,21.780444444444445
6,S007_blocked_s,blocked,1252,21.780444444444445
6,S007_blocked_s,blocked,1253,21.780444444444445
6,S007_blocked_s,blocked,1254,21.780444444444445
6,S007_blocked_s,blocked,1255,21.57544444444446
6,S007_blocked_s,blocked,1256,21.57544444444446
6,S007_blocked_s,blocked,1257,21.57544444444446
6,S007_blocked_s,blocked,1258,21.57544444444446
6,S007_blocked_s,blocked,1259,21.57544444444446
6,S007_blocked_s,blocked,1260,21.35211111111111
6,S007_blocked_s,blocked,1261,21.35211111111111
6,S007_blocked_s,blocked,1262,21.35211111111111
6,S007_blocked_s,blocked,1263,21.35211111111111
6,S007_blocked_s,blocked,1264,21.35211111111111
6,S007_blocked_s,blocked,1265,21.138777777777786
6,S007_blocked_s,blocked,1266,21.138777777777786
6,S007_blocked_s,blocked,1267,21.138777777777786
6,S007_blocked_s,blocked,1268,21.138777777777786
6,S007_blocked_s,blocked,1269,21.138777777777786
6,S007_blocked_s,blocked,1270,20.92044444444443
6,S007_blocked_s,blocked,1271,20.92044444444443
6,S007_blocked_s,blocked,1272,20.92044444444443
6,S007_blocked_s,blocked,1273,20.92044444444443
6,S007_blocked_s,blocked,1274,20.92044444444443
6,S007_blocked_s,blocked,1275,20.718777777777778
6,S007_blocked_s,blocked,1276,20.718777777777778
6,S007_blocked_s,blocked,1277,20.718777777777778
6,S007_blocked_s,blocked,1278,20.718777777777778
6,S007_blocked_s,blocked,1279,20.718777777777778
6,S007_blocked_s,blocked,1280,20.515444444444444
6,S007_blocked_s,blocked,1281,20.515444444444444
6,S007_blocked_s,blocked,1282,20.515444444444444
6,S007_blocked_s,blocked,1283,20.515444444444444
6,S007_blocked_s,blocked,1284,20.515444444444444
6,S007_blocked_s,blocked,1285,20.31377777777777
6,S007_blocked_s,blocked,1286,20.31377777777777
6,S007_blocked_s,blocked,1287,20.31377777777777
6,S007_blocked_s,blocked,1288,20.31377777777777
6,S007_blocked_s,blocked,1289,20.31377777777777
6,S007_blocked_s,blocked,1290,20.108777777777785
6,S007_blocked_s,blocked,1291,20.108777777777785
6,S007_blocked_s,blocked,1292,20.108777777777785
6,S007_blocked_s,blocked,1293,20.108777777777785
6,S007_blocked_s,blocked,1294,20.108777777777785
6,S007_blocked_s,blocked,1295,19.900444444444435
6,S007_blocked_s,blocked,1296,19.900444444444435
6,S007_blocked_s,blocked,1297,19.900444444444435
6,S007_blocked_s,blocked,1298,19.900444444444435
6,S007_blocked_s,blocked,1299,19.900444444444435
6,S007_blocked_s,blocked,1300,19.69877777777778
6,S007_blocked_s,blocked,1301,19.69877777777778
6,S007_blocked_s,blocked,1302,19.69877777777778
6,S007_blocked_s,blocked,1303,19.69877777777778
6,S007_blocked_s,blocked,1304,19.69877777777778
6,S007_blocked_s,blocked,1305,19.510444444444435
6,S007_blocked_s,blocked,1306,19.510444444444435
6,S007_blocked_s,blocked,1307,19.510444444444435
6,S007_blocked_s,blocked,1308,19.510444444444435
6,S007_blocked_s,blocked,1309,19.510444444444435
6,S007_blocked_s,blocked,1310,19.312111111111104
6,S007_blocked_s,blocked,1311,19.312111111111104
6,S007_blocked_s,blocked,1312,19.312111111111104
6,S007_blocked_s,blocked,1313,19.312111111111104
6,S007_blocked_s,blocked,1314,19.312111111111104
6,S007_blocked_s,blocked,1315,19.105444444444448
6,S007_blocked_s,blocked,1316,19.105444444444448
6,S007_blocked_s,blocked,1317,19.105444444444448
6,S007_blocked_s,blocked,1318,19.105444444444448
6,S007_blocked_s,blocked,1319,19.105444444444448
6,S007_blocked_s,blocked,1320,18.918777777777773
6,S007_blocked_s,blocked,1321,18.918777777777773
6,S007_blocked_s,blocked,1322,18.918777777777773
6,S007_blocked_s,blocked,1323,18.918777777777773
6,S007_blocked_s,blocked,1324,18.918777777777773
6,S007_blocked_s,blocked,1325,18.728777777777783
6,S007_blocked_s,blocked,1326,18.728777777777783
6,S007_blocked_s,blocked,1327,18.728777777777783
6,S007_blocked_s,blocked,1328,18.728777777777783
6,S007_blocked_s,blocked,1329,18.728777777777783
6,S007_blocked_s,blocked,1330,18.54544444444444
6,S007_blocked_s,blocked,1331,18.54544444444444
6,S007_blocked_s,blocked,1332,18.54544444444444
6,S007_blocked_s,blocked,1333,18.54544444444444
6,S007_blocked_s,blocked,1334,18.54544444444444
6,S007_blocked_s,blocked,1335,18.343777777777778
6,S007_blocked_s,blocked,1336,18.343777777777778
6,S007_blocked_s,blocked,1337,18.343777777777778
6,S007_blocked_s,blocked,1338,18.343777777777778
6,S007_blocked_s,blocked,1339,18.343777777777778
6,S007_blocked_s,blocked,1340,18.165444444444443
6,S007_blocked_s,blocked,1341,18.165444444444443
6,S007_blocked_s,blocked,1342,18.165444444444443
6,S007_blocked_s,blocked,1343,18.165444444444443
6,S007_blocked_s,blocked,1344,18.165444444444443
6,S007_blocked_s,blocked,1345,17.973777777777773
6,S007_blocked_s,blocked,1346,17.973777777777773
6,S007_blocked_s,blocked,1347,17.973777777777773
6,S007_blocked_s,blocked,1348,17.973777777777773
6,S007_blocked_s,blocked,1349,17.973777777777773
6,S007_blocked_s,blocked,1350,17.792111111111108
6,S007_blocked_s,blocked,1351,17.792111111111108
6,S007_blocked_s,blocked,1352,17.792111111111108
6,S007_blocked_s,blocked,1353,17.792111111111108
6,S007_blocked_s,blocked,1354,17.792111111111108
6,S007_blocked_s,blocked,1355,17.613777777777774
6,S007_blocked_s,blocked,1356,17.613777777777774
6,S007_blocked_s,blocked,1357,17.613777777777774
6,S007_blocked_s,blocked,1358,17.613777777777774
6,S007_blocked_s,blocked,1359,17.613777777777774
6,S007_blocked_s,blocked,1360,17.43211111111111
6,S007_blocked_s,blocked,1361,17.43211111111111
6,S007_blocked_s,blocked,1362,17.43211111111111
6,S007_blocked_s,blocked,1363,17.43211111111111
6,S007_blocked_s,blocked,1364,17.43211111111111
6,S007_blocked_s,blocked,1365,17.243777777777776
6,S007_blocked_s,blocked,1366,17.243777777777776
6,S007_blocked_s,blocked,1367,17.243777777777776
6,S007_blocked_s,blocked,1368,17.243777777777776
6,S007_blocked_s,blocked,1369,17.243777777777776
6,S007_blocked_s,blocked,1370,17.07044444444446
6,S007_blocked_s,blocked,1371,17.07044444444446
6,S007_blocked_s,blocked,1372,17.07044444444446
6,S007_blocked_s,blocked,1373,17.07044444444446
6,S007_blocked_s,blocked,1374,17.07044444444446
6,S007_blocked_s,blocked,1375,16.893777777777768
6,S007_blocked_s,blocked,1376,16.893777777777768
6,S007_blocked_s,blocked,1377,16.893777777777768
6,S007_blocked_s,blocked,1378,16.893777777777768
6,S007_blocked_s,blocked,1379,16.893777777777768
6,S007_blocked_s,blocked,1380,16.728777777777776
6,S007_blocked_s,blocked,1381,16.728777777777776
6,S007_blocked_s,blocked,1382,16.728777777777776
6,S007_blocked_s,blocked,1383,16.728777777777776
6,S007_blocked_s,blocked,1384,16.728777777777776
6,S007_blocked_s,blocked,1385,16.552111111111113
6,S007_blocked_s,blocked,1386,16.552111111111113
6,S007_blocked_s,blocked,1387,16.552111111111113
6,S007_blocked_s,blocked,1388,16.552111111111113
6,S007_blocked_s,blocked,1389,16.552111111111113
6,S007_blocked_s,blocked,1390,16.38211111111111
6,S007_blocked_s,blocked,1391,16.38211111111111
6,S007_blocked_s,blocked,1392,16.38211111111111
6,S007_blocked_s,blocked,1393,16.38211111111111
6,S007_blocked_s,blocked,1394,16.38211111111111
6,S007_blocked_s,blocked,1395,16.232111111111113
6,S007_blocked_s,blocked,1396,16.232111111111113
6,S007_blocked_s,blocked,1397,16.232111111111113
6,S007_blocked_s,blocked,1398,16.232111111111113
6,S007_blocked_s,blocked,1399,16.232111111111113
6,S007_blocked_s,blocked,1400,16.06544444444444
6,S007_blocked_s,blocked,1401,16.06544444444444
6,S007_blocked_s,blocked,1402,16.06544444444444
6,S007_blocked_s,blocked,1403,16.06544444444444
6,S007_blocked_s,blocked,1404,16.06544444444444
6,S007_blocked_s,blocked,1405,15.900444444444442
6,S007_blocked_s,blocked,1406,15.900444444444442
6,S007_blocked_s,blocked,1407,15.900444444444442
6,S007_blocked_s,blocked,1408,15.900444444444442
6,S007_blocked_s,blocked,1409,15.900444444444442
6,S007_blocked_s,blocked,1410,15.72711111111111
6,S007_blocked_s,blocked,1411,15.72711111111111
6,S007_blocked_s,blocked,1412,15.72711111111111
6,S007_blocked_s,blocked,1413,15.72711111111111
6,S007_blocked_s,blocked,1414,15.72711111111111
6,S007_blocked_s,blocked,1415,15.565444444444442
6,S007_blocked_s,blocked,1416,15.565444444444442
6,S007_blocked_s,blocked,1417,15.565444444444442
6,S007_blocked_s,blocked,1418,15.565444444444442
6,S007_blocked_s,blocked,1419,15.565444444444442
6,S007_blocked_s,blocked,1420,15.410444444444455
6,S007_blocked_s,blocked,1421,15.410444444444455
6,S007_blocked_s,blocked,1422,15.410444444444455
6,S007_blocked_s,blocked,1423,15.410444444444455
6,S007_blocked_s,blocked,1424,15.410444444444455
6,S007_blocked_s,blocked,1425,15.257111111111104
6,S007_blocked_s,blocked,1426,15.257111111111104
6,S007_blocked_s,blocked,1427,15.257111111111104
6,S007_blocked_s,blocked,1428,15.257111111111104
6,S007_blocked_s,blocked,1429,15.257111111111104
6,S007_blocked_s,blocked,1430,15.110444444444443
6,S007_blocked_s,blocked,1431,15.110444444444443
6,S007_blocked_s,blocked,1432,15.110444444444443
6,S007_blocked_s,blocked,1433,15.110444444444443
6,S007_blocked_s,blocked,1434,15.110444444444443
6,S007_blocked_s,blocked,1435,14.970444444444443
6,S007_blocked_s,blocked,1436,14.970444444444443
6,S007_blocked_s,blocked,1437,14.970444444444443
6,S007_blocked_s,blocked,1438,14.970444444444443
6,S007_blocked_s,blocked,1439,14.970444444444443
6,S007_blocked_s,blocked,1440,14.820444444444458
6,S007_blocked_s,blocked,1441,14.820444444444458
6,S007_blocked_s,blocked,1442,14.820444444444458
6,S007_blocked_s,blocked,1443,14.820444444444458
6,S007_blocked_s,blocked,1444,14.820444444444458
6,S007_blocked_s,blocked,1445,14.670444444444431
6,S007_blocked_s,blocked,1446,14.670444444444431
6,S007_blocked_s,blocked,1447,14.670444444444431
6,S007_blocked_s,blocked,1448,14.670444444444431
6,S007_blocked_s,blocked,1449,14.670444444444431
6,S007_blocked_s,blocked,1450,14.518777777777775
6,S007_blocked_s,blocked,1451,14.518777777777775
6,S007_blocked_s,blocked,1452,14.518777777777775
6,S007_blocked_s,blocked,1453,14.518777777777775
6,S007_blocked_s,blocked,1454,14.518777777777775
6,S007_blocked_s,blocked,1455,14.368777777777776
6,S007_blocked_s,blocked,1456,14.368777777777776
6,S007_blocked_s,blocked,1457,14.368777777777776
6,S007_blocked_s,blocked,1458,14.368777777777776
6,S007_blocked_s,blocked,1459,14.368777777777776
6,S007_blocked_s,blocked,1460,14.22377777777778
6,S007_blocked_s,blocked,1461,14.22377777777778
6,S007_blocked_s,blocked,1462,14.22377777777778
6,S007_blocked_s,blocked,1463,14.22377777777778
6,S007_blocked_s,blocked,1464,14.22377777777778
6,S007_blocked_s,blocked,1465,14.088777777777775
6,S007_blocked_s,blocked,1466,14.088777777777775
6,S007_blocked_s,blocked,1467,14.088777777777775
6,S007_blocked_s,blocked,1468,14.088777777777775
6,S007_blocked_s,blocked,1469,14.088777777777775
6,S007_blocked_s,blocked,1470,14.088777777777775
6,S007_blocked_s,blocked,1471,14.088777777777775
6,S007_blocked_s,blocked,1472,14.088777777777775
6,S007_blocked_s,blocked,1473,14.088777777777775
6,S007_blocked_s,blocked,1474,14.088777777777775
6,S007_blocked_s,blocked,1475,14.088777777777775
6,S007_blocked_s,blocked,1476,14.088777777777775
6,S007_blocked_s,blocked,1477,14.088777777777775
6,S007_blocked_s,blocked,1478,14.088777777777775
6,S007_blocked_s,blocked,1479,14.088777777777775
6,S007_blocked_s,blocked,1480,14.088777777777775
6,S007_blocked_s,blocked,1481,14.088777777777775
6,S007_blocked_s,blocked,1482,14.088777777777775
6,S007_blocked_s,blocked,1483,14.088777777777775
6,S007_blocked_s,blocked,1484,14.088777777777775
6,S007_blocked_s,blocked,1485,14.088777777777775
6,S007_blocked_s,blocked,1486,14.088777777777775
6,S007_blocked_s,blocked,1487,14.088777777777775
6,S007_blocked_s,blocked,1488,14.088777777777775
6,S007_blocked_s,blocked,1489,14.088777777777775
6,S007_blocked_s,blocked,1490,14.088777777777775
6,S007_blocked_s,blocked,1491,14.088777777777775
6,S007_blocked_s,blocked,1492,14.088777777777775
6,S007_blocked_s,blocked,1493,14.088777777777775
6,S007_blocked_s,blocked,1494,14.088777777777775
6,S007_blocked_s,blocked,1495,14.088777777777775
6,S007_blocked_s,blocked,1496,14.088777777777775
6,S007_blocked_s,blocked,1497,14.088777777777775
6,S007_blocked_s,blocked,1498,14.088777777777775
6,S007_blocked_s,blocked,1499,14.088777777777775
7,S008_blocked_s,blocked,0,0.0
7,S008_blocked_s,blocked,1,0.0
7,S008_blocked_s,blocked,2,0.0
7,S008_blocked_s,blocked,3,0.0
7,S008_blocked_s,blocked,4,0.0
7,S008_blocked_s,blocked,5,0.0
7,S008_blocked_s,blocked,6,0.0
7,S008_blocked_s,blocked,7,0.0
7,S008_blocked_s,blocked,8,0.0
7,S008_blocked_s,blocked,9,0.0
7,S008_blocked_s,blocked,10,0.0
7,S008_blocked_s,blocked,11,0.0
7,S008_blocked_s,blocked,12,0.0
7,S008_blocked_s,blocked,13,0.0
7,S008_blocked_s,blocked,14,0.0
7,S008_blocked_s,blocked,15,0.0
7,S008_blocked_s,blocked,16,0.0
7,S008_blocked_s,blocked,17,0.0
7,S008_blocked_s,blocked,18,0.0
7,S008_blocked_s,blocked,19,0.0
7,S008_blocked_s,blocked,20,0.0
7,S008_blocked_s,blocked,21,0.0
7,S008_blocked_s,blocked,22,0.0
7,S008_blocked_s,blocked,23,0.0
7,S008_blocked_s,blocked,24,0.0
7,S008_blocked_s,blocked,25,0.0
7,S008_blocked_s,blocked,26,0.0
7,S008_blocked_s,blocked,27,0.0
7,S008_blocked_s,blocked,28,0.0
7,S008_blocked_s,blocked,29,0.0
7,S008_blocked_s,blocked,30,-0.09747222222221907
7,S008_blocked_s,blocked,31,-0.09747222222221907
7,S008_blocked_s,blocked,32,-0.09747222222221907
7,S008_blocked_s,blocked,33,-0.09747222222221907
7,S008_blocked_s,blocked,34,-0.09747222222221907
7,S008_blocked_s,blocked,35,-0.09913888888889133
7,S008_blocked_s,blocked,36,-0.09913888888889133
7,S008_blocked_s,blocked,37,-0.09913888888889133
7,S008_blocked_s,blocked,38,-0.09913888888889133
7,S008_blocked_s,blocked,39,-0.09913888888889133
7,S008_blocked_s,blocked,40,-0.08080555555555335
7,S008_blocked_s,blocked,41,-0.08080555555555335
7,S008_blocked_s,blocked,42,-0.08080555555555335
7,S008_blocked_s,blocked,43,-0.08080555555555335
7,S008_blocked_s,blocked,44,-0.08080555555555335
7,S008_blocked_s,blocked,45,-0.07080555555554824
7,S008_blocked_s,blocked,46,-0.07080555555554824
7,S008_blocked_s,blocked,47,-0.07080555555554824
7,S008_blocked_s,blocked,48,-0.07080555555554824
7,S008_blocked_s,blocked,49,-0.07080555555554824
7,S008_blocked_s,blocked,50,-0.08580555555555236
7,S008_blocked_s,blocked,51,-0.08580555555555236
7,S008_blocked_s,blocked,52,-0.08580555555555236
7,S008_blocked_s,blocked,53,-0.08580555555555236
7,S008_blocked_s,blocked,54,-0.08580555555555236
7,S008_blocked_s,blocked,55,-0.08580555555554525
7,S008_blocked_s,blocked,56,-0.08580555555554525
7,S008_blocked_s,blocked,57,-0.08580555555554525
7,S008_blocked_s,blocked,58,-0.08580555555554525
7,S008_blocked_s,blocked,59,-0.08580555555554525
7,S008_blocked_s,blocked,60,-0.08580555555554881
7,S008_blocked_s,blocked,61,-0.08580555555554881
7,S008_blocked_s,blocked,62,-0.08580555555554881
7,S008_blocked_s,blocked,63,-0.08580555555554881
7,S008_blocked_s,blocked,64,-0.08580555555554881
7,S008_blocked_s,blocked,65,-0.09247222222222007
7,S008_blocked_s,blocked,66,-0.09247222222222007
7,S008_blocked_s,blocked,67,-0.09247222222222007
7,S008_blocked_s,blocked,68,-0.09247222222222007
7,S008_blocked_s,blocked,69,-0.09247222222222007
7,S008_blocked_s,blocked,70,-0.09747222222221907
7,S008_blocked_s,blocked,71,-0.09747222222221907
7,S008_blocked_s,blocked,72,-0.09747222222221907
7,S008_blocked_s,blocked,73,-0.09747222222221907
7,S008_blocked_s,blocked,74,-0.09747222222221907
7,S008_blocked_s,blocked,75,-0.11080555555555449
7,S008_blocked_s,blocked,76,-0.11080555555555449
7,S008_blocked_s,blocked,77,-0.11080555555555449
7,S008_blocked_s,blocked,78,-0.11080555555555449
7,S008_blocked_s,blocked,79,-0.11080555555555449
7,S008_blocked_s,blocked,80,-0.09580555555555037
7,S008_blocked_s,blocked,81,-0.09580555555555037
7,S008_blocked_s,blocked,82,-0.09580555555555037
7,S008_blocked_s,blocked,83,-0.09580555555555037
7,S008_blocked_s,blocked,84,-0.09580555555555037
7,S008_blocked_s,blocked,85,-0.08413888888888721
7,S008_blocked_s,blocked,86,-0.08413888888888721
7,S008_blocked_s,blocked,87,-0.08413888888888721
7,S008_blocked_s,blocked,88,-0.08413888888888721
7,S008_blocked_s,blocked,89,-0.08413888888888721
7,S008_blocked_s,blocked,90,-0.07413888888888565
7,S008_blocked_s,blocked,91,-0.07413888888888565
7,S008_blocked_s,blocked,92,-0.07413888888888565
7,S008_blocked_s,blocked,93,-0.07413888888888565
7,S008_blocked_s,blocked,94,-0.07413888888888565
7,S008_blocked_s,blocked,95,-0.0808055555555498
7,S008_blocked_s,blocked,96,-0.0808055555555498
7,S008_blocked_s,blocked,97,-0.0808055555555498
7,S008_blocked_s,blocked,98,-0.0808055555555498
7,S008_blocked_s,blocked,99,-0.0808055555555498
7,S008_blocked_s,blocked,100,-0.09080555555554781
7,S008_blocked_s,blocked,101,-0.09080555555554781
7,S008_blocked_s,blocked,102,-0.09080555555554781
7,S008_blocked_s,blocked,103,-0.09080555555554781
7,S008_blocked_s,blocked,104,-0.09080555555554781
7,S008_blocked_s,blocked,105,-0.10080555555555648
7,S008_blocked_s,blocked,106,-0.10080555555555648
7,S008_blocked_s,blocked,107,-0.10080555555555648
7,S008_blocked_s,blocked,108,-0.10080555555555648
7,S008_blocked_s,blocked,109,-0.10080555555555648
7,S008_blocked_s,blocked,110,-0.09080555555555492
7,S008_blocked_s,blocked,111,-0.09080555555555492
7,S008_blocked_s,blocked,112,-0.09080555555555492
7,S008_blocked_s,blocked,113,-0.09080555555555492
7,S008_blocked_s,blocked,114,-0.09080555555555492
7,S008_blocked_s,blocked,115,-0.08413888888888721
7,S008_blocked_s,blocked,116,-0.08413888888888721
7,S008_blocked_s,blocked,117,-0.08413888888888721
7,S008_blocked_s,blocked,118,-0.08413888888888721
7,S008_blocked_s,blocked,119,-0.08413888888888721
7,S008_blocked_s,blocked,120,-0.09580555555555392
7,S008_blocked_s,blocked,121,-0.09580555555555392
7,S008_blocked_s,blocked,122,-0.09580555555555392
7,S008_blocked_s,blocked,123,-0.09580555555555392
7,S008_blocked_s,blocked,124,-0.09580555555555392
7,S008_blocked_s,blocked,125,-0.08913888888888266
7,S008_blocked_s,blocked,126,-0.08913888888888266
7,S008_blocked_s,blocked,127,-0.08913888888888266
7,S008_blocked_s,blocked,128,-0.08913888888888266
7,S008_blocked_s,blocked,129,-0.08913888888888266
7,S008_blocked_s,blocked,130,-0.08247222222221495
7,S008_blocked_s,blocked,131,-0.08247222222221495
7,S008_blocked_s,blocked,132,-0.08247222222221495
7,S008_blocked_s,blocked,133,-0.08247222222221495
7,S008_blocked_s,blocked,134,-0.08247222222221495
7,S008_blocked_s,blocked,135,-0.07580555555555435
7,S008_blocked_s,blocked,136,-0.07580555555555435
7,S008_blocked_s,blocked,137,-0.07580555555555435
7,S008_blocked_s,blocked,138,-0.07580555555555435
7,S008_blocked_s,blocked,139,-0.07580555555555435
7,S008_blocked_s,blocked,140,-0.08580555555554881
7,S008_blocked_s,blocked,141,-0.08580555555554881
7,S008_blocked_s,blocked,142,-0.08580555555554881
7,S008_blocked_s,blocked,143,-0.08580555555554881
7,S008_blocked_s,blocked,144,-0.08580555555554881
7,S008_blocked_s,blocked,145,-0.10247222222221453
7,S008_blocked_s,blocked,146,-0.10247222222221453
7,S008_blocked_s,blocked,147,-0.10247222222221453
7,S008_blocked_s,blocked,148,-0.10247222222221453
7,S008_blocked_s,blocked,149,-0.10247222222221453
7,S008_blocked_s,blocked,150,-0.1124722222222232
7,S008_blocked_s,blocked,151,-0.1124722222222232
7,S008_blocked_s,blocked,152,-0.1124722222222232
7,S008_blocked_s,blocked,153,-0.1124722222222232
7,S008_blocked_s,blocked,154,-0.1124722222222232
7,S008_blocked_s,blocked,155,-0.1224722222222212
7,S008_blocked_s,blocked,156,-0.1224722222222212
7,S008_blocked_s,blocked,157,-0.1224722222222212
7,S008_blocked_s,blocked,158,-0.1224722222222212
7,S008_blocked_s,blocked,159,-0.1224722222222212
7,S008_blocked_s,blocked,160,-0.11580555555554994
7,S008_blocked_s,blocked,161,-0.11580555555554994
7,S008_blocked_s,blocked,162,-0.11580555555554994
7,S008_blocked_s,blocked,163,-0.11580555555554994
7,S008_blocked_s,blocked,164,-0.11580555555554994
7,S008_blocked_s,blocked,165,-0.12413888888888636
7,S008_blocked_s,blocked,166,-0.12413888888888636
7,S008_blocked_s,blocked,167,-0.12413888888888636
7,S008_blocked_s,blocked,168,-0.12413888888888636
7,S008_blocked_s,blocked,169,-0.12413888888888636
7,S008_blocked_s,blocked,170,-0.11413888888888479
7,S008_blocked_s,blocked,171,-0.11413888888888479
7,S008_blocked_s,blocked,172,-0.11413888888888479
7,S008_blocked_s,blocked,173,-0.11413888888888479
7,S008_blocked_s,blocked,174,-0.11413888888888479
7,S008_blocked_s,blocked,175,-0.11747222222221865
7,S008_blocked_s,blocked,176,-0.11747222222221865
7,S008_blocked_s,blocked,177,-0.11747222222221865
7,S008_blocked_s,blocked,178,-0.11747222222221865
7,S008_blocked_s,blocked,179,-0.11747222222221865
7,S008_blocked_s,blocked,180,-0.1158055555555535
7,S008_blocked_s,blocked,181,-0.1158055555555535
7,S008_blocked_s,blocked,182,-0.1158055555555535
7,S008_blocked_s,blocked,183,-0.1158055555555535
7,S008_blocked_s,blocked,184,-0.1158055555555535
7,S008_blocked_s,blocked,185,-0.13247222222221566
7,S008_blocked_s,blocked,186,-0.13247222222221566
7,S008_blocked_s,blocked,187,-0.13247222222221566
7,S008_blocked_s,blocked,188,-0.13247222222221566
7,S008_blocked_s,blocked,189,-0.13247222222221566
7,S008_blocked_s,blocked,190,-0.12580555555555506
7,S008_blocked_s,blocked,191,-0.12580555555555506
7,S008_blocked_s,blocked,192,-0.12580555555555506
7,S008_blocked_s,blocked,193,-0.12580555555555506
7,S008_blocked_s,blocked,194,-0.12580555555555506
7,S008_blocked_s,blocked,195,-0.14913888888888138
7,S008_blocked_s,blocked,196,-0.14913888888888138
7,S008_blocked_s,blocked,197,-0.14913888888888138
7,S008_blocked_s,blocked,198,-0.14913888888888138
7,S008_blocked_s,blocked,199,-0.14913888888888138
7,S008_blocked_s,blocked,200,-0.16580555555555776
7,S008_blocked_s,blocked,201,-0.16580555555555776
7,S008_blocked_s,blocked,202,-0.16580555555555776
7,S008_blocked_s,blocked,203,-0.16580555555555776
7,S008_blocked_s,blocked,204,-0.16580555555555776
7,S008_blocked_s,blocked,205,-0.1691388888888845
7,S008_blocked_s,blocked,206,-0.1691388888888845
7,S008_blocked_s,blocked,207,-0.1691388888888845
7,S008_blocked_s,blocked,208,-0.1691388888888845
7,S008_blocked_s,blocked,209,-0.1691388888888845
7,S008_blocked_s,blocked,210,-0.15747222222222135
7,S008_blocked_s,blocked,211,-0.15747222222222135
7,S008_blocked_s,blocked,212,-0.15747222222222135
7,S008_blocked_s,blocked,213,-0.15747222222222135
7,S008_blocked_s,blocked,214,-0.15747222222222135
7,S008_blocked_s,blocked,215,-0.1541388888888875
7,S008_blocked_s,blocked,216,-0.1541388888888875
7,S008_blocked_s,blocked,217,-0.1541388888888875
7,S008_blocked_s,blocked,218,-0.1541388888888875
7,S008_blocked_s,blocked,219,-0.1541388888888875
7,S008_blocked_s,blocked,220,-0.1541388888888875
7,S008_blocked_s,blocked,221,-0.1541388888888875
7,S008_blocked_s,blocked,222,-0.1541388888888875
7,S008_blocked_s,blocked,223,-0.1541388888888875
7,S008_blocked_s,blocked,224,-0.1541388888888875
7,S008_blocked_s,blocked,225,-0.16580555555555065
7,S008_blocked_s,blocked,226,-0.16580555555555065
7,S008_blocked_s,blocked,227,-0.16580555555555065
7,S008_blocked_s,blocked,228,-0.16580555555555065
7,S008_blocked_s,blocked,229,-0.16580555555555065
7,S008_blocked_s,blocked,230,-0.17413888888888351
7,S008_blocked_s,blocked,231,-0.17413888888888351
7,S008_blocked_s,blocked,232,-0.17413888888888351
7,S008_blocked_s,blocked,233,-0.17413888888888351
7,S008_blocked_s,blocked,234,-0.17413888888888351
7,S008_blocked_s,blocked,235,-0.16747222222221936
7,S008_blocked_s,blocked,236,-0.16747222222221936
7,S008_blocked_s,blocked,237,-0.16747222222221936
7,S008_blocked_s,blocked,238,-0.16747222222221936
7,S008_blocked_s,blocked,239,-0.16747222222221936
7,S008_blocked_s,blocked,240,-0.14580555555555108
7,S008_blocked_s,blocked,241,-0.14580555555555108
7,S008_blocked_s,blocked,242,-0.14580555555555108
7,S008_blocked_s,blocked,243,-0.14580555555555108
7,S008_blocked_s,blocked,244,-0.14580555555555108
7,S008_blocked_s,blocked,245,-0.14413888888887882
7,S008_blocked_s,blocked,246,-0.14413888888887882
7,S008_blocked_s,blocked,247,-0.14413888888887882
7,S008_blocked_s,blocked,248,-0.14413888888887882
7,S008_blocked_s,blocked,249,-0.14413888888887882
7,S008_blocked_s,blocked,250,-0.1541388888888875
7,S008_blocked_s,blocked,251,-0.1541388888888875
7,S008_blocked_s,blocked,252,-0.1541388888888875
7,S008_blocked_s,blocked,253,-0.1541388888888875
7,S008_blocked_s,blocked,254,-0.1541388888888875
7,S008_blocked_s,blocked,255,-0.1658055555555542
7,S008_blocked_s,blocked,256,-0.1658055555555542
7,S008_blocked_s,blocked,257,-0.1658055555555542
7,S008_blocked_s,blocked,258,-0.1658055555555542
7,S008_blocked_s,blocked,259,-0.1658055555555542
7,S008_blocked_s,blocked,260,-0.1608055555555552
7,S008_blocked_s,blocked,261,-0.1608055555555552
7,S008_blocked_s,blocked,262,-0.1608055555555552
7,S008_blocked_s,blocked,263,-0.1608055555555552
7,S008_blocked_s,blocked,264,-0.1608055555555552
7,S008_blocked_s,blocked,265,-0.14913888888887783
7,S008_blocked_s,blocked,266,-0.14913888888887783
7,S008_blocked_s,blocked,267,-0.14913888888887783
7,S008_blocked_s,blocked,268,-0.14913888888887783
7,S008_blocked_s,blocked,269,-0.14913888888887783
7,S008_blocked_s,blocked,270,-0.17247222222222192
7,S008_blocked_s,blocked,271,-0.17247222222222192
7,S008_blocked_s,blocked,272,-0.17247222222222192
7,S008_blocked_s,blocked,273,-0.17247222222222192
7,S008_blocked_s,blocked,274,-0.17247222222222192
7,S008_blocked_s,blocked,275,-0.15580555555555264
7,S008_blocked_s,blocked,276,-0.15580555555555264
7,S008_blocked_s,blocked,277,-0.15580555555555264
7,S008_blocked_s,blocked,278,-0.15580555555555264
7,S008_blocked_s,blocked,279,-0.15580555555555264
7,S008_blocked_s,blocked,280,-0.11747222222221865
7,S008_blocked_s,blocked,281,-0.11747222222221865
7,S008_blocked_s,blocked,282,-0.11747222222221865
7,S008_blocked_s,blocked,283,-0.11747222222221865
7,S008_blocked_s,blocked,284,-0.11747222222221865
7,S008_blocked_s,blocked,285,-0.015805555555548523
7,S008_blocked_s,blocked,286,-0.015805555555548523
7,S008_blocked_s,blocked,287,-0.015805555555548523
7,S008_blocked_s,blocked,288,-0.015805555555548523
7,S008_blocked_s,blocked,289,-0.015805555555548523
7,S008_blocked_s,blocked,290,0.09752777777777766
7,S008_blocked_s,blocked,291,0.09752777777777766
7,S008_blocked_s,blocked,292,0.09752777777777766
7,S008_blocked_s,blocked,293,0.09752777777777766
7,S008_blocked_s,blocked,294,0.09752777777777766
7,S008_blocked_s,blocked,295,0.22752777777778377
7,S008_blocked_s,blocked,296,0.22752777777778377
7,S008_blocked_s,blocked,297,0.22752777777778377
7,S008_blocked_s,blocked,298,0.22752777777778377
7,S008_blocked_s,blocked,299,0.22752777777778377
7,S008_blocked_s,blocked,300,0.3758611111111101
7,S008_blocked_s,blocked,301,0.3758611111111101
7,S008_blocked_s,blocked,302,0.3758611111111101
7,S008_blocked_s,blocked,303,0.3758611111111101
7,S008_blocked_s,blocked,304,0.3758611111111101
7,S008_blocked_s,blocked,305,0.5458611111111189
7,S008_blocked_s,blocked,306,0.5458611111111189
7,S008_blocked_s,blocked,307,0.5458611111111189
7,S008_blocked_s,blocked,308,0.5458611111111189
7,S008_blocked_s,blocked,309,0.5458611111111189
7,S008_blocked_s,blocked,310,0.7741944444444471
7,S008_blocked_s,blocked,311,0.7741944444444471
7,S008_blocked_s,blocked,312,0.7741944444444471
7,S008_blocked_s,blocked,313,0.7741944444444471
7,S008_blocked_s,blocked,314,0.7741944444444471
7,S008_blocked_s,blocked,315,1.0541944444444482
7,S008_blocked_s,blocked,316,1.0541944444444482
7,S008_blocked_s,blocked,317,1.0541944444444482
7,S008_blocked_s,blocked,318,1.0541944444444482
7,S008_blocked_s,blocked,319,1.0541944444444482
7,S008_blocked_s,blocked,320,1.3391944444444412
7,S008_blocked_s,blocked,321,1.3391944444444412
7,S008_blocked_s,blocked,322,1.3391944444444412
7,S008_blocked_s,blocked,323,1.3391944444444412
7,S008_blocked_s,blocked,324,1.3391944444444412
7,S008_blocked_s,blocked,325,1.644194444444448
7,S008_blocked_s,blocked,326,1.644194444444448
7,S008_blocked_s,blocked,327,1.644194444444448
7,S008_blocked_s,blocked,328,1.644194444444448
7,S008_blocked_s,blocked,329,1.644194444444448
7,S008_blocked_s,blocked,330,1.9991944444444485
7,S008_blocked_s,blocked,331,1.9991944444444485
7,S008_blocked_s,blocked,332,1.9991944444444485
7,S008_blocked_s,blocked,333,1.9991944444444485
7,S008_blocked_s,blocked,334,1.9991944444444485
7,S008_blocked_s,blocked,335,2.349194444444443
7,S008_blocked_s,blocked,336,2.349194444444443
7,S008_blocked_s,blocked,337,2.349194444444443
7,S008_blocked_s,blocked,338,2.349194444444443
7,S008_blocked_s,blocked,339,2.349194444444443
7,S008_blocked_s,blocked,340,2.690861111111115
7,S008_blocked_s,blocked,341,2.690861111111115
7,S008_blocked_s,blocked,342,2.690861111111115
7,S008_blocked_s,blocked,343,2.690861111111115
7,S008_blocked_s,blocked,344,2.690861111111115
7,S008_blocked_s,blocked,345,3.034194444444452
7,S008_blocked_s,blocked,346,3.034194444444452
7,S008_blocked_s,blocked,347,3.034194444444452
7,S008_blocked_s,blocked,348,3.034194444444452
7,S008_blocked_s,blocked,349,3.034194444444452
7,S008_blocked_s,blocked,350,3.3641944444444505
7,S008_blocked_s,blocked,351,3.3641944444444505
7,S008_blocked_s,blocked,352,3.3641944444444505
7,S008_blocked_s,blocked,353,3.3641944444444505
7,S008_blocked_s,blocked,354,3.3641944444444505
7,S008_blocked_s,blocked,355,3.679194444444448
7,S008_blocked_s,blocked,356,3.679194444444448
7,S008_blocked_s,blocked,357,3.679194444444448
7,S008_blocked_s,blocked,358,3.679194444444448
7,S008_blocked_s,blocked,359,3.679194444444448
7,S008_blocked_s,blocked,360,4.010861111111115
7,S008_blocked_s,blocked,361,4.010861111111115
7,S008_blocked_s,blocked,362,4.010861111111115
7,S008_blocked_s,blocked,363,4.010861111111115
7,S008_blocked_s,blocked,364,4.010861111111115
7,S008_blocked_s,blocked,365,4.3541944444444525
7,S008_blocked_s,blocked,366,4.3541944444444525
7,S008_blocked_s,blocked,367,4.3541944444444525
7,S008_blocked_s,blocked,368,4.3541944444444525
7,S008_blocked_s,blocked,369,4.3541944444444525
7,S008_blocked_s,blocked,370,4.6808611111111205
7,S008_blocked_s,blocked,371,4.6808611111111205
7,S008_blocked_s,blocked,372,4.6808611111111205
7,S008_blocked_s,blocked,373,4.6808611111111205
7,S008_blocked_s,blocked,374,4.6808611111111205
7,S008_blocked_s,blocked,375,4.997527777777787
7,S008_blocked_s,blocked,376,4.997527777777787
7,S008_blocked_s,blocked,377,4.997527777777787
7,S008_blocked_s,blocked,378,4.997527777777787
7,S008_blocked_s,blocked,379,4.997527777777787
7,S008_blocked_s,blocked,380,5.309194444444451
7,S008_blocked_s,blocked,381,5.309194444444451
7,S008_blocked_s,blocked,382,5.309194444444451
7,S008_blocked_s,blocked,383,5.309194444444451
7,S008_blocked_s,blocked,384,5.309194444444451
7,S008_blocked_s,blocked,385,5.615861111111116
7,S008_blocked_s,blocked,386,5.615861111111116
7,S008_blocked_s,blocked,387,5.615861111111116
7,S008_blocked_s,blocked,388,5.615861111111116
7,S008_blocked_s,blocked,389,5.615861111111116
7,S008_blocked_s,blocked,390,5.9125277777777825
7,S008_blocked_s,blocked,391,5.9125277777777825
7,S008_blocked_s,blocked,392,5.9125277777777825
7,S008_blocked_s,blocked,393,5.9125277777777825
7,S008_blocked_s,blocked,394,5.9125277777777825
7,S008_blocked_s,blocked,395,6.20419444444445
7,S008_blocked_s,blocked,396,6.20419444444445
7,S008_blocked_s,blocked,397,6.20419444444445
7,S008_blocked_s,blocked,398,6.20419444444445
7,S008_blocked_s,blocked,399,6.20419444444445
7,S008_blocked_s,blocked,400,6.497527777777783
7,S008_blocked_s,blocked,401,6.497527777777783
7,S008_blocked_s,blocked,402,6.497527777777783
7,S008_blocked_s,blocked,403,6.497527777777783
7,S008_blocked_s,blocked,404,6.497527777777783
7,S008_blocked_s,blocked,405,6.78252777777778
7,S008_blocked_s,blocked,406,6.78252777777778
7,S008_blocked_s,blocked,407,6.78252777777778
7,S008_blocked_s,blocked,408,6.78252777777778
7,S008_blocked_s,blocked,409,6.78252777777778
7,S008_blocked_s,blocked,410,7.050861111111114
7,S008_blocked_s,blocked,411,7.050861111111114
7,S008_blocked_s,blocked,412,7.050861111111114
7,S008_blocked_s,blocked,413,7.050861111111114
7,S008_blocked_s,blocked,414,7.050861111111114
7,S008_blocked_s,blocked,415,7.33752777777778
7,S008_blocked_s,blocked,416,7.33752777777778
7,S008_blocked_s,blocked,417,7.33752777777778
7,S008_blocked_s,blocked,418,7.33752777777778
7,S008_blocked_s,blocked,419,7.33752777777778
7,S008_blocked_s,blocked,420,7.607527777777783
7,S008_blocked_s,blocked,421,7.607527777777783
7,S008_blocked_s,blocked,422,7.607527777777783
7,S008_blocked_s,blocked,423,7.607527777777783
7,S008_blocked_s,blocked,424,7.607527777777783
7,S008_blocked_s,blocked,425,7.8841944444444465
7,S008_blocked_s,blocked,426,7.8841944444444465
7,S008_blocked_s,blocked,427,7.8841944444444465
7,S008_blocked_s,blocked,428,7.8841944444444465
7,S008_blocked_s,blocked,429,7.8841944444444465
7,S008_blocked_s,blocked,430,8.120861111111115
7,S008_blocked_s,blocked,431,8.120861111111115
7,S008_blocked_s,blocked,432,8.120861111111115
7,S008_blocked_s,blocked,433,8.120861111111115
7,S008_blocked_s,blocked,434,8.120861111111115
7,S008_blocked_s,blocked,435,8.367527777777784
7,S008_blocked_s,blocked,436,8.367527777777784
7,S008_blocked_s,blocked,437,8.367527777777784
7,S008_blocked_s,blocked,438,8.367527777777784
7,S008_blocked_s,blocked,439,8.367527777777784
7,S008_blocked_s,blocked,440,8.635861111111119
7,S008_blocked_s,blocked,441,8.635861111111119
7,S008_blocked_s,blocked,442,8.635861111111119
7,S008_blocked_s,blocked,443,8.635861111111119
7,S008_blocked_s,blocked,444,8.635861111111119
7,S008_blocked_s,blocked,445,8.887527777777777
7,S008_blocked_s,blocked,446,8.887527777777777
7,S008_blocked_s,blocked,447,8.887527777777777
7,S008_blocked_s,blocked,448,8.887527777777777
7,S008_blocked_s,blocked,449,8.887527777777777
7,S008_blocked_s,blocked,450,9.110861111111117
7,S008_blocked_s,blocked,451,9.110861111111117
7,S008_blocked_s,blocked,452,9.110861111111117
7,S008_blocked_s,blocked,453,9.110861111111117
7,S008_blocked_s,blocked,454,9.110861111111117
7,S008_blocked_s,blocked,455,9.362527777777782
7,S008_blocked_s,blocked,456,9.362527777777782
7,S008_blocked_s,blocked,457,9.362527777777782
7,S008_blocked_s,blocked,458,9.362527777777782
7,S008_blocked_s,blocked,459,9.362527777777782
7,S008_blocked_s,blocked,460,9.627527777777782
7,S008_blocked_s,blocked,461,9.627527777777782
7,S008_blocked_s,blocked,462,9.627527777777782
7,S008_blocked_s,blocked,463,9.627527777777782
7,S008_blocked_s,blocked,464,9.627527777777782
7,S008_blocked_s,blocked,465,9.859194444444444
7,S008_blocked_s,blocked,466,9.859194444444444
7,S008_blocked_s,blocked,467,9.859194444444444
7,S008_blocked_s,blocked,468,9.859194444444444
7,S008_blocked_s,blocked,469,9.859194444444444
7,S008_blocked_s,blocked,470,10.12586111111111
7,S008_blocked_s,blocked,471,10.12586111111111
7,S008_blocked_s,blocked,472,10.12586111111111
7,S008_blocked_s,blocked,473,10.12586111111111
7,S008_blocked_s,blocked,474,10.12586111111111
7,S008_blocked_s,blocked,475,10.379194444444447
7,S008_blocked_s,blocked,476,10.379194444444447
7,S008_blocked_s,blocked,477,10.379194444444447
7,S008_blocked_s,blocked,478,10.379194444444447
7,S008_blocked_s,blocked,479,10.379194444444447
7,S008_blocked_s,blocked,480,10.617527777777777
7,S008_blocked_s,blocked,481,10.617527777777777
7,S008_blocked_s,blocked,482,10.617527777777777
7,S008_blocked_s,blocked,483,10.617527777777777
7,S008_blocked_s,blocked,484,10.617527777777777
7,S008_blocked_s,blocked,485,10.850861111111119
7,S008_blocked_s,blocked,486,10.850861111111119
7,S008_blocked_s,blocked,487,10.850861111111119
7,S008_blocked_s,blocked,488,10.850861111111119
7,S008_blocked_s,blocked,489,10.850861111111119
7,S008_blocked_s,blocked,490,11.094194444444444
7,S008_blocked_s,blocked,491,11.094194444444444
7,S008_blocked_s,blocked,492,11.094194444444444
7,S008_blocked_s,blocked,493,11.094194444444444
7,S008_blocked_s,blocked,494,11.094194444444444
7,S008_blocked_s,blocked,495,11.309194444444454
7,S008_blocked_s,blocked,496,11.309194444444454
7,S008_blocked_s,blocked,497,11.309194444444454
7,S008_blocked_s,blocked,498,11.309194444444454
7,S008_blocked_s,blocked,499,11.309194444444454
7,S008_blocked_s,blocked,500,11.525861111111116
7,S008_blocked_s,blocked,501,11.525861111111116
7,S008_blocked_s,blocked,502,11.525861111111116
7,S008_blocked_s,blocked,503,11.525861111111116
7,S008_blocked_s,blocked,504,11.525861111111116
7,S008_blocked_s,blocked,505,11.740861111111112
7,S008_blocked_s,blocked,506,11.740861111111112
7,S008_blocked_s,blocked,507,11.740861111111112
7,S008_blocked_s,blocked,508,11.740861111111112
7,S008_blocked_s,blocked,509,11.740861111111112
7,S008_blocked_s,blocked,510,11.984194444444444
7,S008_blocked_s,blocked,511,11.984194444444444
7,S008_blocked_s,blocked,512,11.984194444444444
7,S008_blocked_s,blocked,513,11.984194444444444
7,S008_blocked_s,blocked,514,11.984194444444444
7,S008_blocked_s,blocked,515,12.20419444444445
7,S008_blocked_s,blocked,516,12.20419444444445
7,S008_blocked_s,blocked,517,12.20419444444445
7,S008_blocked_s,blocked,518,12.20419444444445
7,S008_blocked_s,blocked,519,12.20419444444445
7,S008_blocked_s,blocked,520,12.39586111111112
7,S008_blocked_s,blocked,521,12.39586111111112
7,S008_blocked_s,blocked,522,12.39586111111112
7,S008_blocked_s,blocked,523,12.39586111111112
7,S008_blocked_s,blocked,524,12.39586111111112
7,S008_blocked_s,blocked,525,12.617527777777777
7,S008_blocked_s,blocked,526,12.617527777777777
7,S008_blocked_s,blocked,527,12.617527777777777
7,S008_blocked_s,blocked,528,12.617527777777777
7,S008_blocked_s,blocked,529,12.617527777777777
7,S008_blocked_s,blocked,530,12.824194444444448
7,S008_blocked_s,blocked,531,12.824194444444448
7,S008_blocked_s,blocked,532,12.824194444444448
7,S008_blocked_s,blocked,533,12.824194444444448
7,S008_blocked_s,blocked,534,12.824194444444448
7,S008_blocked_s,blocked,535,13.014194444444446
7,S008_blocked_s,blocked,536,13.014194444444446
7,S008_blocked_s,blocked,537,13.014194444444446
7,S008_blocked_s,blocked,538,13.014194444444446
7,S008_blocked_s,blocked,539,13.014194444444446
7,S008_blocked_s,blocked,540,13.217527777777779
7,S008_blocked_s,blocked,541,13.217527777777779
7,S008_blocked_s,blocked,542,13.217527777777779
7,S008_blocked_s,blocked,543,13.217527777777779
7,S008_blocked_s,blocked,544,13.217527777777779
7,S008_blocked_s,blocked,545,13.429194444444445
7,S008_blocked_s,blocked,546,13.429194444444445
7,S008_blocked_s,blocked,547,13.429194444444445
7,S008_blocked_s,blocked,548,13.429194444444445
7,S008_blocked_s,blocked,549,13.429194444444445
7,S008_blocked_s,blocked,550,13.635861111111122
7,S008_blocked_s,blocked,551,13.635861111111122
7,S008_blocked_s,blocked,552,13.635861111111122
7,S008_blocked_s,blocked,553,13.635861111111122
7,S008_blocked_s,blocked,554,13.635861111111122
7,S008_blocked_s,blocked,555,13.850861111111112
7,S008_blocked_s,blocked,556,13.850861111111112
7,S008_blocked_s,blocked,557,13.850861111111112
7,S008_blocked_s,blocked,558,13.850861111111112
7,S008_blocked_s,blocked,559,13.850861111111112
7,S008_blocked_s,blocked,560,14.02919444444446
7,S008_blocked_s,blocked,561,14.02919444444446
7,S008_blocked_s,blocked,562,14.02919444444446
7,S008_blocked_s,blocked,563,14.02919444444446
7,S008_blocked_s,blocked,564,14.02919444444446
7,S008_blocked_s,blocked,565,14.212527777777776
7,S008_blocked_s,blocked,566,14.212527777777776
7,S008_blocked_s,blocked,567,14.212527777777776
7,S008_blocked_s,blocked,568,14.212527777777776
7,S008_blocked_s,blocked,569,14.212527777777776
7,S008_blocked_s,blocked,570,14.39586111111112
7,S008_blocked_s,blocked,571,14.39586111111112
7,S008_blocked_s,blocked,572,14.39586111111112
7,S008_blocked_s,blocked,573,14.39586111111112
7,S008_blocked_s,blocked,574,14.39586111111112
7,S008_blocked_s,blocked,575,14.575861111111113
7,S008_blocked_s,blocked,576,14.575861111111113
7,S008_blocked_s,blocked,577,14.575861111111113
7,S008_blocked_s,blocked,578,14.575861111111113
7,S008_blocked_s,blocked,579,14.575861111111113
7,S008_blocked_s,blocked,580,14.760861111111122
7,S008_blocked_s,blocked,581,14.760861111111122
7,S008_blocked_s,blocked,582,14.760861111111122
7,S008_blocked_s,blocked,583,14.760861111111122
7,S008_blocked_s,blocked,584,14.760861111111122
7,S008_blocked_s,blocked,585,14.927527777777787
7,S008_blocked_s,blocked,586,14.927527777777787
7,S008_blocked_s,blocked,587,14.927527777777787
7,S008_blocked_s,blocked,588,14.927527777777787
7,S008_blocked_s,blocked,589,14.927527777777787
7,S008_blocked_s,blocked,590,15.087527777777783
7,S008_blocked_s,blocked,591,15.087527777777783
7,S008_blocked_s,blocked,592,15.087527777777783
7,S008_blocked_s,blocked,593,15.087527777777783
7,S008_blocked_s,blocked,594,15.087527777777783
7,S008_blocked_s,blocked,595,15.25919444444445
7,S008_blocked_s,blocked,596,15.25919444444445
7,S008_blocked_s,blocked,597,15.25919444444445
7,S008_blocked_s,blocked,598,15.25919444444445
7,S008_blocked_s,blocked,599,15.25919444444445
7,S008_blocked_s,blocked,600,15.417527777777781
7,S008_blocked_s,blocked,601,15.417527777777781
7,S008_blocked_s,blocked,602,15.417527777777781
7,S008_blocked_s,blocked,603,15.417527777777781
7,S008_blocked_s,blocked,604,15.417527777777781
7,S008_blocked_s,blocked,605,15.565861111111108
7,S008_blocked_s,blocked,606,15.565861111111108
7,S008_blocked_s,blocked,607,15.565861111111108
7,S008_blocked_s,blocked,608,15.565861111111108
7,S008_blocked_s,blocked,609,15.565861111111108
7,S008_blocked_s,blocked,610,15.725861111111119
7,S008_blocked_s,blocked,611,15.725861111111119
7,S008_blocked_s,blocked,612,15.725861111111119
7,S008_blocked_s,blocked,613,15.725861111111119
7,S008_blocked_s,blocked,614,15.725861111111119
7,S008_blocked_s,blocked,615,15.87419444444446
7,S008_blocked_s,blocked,616,15.87419444444446
7,S008_blocked_s,blocked,617,15.87419444444446
7,S008_blocked_s,blocked,618,15.87419444444446
7,S008_blocked_s,blocked,619,15.87419444444446
7,S008_blocked_s,blocked,620,16.047527777777777
7,S008_blocked_s,blocked,621,16.047527777777777
7,S008_blocked_s,blocked,622,16.047527777777777
7,S008_blocked_s,blocked,623,16.047527777777777
7,S008_blocked_s,blocked,624,16.047527777777777
7,S008_blocked_s,blocked,625,16.21252777777779
7,S008_blocked_s,blocked,626,16.21252777777779
7,S008_blocked_s,blocked,627,16.21252777777779
7,S008_blocked_s,blocked,628,16.21252777777779
7,S008_blocked_s,blocked,629,16.21252777777779
7,S008_blocked_s,blocked,630,16.362527777777775
7,S008_blocked_s,blocked,631,16.362527777777775
7,S008_blocked_s,blocked,632,16.362527777777775
7,S008_blocked_s,blocked,633,16.362527777777775
7,S008_blocked_s,blocked,634,16.362527777777775
7,S008_blocked_s,blocked,635,16.50586111111112
7,S008_blocked_s,blocked,636,16.50586111111112
7,S008_blocked_s,blocked,637,16.50586111111112
7,S008_blocked_s,blocked,638,16.50586111111112
7,S008_blocked_s,blocked,639,16.50586111111112
7,S008_blocked_s,blocked,640,16.66252777777778
7,S008_blocked_s,blocked,641,16.66252777777778
7,S008_blocked_s,blocked,642,16.66252777777778
7,S008_blocked_s,blocked,643,16.66252777777778
7,S008_blocked_s,blocked,644,16.66252777777778
7,S008_blocked_s,blocked,645,16.797527777777784
7,S008_blocked_s,blocked,646,16.797527777777784
7,S008_blocked_s,blocked,647,16.797527777777784
7,S008_blocked_s,blocked,648,16.797527777777784
7,S008_blocked_s,blocked,649,16.797527777777784
7,S008_blocked_s,blocked,650,16.94919444444444
7,S008_blocked_s,blocked,651,16.94919444444444
7,S008_blocked_s,blocked,652,16.94919444444444
7,S008_blocked_s,blocked,653,16.94919444444444
7,S008_blocked_s,blocked,654,16.94919444444444
7,S008_blocked_s,blocked,655,17.09419444444445
7,S008_blocked_s,blocked,656,17.09419444444445
7,S008_blocked_s,blocked,657,17.09419444444445
7,S008_blocked_s,blocked,658,17.09419444444445
7,S008_blocked_s,blocked,659,17.09419444444445
7,S008_blocked_s,blocked,660,17.239194444444447
7,S008_blocked_s,blocked,661,17.239194444444447
7,S008_blocked_s,blocked,662,17.239194444444447
7,S008_blocked_s,blocked,663,17.239194444444447
7,S008_blocked_s,blocked,664,17.239194444444447
7,S008_blocked_s,blocked,665,17.39252777777779
7,S008_blocked_s,blocked,666,17.39252777777779
7,S008_blocked_s,blocked,667,17.39252777777779
7,S008_blocked_s,blocked,668,17.39252777777779
7,S008_blocked_s,blocked,669,17.39252777777779
7,S008_blocked_s,blocked,670,17.52752777777778
7,S008_blocked_s,blocked,671,17.52752777777778
7,S008_blocked_s,blocked,672,17.52752777777778
7,S008_blocked_s,blocked,673,17.52752777777778
7,S008_blocked_s,blocked,674,17.52752777777778
7,S008_blocked_s,blocked,675,17.684194444444454
7,S008_blocked_s,blocked,676,17.684194444444454
7,S008_blocked_s,blocked,677,17.684194444444454
7,S008_blocked_s,blocked,678,17.684194444444454
7,S008_blocked_s,blocked,679,17.684194444444454
7,S008_blocked_s,blocked,680,17.82252777777779
7,S008_blocked_s,blocked,681,17.82252777777779
7,S008_blocked_s,blocked,682,17.82252777777779
7,S008_blocked_s,blocked,683,17.82252777777779
7,S008_blocked_s,blocked,684,17.82252777777779
7,S008_blocked_s,blocked,685,17.95752777777778
7,S008_blocked_s,blocked,686,17.95752777777778
7,S008_blocked_s,blocked,687,17.95752777777778
7,S008_blocked_s,blocked,688,17.95752777777778
7,S008_blocked_s,blocked,689,17.95752777777778
7,S008_blocked_s,blocked,690,18.090861111111114
7,S008_blocked_s,blocked,691,18.090861111111114
7,S008_blocked_s,blocked,692,18.090861111111114
7,S008_blocked_s,blocked,693,18.090861111111114
7,S008_blocked_s,blocked,694,18.090861111111114
7,S008_blocked_s,blocked,695,18.237527777777775
7,S008_blocked_s,blocked,696,18.237527777777775
7,S008_blocked_s,blocked,697,18.237527777777775
7,S008_blocked_s,blocked,698,18.237527777777775
7,S008_blocked_s,blocked,699,18.237527777777775
7,S008_blocked_s,blocked,700,18.367527777777777
7,S008_blocked_s,blocked,701,18.367527777777777
7,S008_blocked_s,blocked,702,18.367527777777777
7,S008_blocked_s,blocked,703,18.367527777777777
7,S008_blocked_s,blocked,704,18.367527777777777
7,S008_blocked_s,blocked,705,18.50086111111111
7,S008_blocked_s,blocked,706,18.50086111111111
7,S008_blocked_s,blocked,707,18.50086111111111
7,S008_blocked_s,blocked,708,18.50086111111111
7,S008_blocked_s,blocked,709,18.50086111111111
7,S008_blocked_s,blocked,710,18.627527777777775
7,S008_blocked_s,blocked,711,18.627527777777775
7,S008_blocked_s,blocked,712,18.627527777777775
7,S008_blocked_s,blocked,713,18.627527777777775
7,S008_blocked_s,blocked,714,18.627527777777775
7,S008_blocked_s,blocked,715,18.750861111111124
7,S008_blocked_s,blocked,716,18.750861111111124
7,S008_blocked_s,blocked,717,18.750861111111124
7,S008_blocked_s,blocked,718,18.750861111111124
7,S008_blocked_s,blocked,719,18.750861111111124
7,S008_blocked_s,blocked,720,18.87919444444444
7,S008_blocked_s,blocked,721,18.87919444444444
7,S008_blocked_s,blocked,722,18.87919444444444
7,S008_blocked_s,blocked,723,18.87919444444444
7,S008_blocked_s,blocked,724,18.87919444444444
7,S008_blocked_s,blocked,725,18.994194444444442
7,S008_blocked_s,blocked,726,18.994194444444442
7,S008_blocked_s,blocked,727,18.994194444444442
7,S008_blocked_s,blocked,728,18.994194444444442
7,S008_blocked_s,blocked,729,18.994194444444442
7,S008_blocked_s,blocked,730,19.104194444444442
7,S008_blocked_s,blocked,731,19.104194444444442
7,S008_blocked_s,blocked,732,19.104194444444442
7,S008_blocked_s,blocked,733,19.104194444444442
7,S008_blocked_s,blocked,734,19.104194444444442
7,S008_blocked_s,blocked,735,19.207527777777774
7,S008_blocked_s,blocked,736,19.207527777777774
7,S008_blocked_s,blocked,737,19.207527777777774
7,S008_blocked_s,blocked,738,19.207527777777774
7,S008_blocked_s,blocked,739,19.207527777777774
7,S008_blocked_s,blocked,740,19.309194444444447
7,S008_blocked_s,blocked,741,19.309194444444447
7,S008_blocked_s,blocked,742,19.309194444444447
7,S008_blocked_s,blocked,743,19.309194444444447
7,S008_blocked_s,blocked,744,19.309194444444447
7,S008_blocked_s,blocked,745,19.432527777777775
7,S008_blocked_s,blocked,746,19.432527777777775
7,S008_blocked_s,blocked,747,19.432527777777775
7,S008_blocked_s,blocked,748,19.432527777777775
7,S008_blocked_s,blocked,749,19.432527777777775
7,S008_blocked_s,blocked,750,19.549194444444442
7,S008_blocked_s,blocked,751,19.549194444444442
7,S008_blocked_s,blocked,752,19.549194444444442
7,S008_blocked_s,blocked,753,19.549194444444442
7,S008_blocked_s,blocked,754,19.549194444444442
7,S008_blocked_s,blocked,755,19.67252777777779
7,S008_blocked_s,blocked,756,19.67252777777779
7,S008_blocked_s,blocked,757,19.67252777777779
7,S008_blocked_s,blocked,758,19.67252777777779
7,S008_blocked_s,blocked,759,19.67252777777779
7,S008_blocked_s,blocked,760,19.784194444444456
7,S008_blocked_s,blocked,761,19.784194444444456
7,S008_blocked_s,blocked,762,19.784194444444456
7,S008_blocked_s,blocked,763,19.784194444444456
7,S008_blocked_s,blocked,764,19.784194444444456
7,S008_blocked_s,blocked,765,19.902527777777774
7,S008_blocked_s,blocked,766,19.902527777777774
7,S008_blocked_s,blocked,767,19.902527777777774
7,S008_blocked_s,blocked,768,19.902527777777774
7,S008_blocked_s,blocked,769,19.902527777777774
7,S008_blocked_s,blocked,770,20.000861111111124
7,S008_blocked_s,blocked,771,20.000861111111124
7,S008_blocked_s,blocked,772,20.000861111111124
7,S008_blocked_s,blocked,773,20.000861111111124
7,S008_blocked_s,blocked,774,20.000861111111124
7,S008_blocked_s,blocked,775,20.134194444444457
7,S008_blocked_s,blocked,776,20.134194444444457
7,S008_blocked_s,blocked,777,20.134194444444457
7,S008_blocked_s,blocked,778,20.134194444444457
7,S008_blocked_s,blocked,779,20.134194444444457
7,S008_blocked_s,blocked,780,20.242527777777777
7,S008_blocked_s,blocked,781,20.242527777777777
7,S008_blocked_s,blocked,782,20.242527777777777
7,S008_blocked_s,blocked,783,20.242527777777777
7,S008_blocked_s,blocked,784,20.242527777777777
7,S008_blocked_s,blocked,785,20.33586111111111
7,S008_blocked_s,blocked,786,20.33586111111111
7,S008_blocked_s,blocked,787,20.33586111111111
7,S008_blocked_s,blocked,788,20.33586111111111
7,S008_blocked_s,blocked,789,20.33586111111111
7,S008_blocked_s,blocked,790,20.442527777777787
7,S008_blocked_s,blocked,791,20.442527777777787
7,S008_blocked_s,blocked,792,20.442527777777787
7,S008_blocked_s,blocked,793,20.442527777777787
7,S008_blocked_s,blocked,794,20.442527777777787
7,S008_blocked_s,blocked,795,20.540861111111102
7,S008_blocked_s,blocked,796,20.540861111111102
7,S008_blocked_s,blocked,797,20.540861111111102
7,S008_blocked_s,blocked,798,20.540861111111102
7,S008_blocked_s,blocked,799,20.540861111111102
7,S008_blocked_s,blocked,800,20.640861111111118
7,S008_blocked_s,blocked,801,20.640861111111118
7,S008_blocked_s,blocked,802,20.640861111111118
7,S008_blocked_s,blocked,803,20.640861111111118
7,S008_blocked_s,blocked,804,20.640861111111118
7,S008_blocked_s,blocked,805,20.744194444444442
7,S008_blocked_s,blocked,806,20.744194444444442
7,S008_blocked_s,blocked,807,20.744194444444442
7,S008_blocked_s,blocked,808,20.744194444444442
7,S008_blocked_s,blocked,809,20.744194444444442
7,S008_blocked_s,blocked,810,20.84919444444444
7,S008_blocked_s,blocked,811,20.84919444444444
7,S008_blocked_s,blocked,812,20.84919444444444
7,S008_blocked_s,blocked,813,20.84919444444444
7,S008_blocked_s,blocked,814,20.84919444444444
7,S008_blocked_s,blocked,815,20.929194444444445
7,S008_blocked_s,blocked,816,20.929194444444445
7,S008_blocked_s,blocked,817,20.929194444444445
7,S008_blocked_s,blocked,818,20.929194444444445
7,S008_blocked_s,blocked,819,20.929194444444445
7,S008_blocked_s,blocked,820,21.020861111111113
7,S008_blocked_s,blocked,821,21.020861111111113
7,S008_blocked_s,blocked,822,21.020861111111113
7,S008_blocked_s,blocked,823,21.020861111111113
7,S008_blocked_s,blocked,824,21.020861111111113
7,S008_blocked_s,blocked,825,21.10419444444445
7,S008_blocked_s,blocked,826,21.10419444444445
7,S008_blocked_s,blocked,827,21.10419444444445
7,S008_blocked_s,blocked,828,21.10419444444445
7,S008_blocked_s,blocked,829,21.10419444444445
7,S008_blocked_s,blocked,830,21.200861111111113
7,S008_blocked_s,blocked,831,21.200861111111113
7,S008_blocked_s,blocked,832,21.200861111111113
7,S008_blocked_s,blocked,833,21.200861111111113
7,S008_blocked_s,blocked,834,21.200861111111113
7,S008_blocked_s,blocked,835,21.250861111111124
7,S008_blocked_s,blocked,836,21.250861111111124
7,S008_blocked_s,blocked,837,21.250861111111124
7,S008_blocked_s,blocked,838,21.250861111111124
7,S008_blocked_s,blocked,839,21.250861111111124
7,S008_blocked_s,blocked,840,21.322527777777783
7,S008_blocked_s,blocked,841,21.322527777777783
7,S008_blocked_s,blocked,842,21.322527777777783
7,S008_blocked_s,blocked,843,21.322527777777783
7,S008_blocked_s,blocked,844,21.322527777777783
7,S008_blocked_s,blocked,845,21.41752777777778
7,S008_blocked_s,blocked,846,21.41752777777778
7,S008_blocked_s,blocked,847,21.41752777777778
7,S008_blocked_s,blocked,848,21.41752777777778
7,S008_blocked_s,blocked,849,21.41752777777778
7,S008_blocked_s,blocked,850,21.504194444444433
7,S008_blocked_s,blocked,851,21.504194444444433
7,S008_blocked_s,blocked,852,21.504194444444433
7,S008_blocked_s,blocked,853,21.504194444444433
7,S008_blocked_s,blocked,854,21.504194444444433
7,S008_blocked_s,blocked,855,21.59252777777778
7,S008_blocked_s,blocked,856,21.59252777777778
7,S008_blocked_s,blocked,857,21.59252777777778
7,S008_blocked_s,blocked,858,21.59252777777778
7,S008_blocked_s,blocked,859,21.59252777777778
7,S008_blocked_s,blocked,860,21.687527777777785
7,S008_blocked_s,blocked,861,21.687527777777785
7,S008_blocked_s,blocked,862,21.687527777777785
7,S008_blocked_s,blocked,863,21.687527777777785
7,S008_blocked_s,blocked,864,21.687527777777785
7,S008_blocked_s,blocked,865,21.75252777777779
7,S008_blocked_s,blocked,866,21.75252777777779
7,S008_blocked_s,blocked,867,21.75252777777779
7,S008_blocked_s,blocked,868,21.75252777777779
7,S008_blocked_s,blocked,869,21.75252777777779
7,S008_blocked_s,blocked,870,21.824194444444448
7,S008_blocked_s,blocked,871,21.824194444444448
7,S008_blocked_s,blocked,872,21.824194444444448
7,S008_blocked_s,blocked,873,21.824194444444448
7,S008_blocked_s,blocked,874,21.824194444444448
7,S008_blocked_s,blocked,875,21.89086111111111
7,S008_blocked_s,blocked,876,21.89086111111111
7,S008_blocked_s,blocked,877,21.89086111111111
7,S008_blocked_s,blocked,878,21.89086111111111
7,S008_blocked_s,blocked,879,21.89086111111111
7,S008_blocked_s,blocked,880,21.947527777777776
7,S008_blocked_s,blocked,881,21.947527777777776
7,S008_blocked_s,blocked,882,21.947527777777776
7,S008_blocked_s,blocked,883,21.947527777777776
7,S008_blocked_s,blocked,884,21.947527777777776
7,S008_blocked_s,blocked,885,22.03919444444445
7,S008_blocked_s,blocked,886,22.03919444444445
7,S008_blocked_s,blocked,887,22.03919444444445
7,S008_blocked_s,blocked,888,22.03919444444445
7,S008_blocked_s,blocked,889,22.03919444444445
7,S008_blocked_s,blocked,890,22.112527777777782
7,S008_blocked_s,blocked,891,22.112527777777782
7,S008_blocked_s,blocked,892,22.112527777777782
7,S008_blocked_s,blocked,893,22.112527777777782
7,S008_blocked_s,blocked,894,22.112527777777782
7,S008_blocked_s,blocked,895,22.200861111111113
7,S008_blocked_s,blocked,896,22.200861111111113
7,S008_blocked_s,blocked,897,22.200861111111113
7,S008_blocked_s,blocked,898,22.200861111111113
7,S008_blocked_s,blocked,899,22.200861111111113
7,S008_blocked_s,blocked,900,22.28086111111111
7,S008_blocked_s,blocked,901,22.28086111111111
7,S008_blocked_s,blocked,902,22.28086111111111
7,S008_blocked_s,blocked,903,22.28086111111111
7,S008_blocked_s,blocked,904,22.28086111111111
7,S008_blocked_s,blocked,905,22.35752777777778
7,S008_blocked_s,blocked,906,22.35752777777778
7,S008_blocked_s,blocked,907,22.35752777777778
7,S008_blocked_s,blocked,908,22.35752777777778
7,S008_blocked_s,blocked,909,22.35752777777778
7,S008_blocked_s,blocked,910,22.42752777777778
7,S008_blocked_s,blocked,911,22.42752777777778
7,S008_blocked_s,blocked,912,22.42752777777778
7,S008_blocked_s,blocked,913,22.42752777777778
7,S008_blocked_s,blocked,914,22.42752777777778
7,S008_blocked_s,blocked,915,22.50586111111112
7,S008_blocked_s,blocked,916,22.50586111111112
7,S008_blocked_s,blocked,917,22.50586111111112
7,S008_blocked_s,blocked,918,22.50586111111112
7,S008_blocked_s,blocked,919,22.50586111111112
7,S008_blocked_s,blocked,920,22.572527777777776
7,S008_blocked_s,blocked,921,22.572527777777776
7,S008_blocked_s,blocked,922,22.572527777777776
7,S008_blocked_s,blocked,923,22.572527777777776
7,S008_blocked_s,blocked,924,22.572527777777776
7,S008_blocked_s,blocked,925,22.647527777777785
7,S008_blocked_s,blocked,926,22.647527777777785
7,S008_blocked_s,blocked,927,22.647527777777785
7,S008_blocked_s,blocked,928,22.647527777777785
7,S008_blocked_s,blocked,929,22.647527777777785
7,S008_blocked_s,blocked,930,22.742527777777777
7,S008_blocked_s,blocked,931,22.742527777777777
7,S008_blocked_s,blocked,932,22.742527777777777
7,S008_blocked_s,blocked,933,22.742527777777777
7,S008_blocked_s,blocked,934,22.742527777777777
7,S008_blocked_s,blocked,935,22.820861111111117
7,S008_blocked_s,blocked,936,22.820861111111117
7,S008_blocked_s,blocked,937,22.820861111111117
7,S008_blocked_s,blocked,938,22.820861111111117
7,S008_blocked_s,blocked,939,22.820861111111117
7,S008_blocked_s,blocked,940,22.90586111111112
7,S008_blocked_s,blocked,941,22.90586111111112
7,S008_blocked_s,blocked,942,22.90586111111112
7,S008_blocked_s,blocked,943,22.90586111111112
7,S008_blocked_s,blocked,944,22.90586111111112
7,S008_blocked_s,blocked,945,22.95086111111112
7,S008_blocked_s,blocked,946,22.95086111111112
7,S008_blocked_s,blocked,947,22.95086111111112
7,S008_blocked_s,blocked,948,22.95086111111112
7,S008_blocked_s,blocked,949,22.95086111111112
7,S008_blocked_s,blocked,950,23.014194444444453
7,S008_blocked_s,blocked,951,23.014194444444453
7,S008_blocked_s,blocked,952,23.014194444444453
7,S008_blocked_s,blocked,953,23.014194444444453
7,S008_blocked_s,blocked,954,23.014194444444453
7,S008_blocked_s,blocked,955,23.080861111111123
7,S008_blocked_s,blocked,956,23.080861111111123
7,S008_blocked_s,blocked,957,23.080861111111123
7,S008_blocked_s,blocked,958,23.080861111111123
7,S008_blocked_s,blocked,959,23.080861111111123
7,S008_blocked_s,blocked,960,23.139194444444453
7,S008_blocked_s,blocked,961,23.139194444444453
7,S008_blocked_s,blocked,962,23.139194444444453
7,S008_blocked_s,blocked,963,23.139194444444453
7,S008_blocked_s,blocked,964,23.139194444444453
7,S008_blocked_s,blocked,965,23.197527777777783
7,S008_blocked_s,blocked,966,23.197527777777783
7,S008_blocked_s,blocked,967,23.197527777777783
7,S008_blocked_s,blocked,968,23.197527777777783
7,S008_blocked_s,blocked,969,23.197527777777783
7,S008_blocked_s,blocked,970,23.260861111111122
7,S008_blocked_s,blocked,971,23.260861111111122
7,S008_blocked_s,blocked,972,23.260861111111122
7,S008_blocked_s,blocked,973,23.260861111111122
7,S008_blocked_s,blocked,974,23.260861111111122
7,S008_blocked_s,blocked,975,23.332527777777788
7,S008_blocked_s,blocked,976,23.332527777777788
7,S008_blocked_s,blocked,977,23.332527777777788
7,S008_blocked_s,blocked,978,23.332527777777788
7,S008_blocked_s,blocked,979,23.332527777777788
7,S008_blocked_s,blocked,980,23.382527777777785
7,S008_blocked_s,blocked,981,23.382527777777785
7,S008_blocked_s,blocked,982,23.382527777777785
7,S008_blocked_s,blocked,983,23.382527777777785
7,S008_blocked_s,blocked,984,23.382527777777785
7,S008_blocked_s,blocked,985,23.430861111111117
7,S008_blocked_s,blocked,986,23.430861111111117
7,S008_blocked_s,blocked,987,23.430861111111117
7,S008_blocked_s,blocked,988,23.430861111111117
7,S008_blocked_s,blocked,989,23.430861111111117
7,S008_blocked_s,blocked,990,23.46086111111111
7,S008_blocked_s,blocked,991,23.46086111111111
7,S008_blocked_s,blocked,992,23.46086111111111
7,S008_blocked_s,blocked,993,23.46086111111111
7,S008_blocked_s,blocked,994,23.46086111111111
7,S008_blocked_s,blocked,995,23.499194444444445
7,S008_blocked_s,blocked,996,23.499194444444445
7,S008_blocked_s,blocked,997,23.499194444444445
7,S008_blocked_s,blocked,998,23.499194444444445
7,S008_blocked_s,blocked,999,23.499194444444445
7,S008_blocked_s,blocked,1000,23.545861111111112
7,S008_blocked_s,blocked,1001,23.545861111111112
7,S008_blocked_s,blocked,1002,23.545861111111112
7,S008_blocked_s,blocked,1003,23.545861111111112
7,S008_blocked_s,blocked,1004,23.545861111111112
7,S008_blocked_s,blocked,1005,23.597527777777774
7,S008_blocked_s,blocked,1006,23.597527777777774
7,S008_blocked_s,blocked,1007,23.597527777777774
7,S008_blocked_s,blocked,1008,23.597527777777774
7,S008_blocked_s,blocked,1009,23.597527777777774
7,S008_blocked_s,blocked,1010,23.650861111111123
7,S008_blocked_s,blocked,1011,23.650861111111123
7,S008_blocked_s,blocked,1012,23.650861111111123
7,S008_blocked_s,blocked,1013,23.650861111111123
7,S008_blocked_s,blocked,1014,23.650861111111123
7,S008_blocked_s,blocked,1015,23.704194444444443
7,S008_blocked_s,blocked,1016,23.704194444444443
7,S008_blocked_s,blocked,1017,23.704194444444443
7,S008_blocked_s,blocked,1018,23.704194444444443
7,S008_blocked_s,blocked,1019,23.704194444444443
7,S008_blocked_s,blocked,1020,23.759194444444457
7,S008_blocked_s,blocked,1021,23.759194444444457
7,S008_blocked_s,blocked,1022,23.759194444444457
7,S008_blocked_s,blocked,1023,23.759194444444457
7,S008_blocked_s,blocked,1024,23.759194444444457
7,S008_blocked_s,blocked,1025,23.820861111111117
7,S008_blocked_s,blocked,1026,23.820861111111117
7,S008_blocked_s,blocked,1027,23.820861111111117
7,S008_blocked_s,blocked,1028,23.820861111111117
7,S008_blocked_s,blocked,1029,23.820861111111117
7,S008_blocked_s,blocked,1030,23.88252777777777
7,S008_blocked_s,blocked,1031,23.88252777777777
7,S008_blocked_s,blocked,1032,23.88252777777777
7,S008_blocked_s,blocked,1033,23.88252777777777
7,S008_blocked_s,blocked,1034,23.88252777777777
7,S008_blocked_s,blocked,1035,23.904194444444453
7,S008_blocked_s,blocked,1036,23.904194444444453
7,S008_blocked_s,blocked,1037,23.904194444444453
7,S008_blocked_s,blocked,1038,23.904194444444453
7,S008_blocked_s,blocked,1039,23.904194444444453
7,S008_blocked_s,blocked,1040,23.955861111111115
7,S008_blocked_s,blocked,1041,23.955861111111115
7,S008_blocked_s,blocked,1042,23.955861111111115
7,S008_blocked_s,blocked,1043,23.955861111111115
7,S008_blocked_s,blocked,1044,23.955861111111115
7,S008_blocked_s,blocked,1045,24.009194444444464
7,S008_blocked_s,blocked,1046,24.009194444444464
7,S008_blocked_s,blocked,1047,24.009194444444464
7,S008_blocked_s,blocked,1048,24.009194444444464
7,S008_blocked_s,blocked,1049,24.009194444444464
7,S008_blocked_s,blocked,1050,24.070861111111117
7,S008_blocked_s,blocked,1051,24.070861111111117
7,S008_blocked_s,blocked,1052,24.070861111111117
7,S008_blocked_s,blocked,1053,24.070861111111117
7,S008_blocked_s,blocked,1054,24.070861111111117
7,S008_blocked_s,blocked,1055,24.135861111111122
7,S008_blocked_s,blocked,1056,24.135861111111122
7,S008_blocked_s,blocked,1057,24.135861111111122
7,S008_blocked_s,blocked,1058,24.135861111111122
7,S008_blocked_s,blocked,1059,24.135861111111122
7,S008_blocked_s,blocked,1060,24.20419444444445
7,S008_blocked_s,blocked,1061,24.20419444444445
7,S008_blocked_s,blocked,1062,24.20419444444445
7,S008_blocked_s,blocked,1063,24.20419444444445
7,S008_blocked_s,blocked,1064,24.20419444444445
7,S008_blocked_s,blocked,1065,24.267527777777783
7,S008_blocked_s,blocked,1066,24.267527777777783
7,S008_blocked_s,blocked,1067,24.267527777777783
7,S008_blocked_s,blocked,1068,24.267527777777783
7,S008_blocked_s,blocked,1069,24.267527777777783
7,S008_blocked_s,blocked,1070,24.310861111111112
7,S008_blocked_s,blocked,1071,24.310861111111112
7,S008_blocked_s,blocked,1072,24.310861111111112
7,S008_blocked_s,blocked,1073,24.310861111111112
7,S008_blocked_s,blocked,1074,24.310861111111112
7,S008_blocked_s,blocked,1075,24.335861111111125
7,S008_blocked_s,blocked,1076,24.335861111111125
7,S008_blocked_s,blocked,1077,24.335861111111125
7,S008_blocked_s,blocked,1078,24.335861111111125
7,S008_blocked_s,blocked,1079,24.335861111111125
7,S008_blocked_s,blocked,1080,24.37586111111111
7,S008_blocked_s,blocked,1081,24.37586111111111
7,S008_blocked_s,blocked,1082,24.37586111111111
7,S008_blocked_s,blocked,1083,24.37586111111111
7,S008_blocked_s,blocked,1084,24.37586111111111
7,S008_blocked_s,blocked,1085,24.40586111111112
7,S008_blocked_s,blocked,1086,24.40586111111112
7,S008_blocked_s,blocked,1087,24.40586111111112
7,S008_blocked_s,blocked,1088,24.40586111111112
7,S008_blocked_s,blocked,1089,24.40586111111112
7,S008_blocked_s,blocked,1090,24.434194444444447
7,S008_blocked_s,blocked,1091,24.434194444444447
7,S008_blocked_s,blocked,1092,24.434194444444447
7,S008_blocked_s,blocked,1093,24.434194444444447
7,S008_blocked_s,blocked,1094,24.434194444444447
7,S008_blocked_s,blocked,1095,24.47919444444445
7,S008_blocked_s,blocked,1096,24.47919444444445
7,S008_blocked_s,blocked,1097,24.47919444444445
7,S008_blocked_s,blocked,1098,24.47919444444445
7,S008_blocked_s,blocked,1099,24.47919444444445
7,S008_blocked_s,blocked,1100,24.532527777777783
7,S008_blocked_s,blocked,1101,24.532527777777783
7,S008_blocked_s,blocked,1102,24.532527777777783
7,S008_blocked_s,blocked,1103,24.532527777777783
7,S008_blocked_s,blocked,1104,24.532527777777783
7,S008_blocked_s,blocked,1105,24.587527777777783
7,S008_blocked_s,blocked,1106,24.587527777777783
7,S008_blocked_s,blocked,1107,24.587527777777783
7,S008_blocked_s,blocked,1108,24.587527777777783
7,S008_blocked_s,blocked,1109,24.587527777777783
7,S008_blocked_s,blocked,1110,24.612527777777782
7,S008_blocked_s,blocked,1111,24.612527777777782
7,S008_blocked_s,blocked,1112,24.612527777777782
7,S008_blocked_s,blocked,1113,24.612527777777782
7,S008_blocked_s,blocked,1114,24.612527777777782
7,S008_blocked_s,blocked,1115,24.67086111111112
7,S008_blocked_s,blocked,1116,24.67086111111112
7,S008_blocked_s,blocked,1117,24.67086111111112
7,S008_blocked_s,blocked,1118,24.67086111111112
7,S008_blocked_s,blocked,1119,24.67086111111112
7,S008_blocked_s,blocked,1120,24.699194444444455
7,S008_blocked_s,blocked,1121,24.699194444444455
7,S008_blocked_s,blocked,1122,24.699194444444455
7,S008_blocked_s,blocked,1123,24.699194444444455
7,S008_blocked_s,blocked,1124,24.699194444444455
7,S008_blocked_s,blocked,1125,24.732527777777772
7,S008_blocked_s,blocked,1126,24.732527777777772
7,S008_blocked_s,blocked,1127,24.732527777777772
7,S008_blocked_s,blocked,1128,24.732527777777772
7,S008_blocked_s,blocked,1129,24.732527777777772
7,S008_blocked_s,blocked,1130,24.765861111111118
7,S008_blocked_s,blocked,1131,24.765861111111118
7,S008_blocked_s,blocked,1132,24.765861111111118
7,S008_blocked_s,blocked,1133,24.765861111111118
7,S008_blocked_s,blocked,1134,24.765861111111118
7,S008_blocked_s,blocked,1135,24.82586111111112
7,S008_blocked_s,blocked,1136,24.82586111111112
7,S008_blocked_s,blocked,1137,24.82586111111112
7,S008_blocked_s,blocked,1138,24.82586111111112
7,S008_blocked_s,blocked,1139,24.82586111111112
7,S008_blocked_s,blocked,1140,24.857527777777772
7,S008_blocked_s,blocked,1141,24.857527777777772
7,S008_blocked_s,blocked,1142,24.857527777777772
7,S008_blocked_s,blocked,1143,24.857527777777772
7,S008_blocked_s,blocked,1144,24.857527777777772
7,S008_blocked_s,blocked,1145,24.91752777777778
7,S008_blocked_s,blocked,1146,24.91752777777778
7,S008_blocked_s,blocked,1147,24.91752777777778
7,S008_blocked_s,blocked,1148,24.91752777777778
7,S008_blocked_s,blocked,1149,24.91752777777778
7,S008_blocked_s,blocked,1150,24.96419444444445
7,S008_blocked_s,blocked,1151,24.96419444444445
7,S008_blocked_s,blocked,1152,24.96419444444445
7,S008_blocked_s,blocked,1153,24.96419444444445
7,S008_blocked_s,blocked,1154,24.96419444444445
7,S008_blocked_s,blocked,1155,25.02252777777778
7,S008_blocked_s,blocked,1156,25.02252777777778
7,S008_blocked_s,blocked,1157,25.02252777777778
7,S008_blocked_s,blocked,1158,25.02252777777778
7,S008_blocked_s,blocked,1159,25.02252777777778
7,S008_blocked_s,blocked,1160,25.075861111111106
7,S008_blocked_s,blocked,1161,25.075861111111106
7,S008_blocked_s,blocked,1162,25.075861111111106
7,S008_blocked_s,blocked,1163,25.075861111111106
7,S008_blocked_s,blocked,1164,25.075861111111106
7,S008_blocked_s,blocked,1165,25.08919444444445
7,S008_blocked_s,blocked,1166,25.08919444444445
7,S008_blocked_s,blocked,1167,25.08919444444445
7,S008_blocked_s,blocked,1168,25.08919444444445
7,S008_blocked_s,blocked,1169,25.08919444444445
7,S008_blocked_s,blocked,1170,25.147527777777785
7,S008_blocked_s,blocked,1171,25.147527777777785
7,S008_blocked_s,blocked,1172,25.147527777777785
7,S008_blocked_s,blocked,1173,25.147527777777785
7,S008_blocked_s,blocked,1174,25.147527777777785
7,S008_blocked_s,blocked,1175,25.152527777777788
7,S008_blocked_s,blocked,1176,25.152527777777788
7,S008_blocked_s,blocked,1177,25.152527777777788
7,S008_blocked_s,blocked,1178,25.152527777777788
7,S008_blocked_s,blocked,1179,25.152527777777788
7,S008_blocked_s,blocked,1180,25.145861111111113
7,S008_blocked_s,blocked,1181,25.145861111111113
7,S008_blocked_s,blocked,1182,25.145861111111113
7,S008_blocked_s,blocked,1183,25.145861111111113
7,S008_blocked_s,blocked,1184,25.145861111111113
7,S008_blocked_s,blocked,1185,25.117527777777777
7,S008_blocked_s,blocked,1186,25.117527777777777
7,S008_blocked_s,blocked,1187,25.117527777777777
7,S008_blocked_s,blocked,1188,25.117527777777777
7,S008_blocked_s,blocked,1189,25.117527777777777
7,S008_blocked_s,blocked,1190,25.080861111111115
7,S008_blocked_s,blocked,1191,25.080861111111115
7,S008_blocked_s,blocked,1192,25.080861111111115
7,S008_blocked_s,blocked,1193,25.080861111111115
7,S008_blocked_s,blocked,1194,25.080861111111115
7,S008_blocked_s,blocked,1195,25.04252777777778
7,S008_blocked_s,blocked,1196,25.04252777777778
7,S008_blocked_s,blocked,1197,25.04252777777778
7,S008_blocked_s,blocked,1198,25.04252777777778
7,S008_blocked_s,blocked,1199,25.04252777777778
7,S008_blocked_s,blocked,1200,25.01252777777778
7,S008_blocked_s,blocked,1201,25.01252777777778
7,S008_blocked_s,blocked,1202,25.01252777777778
7,S008_blocked_s,blocked,1203,25.01252777777778
7,S008_blocked_s,blocked,1204,25.01252777777778
7,S008_blocked_s,blocked,1205,24.90586111111111
7,S008_blocked_s,blocked,1206,24.90586111111111
7,S008_blocked_s,blocked,1207,24.90586111111111
7,S008_blocked_s,blocked,1208,24.90586111111111
7,S008_blocked_s,blocked,1209,24.90586111111111
7,S008_blocked_s,blocked,1210,24.79919444444445
7,S008_blocked_s,blocked,1211,24.79919444444445
7,S008_blocked_s,blocked,1212,24.79919444444445
7,S008_blocked_s,blocked,1213,24.79919444444445
7,S008_blocked_s,blocked,1214,24.79919444444445
7,S008_blocked_s,blocked,1215,24.67086111111112
7,S008_blocked_s,blocked,1216,24.67086111111112
7,S008_blocked_s,blocked,1217,24.67086111111112
7,S008_blocked_s,blocked,1218,24.67086111111112
7,S008_blocked_s,blocked,1219,24.67086111111112
7,S008_blocked_s,blocked,1220,24.507527777777785
7,S008_blocked_s,blocked,1221,24.507527777777785
7,S008_blocked_s,blocked,1222,24.507527777777785
7,S008_blocked_s,blocked,1223,24.507527777777785
7,S008_blocked_s,blocked,1224,24.507527777777785
7,S008_blocked_s,blocked,1225,24.38086111111112
7,S008_blocked_s,blocked,1226,24.38086111111112
7,S008_blocked_s,blocked,1227,24.38086111111112
7,S008_blocked_s,blocked,1228,24.38086111111112
7,S008_blocked_s,blocked,1229,24.38086111111112
7,S008_blocked_s,blocked,1230,24.200861111111113
7,S008_blocked_s,blocked,1231,24.200861111111113
7,S008_blocked_s,blocked,1232,24.200861111111113
7,S008_blocked_s,blocked,1233,24.200861111111113
7,S008_blocked_s,blocked,1234,24.200861111111113
7,S008_blocked_s,blocked,1235,24.03252777777779
7,S008_blocked_s,blocked,1236,24.03252777777779
7,S008_blocked_s,blocked,1237,24.03252777777779
7,S008_blocked_s,blocked,1238,24.03252777777779
7,S008_blocked_s,blocked,1239,24.03252777777779
7,S008_blocked_s,blocked,1240,23.859194444444444
7,S008_blocked_s,blocked,1241,23.859194444444444
7,S008_blocked_s,blocked,1242,23.859194444444444
7,S008_blocked_s,blocked,1243,23.859194444444444
7,S008_blocked_s,blocked,1244,23.859194444444444
7,S008_blocked_s,blocked,1245,23.712527777777776
7,S008_blocked_s,blocked,1246,23.712527777777776
7,S008_blocked_s,blocked,1247,23.712527777777776
7,S008_blocked_s,blocked,1248,23.712527777777776
7,S008_blocked_s,blocked,1249,23.712527777777776
7,S008_blocked_s,blocked,1250,23.550861111111114
7,S008_blocked_s,blocked,1251,23.550861111111114
7,S008_blocked_s,blocked,1252,23.550861111111114
7,S008_blocked_s,blocked,1253,23.550861111111114
7,S008_blocked_s,blocked,1254,23.550861111111114
7,S008_blocked_s,blocked,1255,23.337527777777776
7,S008_blocked_s,blocked,1256,23.337527777777776
7,S008_blocked_s,blocked,1257,23.337527777777776
7,S008_blocked_s,blocked,1258,23.337527777777776
7,S008_blocked_s,blocked,1259,23.337527777777776
7,S008_blocked_s,blocked,1260,23.140861111111118
7,S008_blocked_s,blocked,1261,23.140861111111118
7,S008_blocked_s,blocked,1262,23.140861111111118
7,S008_blocked_s,blocked,1263,23.140861111111118
7,S008_blocked_s,blocked,1264,23.140861111111118
7,S008_blocked_s,blocked,1265,22.969194444444444
7,S008_blocked_s,blocked,1266,22.969194444444444
7,S008_blocked_s,blocked,1267,22.969194444444444
7,S008_blocked_s,blocked,1268,22.969194444444444
7,S008_blocked_s,blocked,1269,22.969194444444444
7,S008_blocked_s,blocked,1270,22.80586111111111
7,S008_blocked_s,blocked,1271,22.80586111111111
7,S008_blocked_s,blocked,1272,22.80586111111111
7,S008_blocked_s,blocked,1273,22.80586111111111
7,S008_blocked_s,blocked,1274,22.80586111111111
7,S008_blocked_s,blocked,1275,22.629194444444455
7,S008_blocked_s,blocked,1276,22.629194444444455
7,S008_blocked_s,blocked,1277,22.629194444444455
7,S008_blocked_s,blocked,1278,22.629194444444455
7,S008_blocked_s,blocked,1279,22.629194444444455
7,S008_blocked_s,blocked,1280,22.472527777777774
7,S008_blocked_s,blocked,1281,22.472527777777774
7,S008_blocked_s,blocked,1282,22.472527777777774
7,S008_blocked_s,blocked,1283,22.472527777777774
7,S008_blocked_s,blocked,1284,22.472527777777774
7,S008_blocked_s,blocked,1285,22.277527777777788
7,S008_blocked_s,blocked,1286,22.277527777777788
7,S008_blocked_s,blocked,1287,22.277527777777788
7,S008_blocked_s,blocked,1288,22.277527777777788
7,S008_blocked_s,blocked,1289,22.277527777777788
7,S008_blocked_s,blocked,1290,22.095861111111116
7,S008_blocked_s,blocked,1291,22.095861111111116
7,S008_blocked_s,blocked,1292,22.095861111111116
7,S008_blocked_s,blocked,1293,22.095861111111116
7,S008_blocked_s,blocked,1294,22.095861111111116
7,S008_blocked_s,blocked,1295,21.919194444444447
7,S008_blocked_s,blocked,1296,21.919194444444447
7,S008_blocked_s,blocked,1297,21.919194444444447
7,S008_blocked_s,blocked,1298,21.919194444444447
7,S008_blocked_s,blocked,1299,21.919194444444447
7,S008_blocked_s,blocked,1300,21.737527777777775
7,S008_blocked_s,blocked,1301,21.737527777777775
7,S008_blocked_s,blocked,1302,21.737527777777775
7,S008_blocked_s,blocked,1303,21.737527777777775
7,S008_blocked_s,blocked,1304,21.737527777777775
7,S008_blocked_s,blocked,1305,21.55919444444444
7,S008_blocked_s,blocked,1306,21.55919444444444
7,S008_blocked_s,blocked,1307,21.55919444444444
7,S008_blocked_s,blocked,1308,21.55919444444444
7,S008_blocked_s,blocked,1309,21.55919444444444
7,S008_blocked_s,blocked,1310,21.374194444444445
7,S008_blocked_s,blocked,1311,21.374194444444445
7,S008_blocked_s,blocked,1312,21.374194444444445
7,S008_blocked_s,blocked,1313,21.374194444444445
7,S008_blocked_s,blocked,1314,21.374194444444445
7,S008_blocked_s,blocked,1315,21.23419444444445
7,S008_blocked_s,blocked,1316,21.23419444444445
7,S008_blocked_s,blocked,1317,21.23419444444445
7,S008_blocked_s,blocked,1318,21.23419444444445
7,S008_blocked_s,blocked,1319,21.23419444444445
7,S008_blocked_s,blocked,1320,21.08586111111111
7,S008_blocked_s,blocked,1321,21.08586111111111
7,S008_blocked_s,blocked,1322,21.08586111111111
7,S008_blocked_s,blocked,1323,21.08586111111111
7,S008_blocked_s,blocked,1324,21.08586111111111
7,S008_blocked_s,blocked,1325,20.92919444444445
7,S008_blocked_s,blocked,1326,20.92919444444445
7,S008_blocked_s,blocked,1327,20.92919444444445
7,S008_blocked_s,blocked,1328,20.92919444444445
7,S008_blocked_s,blocked,1329,20.92919444444445
7,S008_blocked_s,blocked,1330,20.74752777777778
7,S008_blocked_s,blocked,1331,20.74752777777778
7,S008_blocked_s,blocked,1332,20.74752777777778
7,S008_blocked_s,blocked,1333,20.74752777777778
7,S008_blocked_s,blocked,1334,20.74752777777778
7,S008_blocked_s,blocked,1335,20.569194444444445
7,S008_blocked_s,blocked,1336,20.569194444444445
7,S008_blocked_s,blocked,1337,20.569194444444445
7,S008_blocked_s,blocked,1338,20.569194444444445
7,S008_blocked_s,blocked,1339,20.569194444444445
7,S008_blocked_s,blocked,1340,20.39086111111111
7,S008_blocked_s,blocked,1341,20.39086111111111
7,S008_blocked_s,blocked,1342,20.39086111111111
7,S008_blocked_s,blocked,1343,20.39086111111111
7,S008_blocked_s,blocked,1344,20.39086111111111
7,S008_blocked_s,blocked,1345,20.22752777777777
7,S008_blocked_s,blocked,1346,20.22752777777777
7,S008_blocked_s,blocked,1347,20.22752777777777
7,S008_blocked_s,blocked,1348,20.22752777777777
7,S008_blocked_s,blocked,1349,20.22752777777777
7,S008_blocked_s,blocked,1350,20.072527777777776
7,S008_blocked_s,blocked,1351,20.072527777777776
7,S008_blocked_s,blocked,1352,20.072527777777776
7,S008_blocked_s,blocked,1353,20.072527777777776
7,S008_blocked_s,blocked,1354,20.072527777777776
7,S008_blocked_s,blocked,1355,19.907527777777783
7,S008_blocked_s,blocked,1356,19.907527777777783
7,S008_blocked_s,blocked,1357,19.907527777777783
7,S008_blocked_s,blocked,1358,19.907527777777783
7,S008_blocked_s,blocked,1359,19.907527777777783
7,S008_blocked_s,blocked,1360,19.772527777777785
7,S008_blocked_s,blocked,1361,19.772527777777785
7,S008_blocked_s,blocked,1362,19.772527777777785
7,S008_blocked_s,blocked,1363,19.772527777777785
7,S008_blocked_s,blocked,1364,19.772527777777785
7,S008_blocked_s,blocked,1365,19.609194444444444
7,S008_blocked_s,blocked,1366,19.609194444444444
7,S008_blocked_s,blocked,1367,19.609194444444444
7,S008_blocked_s,blocked,1368,19.609194444444444
7,S008_blocked_s,blocked,1369,19.609194444444444
7,S008_blocked_s,blocked,1370,19.472527777777774
7,S008_blocked_s,blocked,1371,19.472527777777774
7,S008_blocked_s,blocked,1372,19.472527777777774
7,S008_blocked_s,blocked,1373,19.472527777777774
7,S008_blocked_s,blocked,1374,19.472527777777774
7,S008_blocked_s,blocked,1375,19.305861111111117
7,S008_blocked_s,blocked,1376,19.305861111111117
7,S008_blocked_s,blocked,1377,19.305861111111117
7,S008_blocked_s,blocked,1378,19.305861111111117
7,S008_blocked_s,blocked,1379,19.305861111111117
7,S008_blocked_s,blocked,1380,19.147527777777793
7,S008_blocked_s,blocked,1381,19.147527777777793
7,S008_blocked_s,blocked,1382,19.147527777777793
7,S008_blocked_s,blocked,1383,19.147527777777793
7,S008_blocked_s,blocked,1384,19.147527777777793
7,S008_blocked_s,blocked,1385,19.005861111111127
7,S008_blocked_s,blocked,1386,19.005861111111127
7,S008_blocked_s,blocked,1387,19.005861111111127
7,S008_blocked_s,blocked,1388,19.005861111111127
7,S008_blocked_s,blocked,1389,19.005861111111127
7,S008_blocked_s,blocked,1390,18.885861111111122
7,S008_blocked_s,blocked,1391,18.885861111111122
7,S008_blocked_s,blocked,1392,18.885861111111122
7,S008_blocked_s,blocked,1393,18.885861111111122
7,S008_blocked_s,blocked,1394,18.885861111111122
7,S008_blocked_s,blocked,1395,18.755861111111106
7,S008_blocked_s,blocked,1396,18.755861111111106
7,S008_blocked_s,blocked,1397,18.755861111111106
7,S008_blocked_s,blocked,1398,18.755861111111106
7,S008_blocked_s,blocked,1399,18.755861111111106
7,S008_blocked_s,blocked,1400,18.612527777777768
7,S008_blocked_s,blocked,1401,18.612527777777768
7,S008_blocked_s,blocked,1402,18.612527777777768
7,S008_blocked_s,blocked,1403,18.612527777777768
7,S008_blocked_s,blocked,1404,18.612527777777768
7,S008_blocked_s,blocked,1405,18.480861111111107
7,S008_blocked_s,blocked,1406,18.480861111111107
7,S008_blocked_s,blocked,1407,18.480861111111107
7,S008_blocked_s,blocked,1408,18.480861111111107
7,S008_blocked_s,blocked,1409,18.480861111111107
7,S008_blocked_s,blocked,1410,18.337527777777783
7,S008_blocked_s,blocked,1411,18.337527777777783
7,S008_blocked_s,blocked,1412,18.337527777777783
7,S008_blocked_s,blocked,1413,18.337527777777783
7,S008_blocked_s,blocked,1414,18.337527777777783
7,S008_blocked_s,blocked,1415,18.204194444444436
7,S008_blocked_s,blocked,1416,18.204194444444436
7,S008_blocked_s,blocked,1417,18.204194444444436
7,S008_blocked_s,blocked,1418,18.204194444444436
7,S008_blocked_s,blocked,1419,18.204194444444436
7,S008_blocked_s,blocked,1420,18.064194444444457
7,S008_blocked_s,blocked,1421,18.064194444444457
7,S008_blocked_s,blocked,1422,18.064194444444457
7,S008_blocked_s,blocked,1423,18.064194444444457
7,S008_blocked_s,blocked,1424,18.064194444444457
7,S008_blocked_s,blocked,1425,17.92752777777778
7,S008_blocked_s,blocked,1426,17.92752777777778
7,S008_blocked_s,blocked,1427,17.92752777777778
7,S008_blocked_s,blocked,1428,17.92752777777778
7,S008_blocked_s,blocked,1429,17.92752777777778
7,S008_blocked_s,blocked,1430,17.78419444444445
7,S008_blocked_s,blocked,1431,17.78419444444445
7,S008_blocked_s,blocked,1432,17.78419444444445
7,S008_blocked_s,blocked,1433,17.78419444444445
7,S008_blocked_s,blocked,1434,17.78419444444445
7,S008_blocked_s,blocked,1435,17.662527777777786
7,S008_blocked_s,blocked,1436,17.662527777777786
7,S008_blocked_s,blocked,1437,17.662527777777786
7,S008_blocked_s,blocked,1438,17.662527777777786
7,S008_blocked_s,blocked,1439,17.662527777777786
7,S008_blocked_s,blocked,1440,17.50586111111112
7,S008_blocked_s,blocked,1441,17.50586111111112
7,S008_blocked_s,blocked,1442,17.50586111111112
7,S008_blocked_s,blocked,1443,17.50586111111112
7,S008_blocked_s,blocked,1444,17.50586111111112
7,S008_blocked_s,blocked,1445,17.344194444444458
7,S008_blocked_s,blocked,1446,17.344194444444458
7,S008_blocked_s,blocked,1447,17.344194444444458
7,S008_blocked_s,blocked,1448,17.344194444444458
7,S008_blocked_s,blocked,1449,17.344194444444458
7,S008_blocked_s,blocked,1450,17.19586111111111
7,S008_blocked_s,blocked,1451,17.19586111111111
7,S008_blocked_s,blocked,1452,17.19586111111111
7,S008_blocked_s,blocked,1453,17.19586111111111
7,S008_blocked_s,blocked,1454,17.19586111111111
7,S008_blocked_s,blocked,1455,17.040861111111116
7,S008_blocked_s,blocked,1456,17.040861111111116
7,S008_blocked_s,blocked,1457,17.040861111111116
7,S008_blocked_s,blocked,1458,17.040861111111116
7,S008_blocked_s,blocked,1459,17.040861111111116
7,S008_blocked_s,blocked,1460,16.91419444444446
7,S008_blocked_s,blocked,1461,16.91419444444446
7,S008_blocked_s,blocked,1462,16.91419444444446
7,S008_blocked_s,blocked,1463,16.91419444444446
7,S008_blocked_s,blocked,1464,16.91419444444446
7,S008_blocked_s,blocked,1465,16.779194444444446
7,S008_blocked_s,blocked,1466,16.779194444444446
7,S008_blocked_s,blocked,1467,16.779194444444446
7,S008_blocked_s,blocked,1468,16.779194444444446
7,S008_blocked_s,blocked,1469,16.779194444444446
7,S008_blocked_s,blocked,1470,16.779194444444446
7,S008_blocked_s,blocked,1471,16.779194444444446
7,S008_blocked_s,blocked,1472,16.779194444444446
7,S008_blocked_s,blocked,1473,16.779194444444446
7,S008_blocked_s,blocked,1474,16.779194444444446
7,S008_blocked_s,blocked,1475,16.779194444444446
7,S008_blocked_s,blocked,1476,16.779194444444446
7,S008_blocked_s,blocked,1477,16.779194444444446
7,S008_blocked_s,blocked,1478,16.779194444444446
7,S008_blocked_s,blocked,1479,16.779194444444446
7,S008_blocked_s,blocked,1480,16.779194444444446
7,S008_blocked_s,blocked,1481,16.779194444444446
7,S008_blocked_s,blocked,1482,16.779194444444446
7,S008_blocked_s,blocked,1483,16.779194444444446
7,S008_blocked_s,blocked,1484,16.779194444444446
7,S008_blocked_s,blocked,1485,16.779194444444446
7,S008_blocked_s,blocked,1486,16.779194444444446
7,S008_blocked_s,blocked,1487,16.779194444444446
7,S008_blocked_s,blocked,1488,16.779194444444446
7,S008_blocked_s,blocked,1489,16.779194444444446
7,S008_blocked_s,blocked,1490,16.779194444444446
7,S008_blocked_s,blocked,1491,16.779194444444446
7,S008_blocked_s,blocked,1492,16.779194444444446
7,S008_blocked_s,blocked,1493,16.779194444444446
7,S008_blocked_s,blocked,1494,16.779194444444446
7,S008_blocked_s,blocked,1495,16.779194444444446
7,S008_blocked_s,blocked,1496,16.779194444444446
7,S008_blocked_s,blocked,1497,16.779194444444446
7,S008_blocked_s,blocked,1498,16.779194444444446
7,S008_blocked_s,blocked,1499,16.779194444444446
